year,date,time,station,lat,lon,subregion,doy,obs_maxdep,obs_surfT,obs_surfS,obs_botT,obs_botS,bc_surfT,bc_surfS,bc_botT,bc_botS,bc_src,model_surfT,model_surfS,model_botT,model_botS,model_src,bc_surfT_bias,bc_surfS_bias,bc_botT_bias,bc_botS_bias,model_surfT_bias,model_surfS_bias,model_botT_bias,model_botS_bias
1991,1991-08-13,1004,OA45,-32.077944,115.616997,NW,225,20.196971893310547,17.80059242248535,35.1888542175293,17.5832462310791,35.171722412109375,18.221,35.406499999999994,18.252,35.407,roms,16.51163101196289,35.278812408447266,16.01717758178711,35.35943984985352,fv,0.4204075775146449,0.2176457824706972,0.6687537689208973,0.2352775878906214,-1.288961410522461,0.0899581909179687,-1.5660686492919922,0.1877174377441406
1991,1991-08-13,1015,OA50,-32.099116,115.616996,NW,225,17.52924346923828,17.668277740478516,35.20503616333008,17.40998077392578,35.16676712036133,18.221,35.406499999999994,18.252,35.407,roms,16.29868507385254,35.18217086791992,15.908927735709495,35.35841726196586,fv,0.5527222595214809,0.2014638366699159,0.8420192260742176,0.2402328796386683,-1.3695926666259766,-0.0228652954101562,-1.501053038216284,0.1916501416045335
1991,1991-08-14,944,OA45,-32.077944,115.616997,NW,226,19.44607162475586,17.39543342590332,35.18994140625,17.341310501098633,35.20771026611328,18.186,35.3925,18.223,35.397,roms,16.5726261138916,35.35453414916992,16.09122565627568,35.36489391715035,fv,0.7905665740966796,0.2025585937499983,0.8816894989013662,0.1892897338867172,-0.8228073120117188,0.1645927429199218,-1.250084844822954,0.1571836510370658
1991,1991-08-14,955,OA50,-32.099116,115.616996,NW,226,18.408985137939453,17.419681549072266,35.18627166748047,17.500696182250977,35.230712890625,18.186,35.3925,18.223,35.397,roms,16.277456283569336,35.253662109375,15.88091278076172,35.34330749511719,fv,0.7663184509277343,0.2062283325195295,0.7223038177490224,0.1662871093749984,-1.1422252655029297,0.0673904418945312,-1.6197834014892578,0.1125946044921875
1991,1991-08-18,926,OA45,-32.077944,115.616997,NW,230,15.94168186187744,18.71359062194824,35.38542938232422,18.719316482543945,35.388397216796875,17.935499999999998,35.4055,17.95,35.406,roms,17.58171844482422,35.378177642822266,17.593196711979544,35.37623224206254,fv,-0.7780906219482446,0.0200706176757776,-0.769316482543946,0.0176027832031238,-1.1318721771240234,-0.0072517395019531,-1.1261197705644008,-0.0121649747343326
1991,1991-08-18,938,OA50,-32.099116,115.616996,NW,230,14.16306972503662,18.50470352172852,35.343658447265625,18.490524291992188,35.354637145996094,17.935499999999998,35.4055,17.95,35.406,roms,17.599807739257812,35.37273025512695,17.612580964905646,35.371456228567695,fv,-0.5692035217285181,0.0618415527343714,-0.5405242919921882,0.051362854003905,-0.9048957824707032,0.0290718078613281,-0.8779433270865411,0.016819082571601
1992,1992-03-09,1135,Y6,-31.947273,115.726659,N,69,12.65999984741211,23.510467529296875,36.14962387084961,22.76972007751465,36.30633544921875,23.0075,35.938,22.886,35.942,roms,22.771345138549805,36.08192443847656,22.17451775336908,36.10258285980769,fv,-0.5029675292968747,-0.211623870849607,0.1162799224853508,-0.3643354492187498,-0.7391223907470703,-0.0676994323730468,-0.5952023241455713,-0.2037525894110601
1992,1992-03-09,1143,Y7,-31.939614,115.747489,N,69,10.619999885559082,23.59188461303711,36.24127960205078,23.11600112915039,36.23574447631836,23.0075,35.938,22.886,35.942,roms,23.15434837341309,36.0758171081543,22.70372772216797,36.05629348754883,fv,-0.5843846130371091,-0.3032796020507788,-0.2300011291503914,-0.2937444763183592,-0.4375362396240234,-0.1654624938964843,-0.4122734069824219,-0.1794509887695312
1992,1992-03-09,1212,OA50,-32.099116,115.616996,NW,69,18.30341148376465,23.04918098449707,36.160247802734375,22.417999267578125,36.15251541137695,22.571,35.7315,22.471,35.727000000000004,roms,22.85671806335449,36.65082931518555,22.304872620456365,36.7732562392106,fv,-0.4781809844970723,-0.428747802734378,0.053000732421875,-0.4255154113769492,-0.1924629211425781,0.4905815124511719,-0.11312664712176,0.620740827833643
1992,1992-03-09,1237,Y11,-31.877275,115.731662,N,69,12.719999313354492,23.658353805541992,36.11445617675781,22.60174560546875,36.13725662231445,23.038,35.942,22.924,35.942,roms,22.97511482238769,36.04506301879883,22.31370766688823,36.01841633504648,fv,-0.6203538055419919,-0.1724561767578123,0.3222543945312495,-0.1952566223144529,-0.6832389831542969,-0.0693931579589843,-0.2880379385805192,-0.1188402872679716
1992,1992-03-09,1331,Y16,-31.876274,115.614162,N,69,29.15999984741211,23.1484317779541,36.14570236206055,21.21213150024414,35.93571853637695,22.5985,35.689,22.013,35.624,roms,22.357505798339844,36.15625,22.19750595092773,36.32139205932617,fv,-0.5499317779541002,-0.4567023620605468,0.8008684997558575,-0.3117185363769508,-0.7909259796142578,0.0105476379394531,0.9853744506835938,0.3856735229492187
1992,1992-03-09,1607,Y31,-32.04844,115.554158,NW,69,26.3799991607666,22.558412551879883,36.01611328125,21.867637634277344,35.982505798339844,22.397,35.681,22.185,35.666,roms,22.658559799194336,36.6518669128418,22.249601364135746,36.73539352416992,fv,-0.1614125518798843,-0.3351132812500026,0.3173623657226549,-0.3165057983398469,0.1001472473144531,0.6357536315917969,0.3819637298583984,0.7528877258300781
1992,1992-03-09,1620,MN75,-32.416777,115.694989,S,69,10.0,23.44999885559082,36.4900016784668,23.25,36.52999877929688,22.8135,35.959,22.729,35.951,roms,22.85082054138184,36.87434005737305,22.61060333251953,36.87165832519531,fv,-0.6364988555908226,-0.5310016784667937,-0.5210000000000008,-0.5789987792968745,-0.5991783142089844,0.38433837890625,-0.6393966674804688,0.3416595458984375
1992,1992-03-09,1630,MN80,-32.416781,115.71999,S,69,13.0,23.799997329711918,36.56999969482422,23.21500015258789,36.56999969482422,22.9125,36.0035,22.852,36.001000000000005,roms,22.92559242248535,36.64305114746094,22.686058044433597,36.8570671081543,fv,-0.8874973297119126,-0.5664996948242162,-0.3630001525878903,-0.568999694824214,-0.8744049072265625,0.0730514526367187,-0.5289421081542969,0.2870674133300781
1992,1992-03-09,1710,MN13,-32.45011,115.705827,S,69,15.0,23.44999885559082,36.52999877929688,23.100000381469727,36.58000183105469,22.799,35.971000000000004,22.727,35.964,roms,22.841079711914062,36.88473129272461,22.438068389892575,36.88697814941406,fv,-0.6509988555908208,-0.5589987792968714,-0.3730003814697262,-0.6160018310546889,-0.6089191436767578,0.3547325134277344,-0.6619319915771484,0.306976318359375
1992,1992-03-09,1730,MN9,-32.483443,115.699997,S,69,13.0,23.3799991607666,36.51666641235352,22.94999885559082,36.59000015258789,22.741,35.961,22.645,35.947,roms,22.8465518951416,36.88656234741211,22.492441177368164,36.87322235107422,fv,-0.6389991607666019,-0.5556664123535171,-0.3049988555908207,-0.6430001525878879,-0.533447265625,0.3698959350585937,-0.4575576782226562,0.2832221984863281
1992,1992-03-09,1750,MN2,-32.500114,115.694989,S,69,12.0,23.44999885559082,36.59000015258789,23.066665649414062,36.61000061035156,22.654,35.926500000000004,22.563,35.925,roms,22.8862361907959,36.90083312988281,22.49324387129369,36.87167589042765,fv,-0.7959988555908204,-0.6635001525878863,-0.5036656494140637,-0.6850006103515653,-0.5637626647949219,0.3108329772949219,-0.5734217781203732,0.2616752800760906
1992,1992-03-09,1800,MN3,-32.512613,115.700823,S,69,11.0,23.600000381469727,36.63999938964844,23.11000061035156,36.619998931884766,22.741,35.961,22.645,35.947,roms,22.98291015625,36.91645431518555,22.53432649844244,36.88894658048628,fv,-0.8590003814697269,-0.678999389648439,-0.4650006103515629,-0.6729989318847629,-0.6170902252197266,0.2764549255371094,-0.5756741119091231,0.268947648601511
1992,1992-03-09,1805,MN4,-32.512609,115.708328,S,69,8.0,23.600000381469727,36.630001068115234,23.489999771118164,36.62000274658203,22.741,35.961,22.645,35.947,roms,23.06462287902832,36.92628479003906,22.865222930908203,36.91423416137695,fv,-0.8590003814697269,-0.6690010681152359,-0.8449997711181645,-0.6730027465820285,-0.5353775024414062,0.2962837219238281,-0.6247768402099609,0.2942314147949219
1992,1992-03-10,915,MN90,-32.333446,115.591663,SW,70,36.0,22.049997329711918,36.119998931884766,22.0,36.11000061035156,22.499,35.806,22.299,35.786,roms,22.36541175842285,36.77214050292969,22.38522148132324,36.769622802734375,fv,0.4490026702880847,-0.3139989318847682,0.2989999999999995,-0.3240006103515611,0.3154144287109375,0.6521415710449219,0.3852214813232422,0.6596221923828125
1992,1992-03-10,940,MN85,-32.291775,115.558326,SW,70,37.0,22.0,36.03999710083008,21.93000030517578,36.06999969482422,22.4105,35.7535,22.05,35.717,roms,22.295583724975582,36.748233795166016,22.311954498291016,36.74592590332031,fv,0.410499999999999,-0.2864971008300756,0.1199996948242194,-0.35299969482422,0.2955837249755859,0.7082366943359375,0.3819541931152344,0.6759262084960938
1992,1992-03-10,1005,GI40,-32.250112,115.53333,SW,70,36.0,21.850000381469727,36.03999710083008,21.850000381469727,36.03999710083008,22.3725,35.718500000000006,21.9284,35.676199999999994,roms,22.3253231048584,36.7464714050293,22.3409423828125,36.74383544921875,fv,0.5224996185302757,-0.3214971008300722,0.0783996185302733,-0.3637971008300837,0.4753227233886719,0.7064743041992188,0.4909420013427734,0.7038383483886719
1992,1992-03-10,1025,GI35,-32.250111,115.558327,SW,70,34.0,22.049997329711918,36.03999710083008,22.0,36.03999710083008,22.403,35.7355,22.0074,35.693000000000005,roms,22.3759822845459,36.76706314086914,22.395526885986328,36.76486587524414,fv,0.3530026702880846,-0.3044971008300763,0.0074000000000005,-0.3469971008300732,0.3259849548339844,0.7270660400390625,0.3955268859863281,0.7248687744140625
1992,1992-03-10,1045,GI30,-32.25011,115.599989,SW,70,28.0,22.149999618530277,36.11000061035156,22.149999618530277,36.12999725341797,22.4855,35.762,22.219,35.74,roms,22.345178604125977,36.80441284179688,22.359712600708008,36.8021240234375,fv,0.3355003814697284,-0.348000610351562,0.0690003814697277,-0.3899972534179667,0.1951789855957031,0.6944122314453125,0.2097129821777343,0.6721267700195312
1992,1992-03-10,1105,GI15,-32.250114,115.615826,SW,70,14.0,22.350000381469727,36.14999771118164,22.350000381469727,36.15999984741211,22.616,35.8035,22.457,35.785,roms,22.440710067749023,36.837032318115234,22.45345497131348,36.83580017089844,fv,0.2659996185302731,-0.3464977111816409,0.1069996185302741,-0.3749998474121128,0.0907096862792968,0.6870346069335938,0.10345458984375,0.6758003234863281
1992,1992-03-11,800,GI1,-32.133444,115.623326,NW,71,18.0,22.14000129699707,36.060001373291016,22.14000129699707,36.060001373291016,22.4925,35.7565,22.428,35.752,roms,22.251218795776367,36.82247543334961,22.21870422363281,36.82820510864258,fv,0.3524987030029294,-0.303501373291013,0.2879987030029305,-0.3080013732910132,0.1112174987792968,0.7624740600585938,0.0787029266357421,0.7682037353515625
1992,1992-03-11,810,GI2,-32.133442,115.606661,NW,71,8.0,21.989999771118164,36.06999969482422,21.989999771118164,36.06999969482422,22.404,35.718500000000006,22.319,35.708,roms,22.17491340637207,36.88565444946289,22.081270217895508,36.88319778442383,fv,0.4140002288818358,-0.3514996948242128,0.329000228881835,-0.3619996948242203,0.1849136352539062,0.8156547546386719,0.0912704467773437,0.8131980895996094
1992,1992-03-11,845,GI5,-32.133442,115.57666,NW,71,28.0,21.89000129699707,36.060001373291016,21.89000129699707,36.06999969482422,22.3645,35.6905,22.139,35.665,roms,22.187108993530277,36.8157844543457,22.150638077159893,36.80954366640735,fv,0.4744987030029293,-0.3695013732910155,0.248998703002929,-0.4049996948242196,0.2971076965332031,0.7557830810546875,0.2606367801628231,0.7395439715831316
1992,1992-03-11,850,GI6,-32.133447,115.53749,NW,71,33.0,21.590002059936523,36.060001373291016,21.590002059936523,36.060001373291016,22.3545,35.671,21.978,35.63,roms,22.219655990600582,36.789337158203125,22.17532730102539,36.78271865844727,fv,0.7644979400634782,-0.3890013732910162,0.3879979400634781,-0.430001373291013,0.6296539306640625,0.7293357849121094,0.5853252410888672,0.72271728515625
1992,1992-03-11,900,GI7,-32.133448,115.49833,NW,71,36.0,21.590002059936523,36.060001373291016,21.440000534057617,36.08000183105469,22.3345,35.658500000000004,21.9244,35.6148,roms,22.18999671936035,36.76332473754883,22.148828506469727,36.7584342956543,fv,0.744497940063475,-0.401501373291012,0.4843994659423813,-0.465201831054685,0.5999946594238281,0.7033233642578125,0.7088279724121094,0.6784324645996094
1992,1992-03-11,901,Y30,-32.035113,115.58333,NW,71,17.940000534057617,21.68519401550293,35.99409103393555,21.69052505493164,35.99625396728516,22.4295,35.7105,22.349,35.701,roms,22.05722999572754,36.801876068115234,22.011500091342896,36.792023315356346,fv,0.7443059844970712,-0.2835910339355507,0.6584749450683596,-0.2952539672851557,0.3720359802246094,0.8077850341796875,0.3209750364112551,0.7957693480711896
1992,1992-03-11,912,Y31,-32.04844,115.554158,NW,71,30.979999542236328,21.642356872558597,35.96382522583008,21.651103973388672,35.97906875610352,22.369,35.682,22.255,35.672,roms,22.126733779907227,36.78742218017578,22.08974838256836,36.78396224975586,fv,0.726643127441406,-0.2818252258300759,0.6038960266113271,-0.3070687561035186,0.4843769073486328,0.8235969543457031,0.4386444091796875,0.8048934936523438
1992,1992-03-11,920,GI8,-32.133448,115.459987,NW,71,45.0,21.290000915527344,36.06999969482422,21.190000534057617,36.08000183105469,22.335500000000003,35.639,21.904,35.582,roms,22.180917739868164,36.75196838378906,22.13895034790039,36.74685287475586,fv,1.0454990844726595,-0.4309996948242229,0.7139994659423827,-0.4980018310546867,0.8909168243408203,0.6819686889648438,0.9489498138427734,0.6668510437011719
1992,1992-03-11,937,Y33,-32.07178,115.501659,NW,71,37.23999786376953,21.632015228271484,35.97501373291016,21.596689224243164,35.9672737121582,22.352,35.6545,22.032,35.616,roms,22.19542121887207,36.7873420715332,22.16077367230936,36.78154967972901,fv,0.7199847717285159,-0.3205137329101575,0.4353107757568359,-0.3512737121582034,0.5634059906005859,0.8123283386230469,0.5640844480661968,0.8142759675708007
1992,1992-03-11,945,GI9,-32.133442,115.419991,NW,71,46.0,21.290000915527344,36.08000183105469,21.190000534057617,36.06999969482422,22.3475,35.6355,21.9602,35.5686,roms,22.142717361450195,36.739105224609375,22.10085868835449,36.73382568359375,fv,1.0574990844726564,-0.4445018310546871,0.7701994659423832,-0.5013996948242152,0.8527164459228516,0.6591033935546875,0.910858154296875,0.6638259887695312
1992,1992-03-11,1015,GI10,-32.150108,115.453324,W,71,40.0,21.290000915527344,36.09000015258789,21.020000457763672,36.11000061035156,22.33,35.645,21.979,35.593,roms,22.1845703125,36.748661041259766,22.14101315234118,36.74386190866916,fv,1.0399990844726543,-0.4450001525878875,0.9589995422363272,-0.517000610351559,0.8945693969726562,0.658660888671875,1.1210126945775087,0.6338612983175977
1992,1992-03-11,1030,GI11,-32.169281,115.485823,W,71,37.0,21.440000534057617,36.08666610717773,21.2400016784668,36.095001220703125,22.319000000000003,35.6525,21.9734,35.6086,roms,22.203384399414062,36.76300048828125,22.155012130737305,36.7566032409668,fv,0.8789994659423854,-0.4341661071777309,0.7333983215332012,-0.4864012207031223,0.7633838653564453,0.6763343811035156,0.9150104522705078,0.6616020202636719
1992,1992-03-11,1110,GI13,-32.208442,115.551664,W,71,31.0,21.790000915527344,36.130001068115234,21.790000915527344,36.17000198364258,22.3705,35.707,22.0326,35.6724,roms,22.24750328063965,36.80841445922852,22.210359573364254,36.80571365356445,fv,0.5804990844726561,-0.4230010681152336,0.2425990844726548,-0.497601983642582,0.4575023651123047,0.6784133911132812,0.420358657836914,0.635711669921875
1992,1992-03-11,1117,GI15,-32.250114,115.615826,SW,71,14.0,22.049997329711918,36.130001068115234,21.94999885559082,36.19000244140625,22.568,35.797,22.405,35.773,roms,22.050649642944336,36.8388671875,22.01807403564453,36.833763122558594,fv,0.5180026702880873,-0.3330010681152373,0.4550011444091808,-0.4170024414062538,0.0006523132324218,0.7088661193847656,0.0680751800537109,0.6437606811523438
1992,1992-03-11,1127,GI30,-32.25011,115.599989,SW,71,28.0,22.049997329711918,36.11000061035156,21.899999618530277,36.130001068115234,22.454,35.753,22.228,35.735,roms,22.133377075195312,36.81761169433594,22.08503150939941,36.81157684326172,fv,0.4040026702880865,-0.3570006103515624,0.3280003814697281,-0.3950010681152349,0.0833797454833984,0.707611083984375,0.1850318908691406,0.6815757751464844
1992,1992-03-11,1130,GI14,-32.228447,115.583331,W,71,32.0,22.02333641052246,36.15999984741211,21.940000534057617,36.19000244140625,22.454,35.753,22.228,35.735,roms,22.16669464111328,36.80517578125,22.116878509521484,36.800174713134766,fv,0.4306635894775397,-0.4069998474121092,0.2879994659423843,-0.4550024414062505,0.1433582305908203,0.6451759338378906,0.1768779754638672,0.6101722717285156
1992,1992-03-11,1150,GI35,-32.250111,115.558327,SW,71,34.0,21.94999885559082,36.04999923706055,21.75,36.10000228881836,22.3855,35.725,22.0392,35.6908,roms,22.227956771850582,36.821475982666016,22.178794860839844,36.81691360473633,fv,0.4355011444091801,-0.3249992370605454,0.289200000000001,-0.4092022888183635,0.2779579162597656,0.7714767456054688,0.4287948608398437,0.7169113159179688
1992,1992-03-11,1207,GI40,-32.250112,115.53333,SW,71,18.0,22.049999237060547,36.040000915527344,21.850000381469727,36.11000061035156,22.3625,35.7115,22.1234,35.6786,roms,22.175500869750977,36.78348159790039,22.130281448364254,36.778018951416016,fv,0.3125007629394538,-0.3285009155273428,0.2733996185302736,-0.4314006103515595,0.1255016326904297,0.7434806823730469,0.2802810668945312,0.6680183410644531
1992,1992-03-11,1227,GI45,-32.250108,115.508322,SW,71,38.0,21.98333168029785,36.03000259399414,21.75,36.08000183105469,22.343,35.696,21.9006,35.6484,roms,22.18189239501953,36.77958297729492,22.137117385864254,36.77667236328125,fv,0.3596683197021484,-0.3340025939941426,0.1506000000000007,-0.4316018310546852,0.1985607147216797,0.7495803833007812,0.3871173858642578,0.6966705322265625
1992,1992-03-11,1245,GI50,-32.250108,115.483326,SW,71,40.0,22.899999618530277,36.08000183105469,21.649999618530277,36.04999923706055,22.335,35.679,21.882,35.629,roms,22.19580841064453,36.78028869628906,22.14703369140625,36.7748908996582,fv,-0.5649996185302726,-0.4010018310546854,0.232000381469728,-0.4209992370605491,-0.7041912078857422,0.700286865234375,0.4970340728759765,0.7248916625976562
1992,1992-03-11,1300,GI55,-32.250112,115.458329,SW,71,42.0,21.94999885559082,36.0333366394043,21.549999237060547,36.040000915527344,22.3335,35.668,21.8656,35.609,roms,22.183334350585938,36.76544189453125,22.13921356201172,36.759761810302734,fv,0.3835011444091805,-0.3653366394042976,0.3156007629394537,-0.431000915527342,0.2333354949951172,0.7321052551269531,0.5892143249511719,0.7197608947753906
1992,1992-03-11,1355,MN85,-32.291775,115.558326,SW,71,37.0,22.25,36.09000015258789,21.850000381469727,36.08000183105469,22.4005,35.744,22.087,35.713,roms,22.09419250488281,36.76749420166016,22.043292999267575,36.76208114624024,fv,0.1505000000000009,-0.3460001525878908,0.2369996185302731,-0.3670018310546865,-0.1558074951171875,0.6774940490722656,0.1932926177978515,0.6820793151855469
1992,1992-03-11,1415,MN88,-32.291782,115.59166,SW,71,34.0,22.350000381469727,36.11666870117188,21.899999618530277,36.14500045776367,22.4835,35.774,22.289,35.76,roms,22.085451126098636,36.78257751464844,22.027463912963867,36.778804779052734,fv,0.1334996185302728,-0.3426687011718741,0.389000381469728,-0.3850004577636738,-0.2645492553710937,0.6659088134765625,0.1274642944335937,0.6338043212890625
1992,1992-03-11,1450,MN90,-32.333446,115.591663,SW,71,36.0,22.350000381469727,36.13999938964844,21.850000381469727,36.13999938964844,22.4915,35.792,22.324,35.78,roms,22.131933212280277,36.77796936035156,22.073097229003903,36.77257537841797,fv,0.1414996185302719,-0.3479993896484359,0.4739996185302715,-0.3599993896484363,-0.2180671691894531,0.637969970703125,0.2230968475341797,0.6325759887695312
1992,1992-03-11,1506,MN26,-32.333443,115.616662,SW,71,27.0,22.38333320617676,36.150001525878906,21.899999618530277,36.150001525878906,22.609,35.840500000000006,22.524,35.84,roms,22.204450607299805,36.83298873901367,22.11635971069336,36.82110977172852,fv,0.2256667938232439,-0.3095015258789004,0.6240003814697275,-0.3100015258789028,-0.1788825988769531,0.6829872131347656,0.2163600921630859,0.6711082458496094
1992,1992-03-12,822,GI1,-32.133444,115.623326,NW,72,18.0,22.190000534057617,36.209999084472656,22.190000534057617,36.209999084472656,22.499,35.7765,22.421,35.773,roms,22.38372039794922,36.88424682617188,22.131437301635746,36.88507461547852,fv,0.3089994659423851,-0.4334990844726576,0.2309994659423822,-0.4369990844726601,0.1937198638916015,0.6742477416992188,-0.058563232421875,0.6750755310058594
1992,1992-03-12,835,GI3,-32.133449,115.594989,NW,72,12.0,21.89000129699707,36.15999984741211,21.89000129699707,36.15999984741211,22.41,35.7345,22.279,35.724000000000004,roms,22.254470825195312,36.85605239868164,22.036979170514662,36.85034857447074,fv,0.5199987030029298,-0.4254998474121123,0.3889987030029296,-0.4359998474121056,0.3644695281982422,0.6960525512695312,0.1469778735175921,0.6903487270586339
1992,1992-03-12,855,GI5,-32.133442,115.57666,NW,72,28.0,21.89000129699707,36.09666442871094,21.790000915527344,36.13999938964844,22.361,35.701,22.147,35.676,roms,22.330766677856445,36.82537460327149,22.1163799146562,36.82008762897623,fv,0.4709987030029303,-0.395664428710937,0.3569990844726547,-0.4639993896484355,0.440765380859375,0.7287101745605469,0.3263789991288561,0.6800882393277874
1992,1992-03-12,905,GI6,-32.133447,115.53749,NW,72,33.0,21.790000915527344,36.07666397094727,21.290000915527344,36.1099967956543,22.346,35.6805,21.978,35.635,roms,22.360464096069336,36.80681610107422,22.15930938720703,36.79981994628906,fv,0.5559990844726563,-0.3961639709472635,0.6879990844726578,-0.4749967956542988,0.5704631805419922,0.7301521301269531,0.8693084716796875,0.6898231506347656
1992,1992-03-12,921,Y29,-32.026776,115.615828,NW,72,10.719999313354492,21.894954681396484,36.02599334716797,21.84724235534668,36.02861785888672,22.5525,35.7805,22.467,35.78,roms,22.21681022644043,36.65352249145508,22.025724411010746,36.82184600830078,fv,0.6575453186035176,-0.2454933471679652,0.6197576446533191,-0.2486178588867176,0.3218555450439453,0.6275291442871094,0.1784820556640625,0.7932281494140625
1992,1992-03-12,925,GI7,-32.133448,115.49833,NW,72,36.0,21.790000915527344,36.05999755859375,21.190000534057617,36.05999755859375,22.3325,35.6665,21.9286,35.615,roms,22.35431671142578,36.78898620605469,22.163124084472656,36.77953720092773,fv,0.5424990844726558,-0.3934975585937508,0.7385994659423822,-0.444997558593748,0.5643157958984375,0.7289886474609375,0.9731235504150392,0.7195396423339844
1992,1992-03-12,929,Y30,-32.035113,115.58333,NW,72,17.619998931884766,21.7961368560791,35.98420715332031,21.67947769165039,35.990928649902344,22.4425,35.736000000000004,22.353,35.730000000000004,roms,22.363126754760746,36.84872055053711,22.11752998639713,36.84466949517082,fv,0.6463631439208974,-0.2482071533203083,0.6735223083496109,-0.2609286499023397,0.5669898986816406,0.8645133972167969,0.4380522947467398,0.8537408452684758
1992,1992-03-12,937,Y31,-32.04844,115.554158,NW,72,30.439998626708984,21.77387237548828,35.98701477050781,21.63730239868164,35.978904724121094,22.3705,35.699,22.248,35.688,roms,22.287446975708008,36.80389404296875,22.078407287597656,36.79973983764648,fv,0.5966276245117186,-0.2880147705078144,0.6106976013183605,-0.2909047241210913,0.5135746002197266,0.8168792724609375,0.4411048889160156,0.8208351135253906
1992,1992-03-12,955,GI8,-32.133448,115.459987,NW,72,45.0,21.739999771118164,36.05999755859375,20.89000129699707,36.05999755859375,22.3445,35.651,21.913,35.578,roms,22.31614112854004,36.76714706420898,22.136947631835938,36.75922393798828,fv,0.604500228881836,-0.4089975585937537,1.02299870300293,-0.481997558593747,0.576141357421875,0.7071495056152344,1.2469463348388672,0.6992263793945312
1992,1992-03-12,956,Y33,-32.07178,115.501659,NW,72,35.70000076293945,21.69005012512207,35.965579986572266,21.06132698059082,35.9008674621582,22.3455,35.661500000000004,22.05,35.625,roms,22.342397689819336,36.796504974365234,22.14679146258485,36.78870236409136,fv,0.6554498748779309,-0.3040799865722619,0.9886730194091804,-0.2758674621582031,0.6523475646972656,0.8309249877929688,1.0854644819940305,0.8878349019331537
1992,1992-03-12,1010,Y37,-32.111777,115.506327,NW,72,32.55999755859375,21.830612182617188,35.99003601074219,21.17494010925293,35.91515350341797,22.3325,35.6665,22.002408044433597,35.621368005371096,roms,22.359827041625977,36.79938125610352,22.16580663768056,36.791925342414224,fv,0.5018878173828121,-0.3235360107421883,0.827467935180664,-0.2937854980468728,0.5292148590087891,0.8093452453613281,0.9908665284276276,0.8767718389962553
1992,1992-03-12,1025,GI15,-32.250114,115.615826,SW,72,14.0,22.100000381469727,36.13333511352539,22.049999237060547,36.14999771118164,22.5355,35.7975,22.363,35.778,roms,22.29967498779297,36.83041000366211,22.07696533203125,36.82541275024414,fv,0.4354996185302724,-0.3358351135253912,0.3130007629394526,-0.3719977111816419,0.1996746063232422,0.6970748901367188,0.0269660949707031,0.6754150390625
1992,1992-03-12,1032,Y39,-32.124274,115.568323,NW,72,33.39999771118164,22.006053924560547,36.02680969238281,21.79353904724121,36.011226654052734,22.361,35.701,22.147,35.676,roms,22.335580825805664,36.82011795043945,22.120548248291016,36.815216064453125,fv,0.3549460754394538,-0.325809692382812,0.3534609527587875,-0.3352266540527324,0.3295269012451172,0.7933082580566406,0.3270092010498047,0.8039894104003906
1992,1992-03-12,1035,GI30,-32.25011,115.599989,SW,72,28.0,22.086668014526367,36.130001068115234,22.0,36.130001068115234,22.441000000000003,35.7545,22.166,35.719,roms,22.30988121032715,36.80904769897461,22.08659172058105,36.80684280395508,fv,0.3543319854736353,-0.3755010681152342,0.1660000000000003,-0.4110010681152332,0.2232131958007812,0.679046630859375,0.0865917205810546,0.6768417358398438
1992,1992-03-12,1039,GI10,-32.150108,115.453324,W,72,40.0,21.590002059936523,36.05999755859375,20.790000915527344,36.06999969482422,22.3415,35.658,21.984,35.584,roms,22.317968368530277,36.7733268737793,22.14288300330813,36.763971991672015,fv,0.7514979400634765,-0.4019975585937487,1.193999084472658,-0.4859996948242155,0.72796630859375,0.7133293151855469,1.3528820877807846,0.6939722968477966
1992,1992-03-12,1040,Y40,-32.12928,115.591661,NW,72,20.85999870300293,22.11406898498535,36.06451034545898,22.00584602355957,36.0675048828125,22.41,35.7345,22.286,35.722,roms,22.26361846923828,36.85454940795898,22.0518798828125,36.85115051269531,fv,0.2959310150146486,-0.3300103454589873,0.280153976440431,-0.3455048828124987,0.1495494842529297,0.7900390625,0.0460338592529296,0.7836456298828125
1992,1992-03-12,1052,Y41,-32.135113,115.618329,NW,72,20.479999542236328,22.255001068115234,36.15570831298828,22.01940155029297,36.094329833984375,22.499,35.7765,22.421,35.773,roms,22.382577896118164,36.89350128173828,22.11248210893973,36.88749267577077,fv,0.2439989318847679,-0.3792083129882826,0.4015984497070306,-0.3213298339843788,0.1275768280029297,0.73779296875,0.0930805586467613,0.7931628417863976
1992,1992-03-12,1055,GI35,-32.250111,115.558327,SW,72,34.0,21.933332443237305,36.06999969482422,21.75,36.06999969482422,22.387500000000003,35.730500000000006,21.986600000000003,35.6766,roms,22.25257682800293,36.76918411254883,22.056352615356445,36.76236343383789,fv,0.4541675567626981,-0.3394996948242124,0.2366000000000028,-0.3933996948242182,0.319244384765625,0.6991844177246094,0.3063526153564453,0.6923637390136719
1992,1992-03-12,1100,GI11,-32.169281,115.485823,W,72,37.0,21.790000915527344,36.05999755859375,21.2400016784668,36.05999755859375,22.333,35.664,21.9866,35.6032,roms,22.359214782714844,36.79873275756836,22.178585052490234,36.792476654052734,fv,0.5429990844726547,-0.3959975585937485,0.7465983215332024,-0.4567975585937489,0.5692138671875,0.7387351989746094,0.9385833740234376,0.7324790954589844
1992,1992-03-12,1115,GI40,-32.250112,115.53333,SW,72,36.0,22.029998779296875,36.06999969482422,21.850000381469727,36.09999847412109,22.3645,35.7175,21.934,35.6556,roms,22.23656463623047,36.75750732421875,22.049467086791992,36.75293350219727,fv,0.3345012207031246,-0.3524996948242176,0.0839996185302744,-0.444398474121094,0.2065658569335937,0.6875076293945312,0.1994667053222656,0.6529350280761719
1992,1992-03-12,1120,GI12,-32.188446,115.518324,W,72,35.0,21.840002059936523,36.05999755859375,21.739999771118164,36.15999984741211,22.341,35.6875,21.968,35.627,roms,22.31264305114746,36.79805755615234,22.129600524902344,36.79507064819336,fv,0.5009979400634776,-0.37249755859375,0.2280002288818359,-0.5329998474121069,0.4726409912109375,0.7380599975585938,0.3896007537841797,0.63507080078125
1992,1992-03-12,1130,GI45,-32.250108,115.508322,SW,72,38.0,22.029998779296875,36.0966682434082,21.799999237060547,36.09000015258789,22.3515,35.7035,21.8936,35.6306,roms,22.232894897460938,36.75488662719727,22.04967498779297,36.75143432617188,fv,0.3215012207031265,-0.3931682434082049,0.0936007629394524,-0.4594001525878894,0.2028961181640625,0.6582183837890625,0.2496757507324218,0.6614341735839844
1992,1992-03-12,1135,GI13,-32.208442,115.551664,W,72,31.0,21.89000129699707,36.05999755859375,21.739999771118164,36.15999984741211,22.3685,35.714,21.9876,35.6648,roms,22.27324676513672,36.78156661987305,22.06746482849121,36.778717041015625,fv,0.4784987030029306,-0.3459975585937513,0.2476002288818364,-0.4951998474121097,0.3832454681396484,0.7215690612792969,0.3274650573730469,0.6187171936035156
1992,1992-03-12,1145,GI50,-32.250108,115.483326,SW,72,40.0,21.899999618530277,36.05999755859375,21.649999618530277,36.05999755859375,22.3405,35.689,21.881,35.611000000000004,roms,22.24713134765625,36.757591247558594,22.07114028930664,36.75254821777344,fv,0.4405003814697252,-0.3709975585937499,0.2310003814697268,-0.4489975585937458,0.3471317291259765,0.6975936889648438,0.4211406707763672,0.6925506591796875
1992,1992-03-12,1200,GI55,-32.250112,115.458329,SW,72,42.0,21.75,36.05999755859375,21.600000381469727,36.05999755859375,22.3405,35.679500000000004,21.873,35.596000000000004,roms,22.224348068237305,36.74141693115234,22.05348396301269,36.741058349609375,fv,0.5904999999999987,-0.3804975585937455,0.272999618530271,-0.4639975585937463,0.4743480682373047,0.6814193725585938,0.4534835815429687,0.681060791015625
1992,1992-03-12,1215,GI15,-32.250114,115.615826,SW,72,14.0,21.89000129699707,36.12999725341797,21.89000129699707,36.12999725341797,22.5355,35.7975,22.363,35.778,roms,22.29967498779297,36.83041000366211,22.07696533203125,36.82541275024414,fv,0.6454987030029287,-0.3324972534179693,0.4729987030029292,-0.35199725341797,0.4096736907958984,0.7004127502441406,0.1869640350341797,0.6954154968261719
1992,1992-03-12,1250,MN85,-32.291775,115.558326,SW,72,37.0,22.0,36.12666702270508,21.75,36.130001068115234,22.4035,35.747,22.028,35.694,roms,22.306480407714844,36.76725769042969,22.103687286376957,36.76104736328125,fv,0.4035000000000011,-0.3796670227050782,0.2779999999999987,-0.4360010681152317,0.3064804077148437,0.6405906677246094,0.3536872863769531,0.6310462951660156
1992,1992-03-12,1323,Y31,-32.04844,115.554158,NW,72,34.34000015258789,21.968542098999023,36.11146545410156,21.634653091430664,36.08600234985352,22.3705,35.699,22.248,35.688,roms,22.287446975708008,36.80389404296875,22.078407287597656,36.79973983764648,fv,0.4019579010009764,-0.4124654541015644,0.613346908569337,-0.3980023498535132,0.3189048767089844,0.6924285888671875,0.4437541961669922,0.7137374877929688
1992,1992-03-12,1400,MN26,-32.333443,115.616662,SW,72,27.0,22.149999618530277,36.14999771118164,21.93000030517578,36.14999771118164,22.566000000000003,35.8175,22.472,35.822,roms,22.287080764770508,36.79057312011719,22.042888641357425,36.78739547729492,fv,0.416000381469729,-0.332497711181638,0.5419996948242201,-0.3279977111816379,0.1370811462402343,0.6405754089355469,0.1128883361816406,0.6373977661132812
1992,1992-03-13,815,MN26,-32.333443,115.616662,SW,73,27.0,22.295000076293945,36.34000015258789,22.295000076293945,36.34999847412109,22.498,35.8265,22.422,35.817,roms,22.066436767578125,36.847991943359375,22.024267196655277,36.84600830078125,fv,0.2029999237060522,-0.5135001525878877,0.1269999237060552,-0.5329984741210936,-0.2285633087158203,0.5079917907714844,-0.2707328796386719,0.4960098266601562
1992,1992-03-13,830,MN90,-32.333446,115.591663,SW,73,36.0,21.9950008392334,36.20000076293945,21.96500015258789,36.20000076293945,22.412,35.79,22.222,35.738,roms,22.188629150390625,36.78885269165039,22.16887092590332,36.787899017333984,fv,0.4169991607666006,-0.410000762939454,0.2569998474121107,-0.4620007629394536,0.1936283111572265,0.5888519287109375,0.2038707733154297,0.5878982543945312
1992,1992-03-13,900,MN85,-32.291775,115.558326,SW,73,37.0,21.595001220703125,36.08000183105469,21.595001220703125,36.09000015258789,22.3485,35.751,22.005,35.691,roms,22.297277450561523,36.83727645874024,22.26790428161621,36.8335075378418,fv,0.7534987792968764,-0.3290018310546898,0.409998779296874,-0.3990001525878881,0.7022762298583984,0.7572746276855469,0.6729030609130859,0.7435073852539062
1992,1992-03-13,920,MN88,-32.291782,115.59166,SW,73,34.0,21.69499969482422,36.11000061035156,21.69499969482422,36.119998931884766,22.417,35.779,22.197,35.728,roms,22.26893615722656,36.8481330871582,22.18639373779297,36.84429550170898,fv,0.7220003051757828,-0.3310006103515661,0.5020003051757804,-0.3919989318847641,0.5739364624023438,0.7381324768066406,0.49139404296875,0.7242965698242188
1992,1992-03-13,940,GI15,-32.250114,115.615826,SW,73,14.0,21.89000129699707,36.15999984741211,21.89000129699707,36.19000244140625,22.488,35.803,22.366,35.781,roms,21.93037223815918,36.86253356933594,21.90831756591797,36.85782241821289,fv,0.5979987030029292,-0.3569998474121121,0.4759987030029293,-0.4090024414062512,0.0403709411621093,0.7025337219238281,0.0183162689208984,0.6678199768066406
1992,1992-03-13,950,GI14,-32.228447,115.583331,W,73,32.0,21.790000915527344,36.11000061035156,21.690000534057617,36.1400032043457,22.402,35.7665,22.144,35.715,roms,22.126541137695312,36.81362533569336,22.103839874267575,36.80963134765625,fv,0.6119990844726573,-0.3435006103515619,0.4539994659423811,-0.4250032043456997,0.3365402221679687,0.7036247253417969,0.4138393402099609,0.6696281433105469
1992,1992-03-13,1010,GI13,-32.208442,115.551664,W,73,31.0,21.790000915527344,36.1400032043457,21.739999771118164,36.1400032043457,22.332,35.727000000000004,22.0036,35.668,roms,22.253145217895508,36.82608413696289,22.23212242126465,36.82218551635742,fv,0.541999084472657,-0.4130032043456992,0.2636002288818382,-0.4720032043457038,0.463144302368164,0.6860809326171875,0.4921226501464844,0.6821823120117188
1992,1992-03-13,1020,GI11,-32.169281,115.485823,W,73,37.0,21.690000534057617,36.13999938964844,21.14000129699707,36.13999938964844,22.3155,35.672,22.0064,35.6002,roms,22.1476993560791,36.76608276367188,22.10062789916992,36.76171112060547,fv,0.6254994659423829,-0.4679993896484404,0.866398703002929,-0.5397993896484365,0.4576988220214844,0.6260833740234375,0.9606266021728516,0.6217117309570312
1992,1992-03-13,1039,Y6,-31.947273,115.726659,N,73,12.399999618530272,22.94624328613281,36.37963485717773,22.85200309753418,36.39210891723633,22.7945,35.945,22.74,35.95,roms,22.100236892700195,36.41200637817383,22.095777584799,36.41299057500255,fv,-0.1517432861328131,-0.4346348571777341,-0.1120030975341777,-0.4421089172363253,-0.8460063934326172,0.0323715209960937,-0.7562255127351776,0.0208816577662247
1992,1992-03-13,1047,Y7,-31.939614,115.747489,N,73,12.15999984741211,23.05065155029297,36.371707916259766,22.9050350189209,36.37491989135742,22.7945,35.945,22.74,35.95,roms,22.11901092529297,36.3122673034668,22.12313270568848,36.314979553222656,fv,-0.2561515502929694,-0.4267079162597653,-0.1650350189208964,-0.424919891357419,-0.931640625,-0.0594406127929687,-0.7819023132324219,-0.0599403381347656
1992,1992-03-13,1059,Y8,-31.920447,115.727822,N,73,15.339999198913574,22.966835021972656,36.39235305786133,22.76413345336914,36.38910675048828,22.818,35.9305,22.761,35.932,roms,22.15920066833496,36.40883255004883,22.158910751342773,36.406768798828125,fv,-0.1488350219726584,-0.461853057861326,-0.0031334533691413,-0.4571067504882791,-0.8076343536376953,0.0164794921875,-0.6052227020263672,0.0176620483398437
1992,1992-03-13,1112,Y10,-31.877941,115.743324,N,73,14.119999885559082,22.91702651977539,36.20170211791992,22.753013610839844,36.23163986206055,22.844,35.9215,22.797,35.926,roms,21.959238052368164,36.23894882202149,21.96683692932129,36.238094329833984,fv,-0.0730265197753894,-0.2802021179199201,0.0439863891601568,-0.3056398620605449,-0.9577884674072266,0.0372467041015625,-0.7861766815185547,0.0064544677734375
1992,1992-03-13,1115,GI15,-32.250114,115.615826,SW,73,14.0,21.94499969482422,36.14666748046875,21.895000457763672,36.13999938964844,22.488,35.803,22.366,35.781,roms,21.93037223815918,36.86253356933594,21.90831756591797,36.85782241821289,fv,0.5430003051757808,-0.3436674804687527,0.4709995422363278,-0.3589993896484387,-0.014627456665039,0.7158660888671875,0.0133171081542968,0.7178230285644531
1992,1992-03-13,1117,Y11,-31.877275,115.731662,N,73,12.59999942779541,22.95161437988281,36.24878692626953,22.747802734375,36.269832611083984,22.844,35.9215,22.797,35.926,roms,22.1507625579834,36.34897613525391,22.154125213623047,36.35505527916796,fv,-0.1076143798828113,-0.3272869262695295,0.0491972656250006,-0.3438326110839824,-0.8008518218994141,0.100189208984375,-0.5936775207519531,0.085222668083972
1992,1992-03-13,1120,GI9,-32.133442,115.419991,NW,73,46.0,21.290000915527344,36.040000915527344,20.34000015258789,36.040000915527344,22.346,35.646,21.989,35.5676,roms,22.043371200561523,36.754093170166016,22.02255249023437,36.75092315673828,fv,1.0559990844726563,-0.3940009155273429,1.64899984741211,-0.472400915527345,0.7533702850341797,0.7140922546386719,1.6825523376464844,0.7109222412109375
1992,1992-03-13,1125,GI30,-32.25011,115.599989,SW,73,17.65999984741211,22.907657623291016,36.34811401367188,22.77435302734375,36.358177185058594,22.402,35.7665,22.2258680015564,35.73080800018311,roms,22.014101028442383,36.82465744018555,21.98271759037016,36.82020217896206,fv,-0.5056576232910146,-0.5816140136718744,-0.5484850257873539,-0.6273691848754837,-0.8935565948486328,0.4765434265136719,-0.7916354369735927,0.4620249939034693
1992,1992-03-13,1132,Y14,-31.877273,115.679162,N,73,22.5,22.94095039367676,36.37384414672852,21.91695785522461,36.17625427246094,22.6825,35.7615,22.572,35.744,roms,22.16160011291504,36.578006744384766,22.161680221557617,36.57587814331055,fv,-0.2584503936767568,-0.6123441467285176,0.6550421447753898,-0.4322542724609377,-0.7793502807617188,0.20416259765625,0.2447223663330078,0.3996238708496094
1992,1992-03-13,1141,Y15,-31.876778,115.646662,N,73,25.13999938964844,22.535852432250977,36.29515075683594,20.119892120361328,35.8240966796875,22.601,35.716,22.426,35.695,roms,22.142980575561523,36.6742057800293,22.14183481360152,36.67246816123656,fv,0.0651475677490225,-0.5791507568359364,2.306107879638674,-0.1290966796874997,-0.3928718566894531,0.3790550231933594,2.021942693240188,0.8483714815490586
1992,1992-03-13,1145,GI35,-32.250111,115.558327,SW,73,34.0,21.76500129699707,36.07666778564453,21.69499969482422,36.09000015258789,22.3395,35.7415,21.9838,35.678200000000004,roms,22.153844833374023,36.8356819152832,22.13504219055176,36.83183670043945,fv,0.5744987030029307,-0.3351677856445292,0.2888003051757799,-0.4118001525878867,0.3888435363769531,0.7590141296386719,0.440042495727539,0.7418365478515625
1992,1992-03-13,1149,Y16,-31.876274,115.614162,N,73,27.5,22.26324844360352,36.22108840942383,19.86076164245605,35.80084609985352,22.5305,35.6965,22.135,35.656,roms,22.149917602539062,36.679317474365234,22.141896280994985,36.67641508972468,fv,0.2672515563964843,-0.5245884094238278,2.274238357543947,-0.1448460998535168,-0.1133308410644531,0.4582290649414062,2.28113463853893,0.8755689898711623
1992,1992-03-13,1200,GI40,-32.250112,115.53333,SW,73,36.0,21.64499855041504,36.02000045776367,21.4950008392334,36.02000045776367,22.324,35.7235,21.932,35.6558,roms,22.27762794494629,36.81632614135742,22.25215530395508,36.8116340637207,fv,0.679001449584959,-0.2965004577636705,0.4369991607666001,-0.3642004577636726,0.63262939453125,0.79632568359375,0.7571544647216797,0.7916336059570312
1992,1992-03-13,1201,Y17,-31.87594,115.584662,N,73,30.69999885559082,21.894105911254883,36.03715133666992,19.471179962158203,35.79970169067383,22.47,35.6855,22.004,35.644,roms,22.11212730407715,36.63061141967773,22.10087776184082,36.62504959106445,fv,0.575894088745116,-0.3516513366699243,2.532820037841798,-0.1557016906738297,0.2180213928222656,0.5934600830078125,2.629697799682617,0.825347900390625
1992,1992-03-13,1205,GI7,-32.133448,115.49833,NW,73,36.0,21.739999771118164,36.09000015258789,21.540000915527344,36.09000015258789,22.309,35.677,21.9238,35.6086,roms,22.082321166992188,36.771114349365234,22.042341232299805,36.76769256591797,fv,0.569000228881837,-0.413000152587891,0.3837990844726562,-0.4814001525878879,0.3423213958740234,0.6811141967773438,0.5023403167724609,0.6776924133300781
1992,1992-03-13,1215,GI45,-32.250108,115.508322,SW,73,38.0,21.65166664123535,36.060001373291016,21.545000076293945,36.060001373291016,22.318,35.709500000000006,21.9,35.6292,roms,22.274072647094727,36.80471420288086,22.24667739868164,36.79939651489258,fv,0.6663333587646498,-0.35050137329101,0.3549999237060568,-0.4308013732910183,0.622406005859375,0.7447128295898438,0.7016773223876953,0.7393951416015625
1992,1992-03-13,1220,GI6,-32.133447,115.53749,NW,73,33.0,21.790000915527344,36.060001373291016,21.790000915527344,36.09000015258789,22.319,35.691,21.981,35.64,roms,22.126449584960938,36.783199310302734,22.07978630065918,36.7774658203125,fv,0.5289990844726553,-0.3690013732910131,0.1909990844726579,-0.45000015258789,0.3364486694335937,0.7231979370117188,0.2897853851318359,0.6874656677246094
1992,1992-03-13,1230,GI50,-32.250108,115.483326,SW,73,40.0,21.625,36.02999877929688,21.4950008392334,36.02999877929688,22.3165,35.695,21.879,35.608000000000004,roms,22.234922409057617,36.780982971191406,22.202959060668945,36.77436828613281,fv,0.6915000000000013,-0.3349987792968747,0.3839991607666029,-0.4219987792968709,0.6099224090576172,0.7509841918945312,0.7079582214355469,0.7443695068359375
1992,1992-03-13,1240,GI5,-32.133442,115.57666,NW,73,28.0,21.89000129699707,36.09000015258789,21.840002059936523,36.09000015258789,22.3345,35.717,22.151,35.684,roms,22.059038162231445,36.80217361450195,22.022801619946225,36.79892911377625,fv,0.4444987030029281,-0.3730001525878919,0.3109979400634763,-0.4060001525878931,0.169036865234375,0.7121734619140625,0.1827995600097018,0.7089289611883629
1992,1992-03-13,1250,GI4,-32.133446,115.58583,NW,73,18.0,22.040000915527344,36.040000915527344,21.84000015258789,36.09000015258789,22.3845,35.748000000000005,22.285,35.726,roms,22.043142318725582,36.80558776855469,22.012039184570312,36.80323791503906,fv,0.3444990844726554,-0.2920009155273391,0.4449998474121095,-0.3640001525878915,0.0031414031982421,0.7655868530273438,0.1720390319824218,0.7132377624511719
1992,1992-03-13,1310,GI1,-32.133444,115.623326,NW,73,18.0,22.090002059936523,36.073333740234375,21.989999771118164,36.09000015258789,22.465,35.789,22.415,35.782,roms,22.06013298034668,36.85245132446289,22.01588630676269,36.84480285644531,fv,0.3749979400634764,-0.2843337402343735,0.4250002288818351,-0.3080001525878941,-0.0298690795898437,0.7791175842285156,0.0258865356445312,0.7548027038574219
1992,1992-03-13,1336,Y29,-32.026776,115.615828,NW,73,15.239999771118164,22.156713485717773,36.0687255859375,22.125638961791992,36.07863998413086,22.473,35.778,22.422,35.776,roms,22.01484489440918,36.84211349487305,22.005409240722656,36.84071350097656,fv,0.3162865142822255,-0.2907255859375013,0.2963610382080084,-0.3026399841308631,-0.1418685913085937,0.7733879089355469,-0.1202297210693359,0.7620735168457031
1992,1992-03-13,1357,Y31,-32.04844,115.554158,NW,73,40.02000045776367,21.88176155090332,36.01411056518555,21.699426651000977,35.99968719482422,22.343,35.7105,22.246,35.698,roms,22.101015090942383,36.82204818725586,22.074352264404297,36.818641662597656,fv,0.4612384490966796,-0.3036105651855507,0.5465733489990221,-0.3016871948242183,0.2192535400390625,0.8079376220703125,0.3749256134033203,0.8189544677734375
1992,1992-03-20,1129,Y29,-32.026776,115.615828,NW,80,11.08985710144043,20.91067695617676,35.82148742675781,20.901058197021484,35.82341003417969,22.384,35.7595,22.32,35.755,roms,21.855966567993164,36.512481689453125,21.80914306640625,36.510929107666016,fv,1.4733230438232423,-0.0619874267578097,1.418941802978516,-0.0684100341796849,0.9452896118164062,0.6909942626953125,0.9080848693847656,0.6875190734863281
1992,1992-03-20,1138,Y30,-32.035113,115.58333,NW,80,19.405109405517575,20.92261505126953,35.84965133666992,20.86138916015625,35.84993362426758,22.35,35.733000000000004,22.275,35.723,roms,22.046844482421875,36.45139694213867,21.879325304105063,36.57365733745837,fv,1.4273849487304702,-0.1166513366699177,1.4136108398437486,-0.1269336242675791,1.1242294311523438,0.60174560546875,1.0179361439488162,0.7237237131907861
1992,1992-03-20,1149,Y31,-32.04844,115.554158,NW,80,28.229705810546875,21.44492721557617,35.84255599975586,20.74289321899414,35.836021423339844,22.323,35.7145,22.218,35.703,roms,22.154157638549805,36.27092361450195,21.920185089111328,36.60521697998047,fv,0.8780727844238285,-0.1280559997558583,1.4751067810058591,-0.1330214233398408,0.7092304229736328,0.4283676147460937,1.1772918701171875,0.769195556640625
1992,1992-03-20,1202,Y32,-32.059279,115.527994,NW,80,27.6998348236084,21.31590843200684,35.88791275024414,20.70595932006836,35.96665954589844,22.303,35.7075,22.155,35.68,roms,22.13527107238769,36.24026107788086,21.80538359157425,36.7257379040074,fv,0.9870915679931612,-0.1804127502441446,1.4490406799316418,-0.2866595458984378,0.8193626403808594,0.3523483276367187,1.0994242715058924,0.7590783581089653
1992,1992-03-23,825,GI2,-32.133442,115.606661,NW,83,8.0,20.790000915527344,36.03999710083008,20.790000915527344,36.03999710083008,22.198,35.7445,22.17,35.731,roms,22.15581321716309,36.413909912109375,21.91690158843994,36.41260719299317,fv,1.4079990844726566,-0.2954971008300759,1.379999084472658,-0.3089971008300765,1.3658123016357422,0.3739128112792969,1.1269006729125977,0.3726100921630859
1992,1992-03-23,830,GI3,-32.133449,115.594989,NW,83,12.0,20.9900016784668,35.98999786376953,20.89000129699707,36.04999923706055,22.198,35.7445,22.142,35.729,roms,22.17669105529785,36.38697814941406,21.97937478691236,36.44166007662805,fv,1.2079983215332035,-0.2454978637695291,1.2519987030029291,-0.3209992370605476,1.186689376831055,0.3969802856445312,1.0893734899152854,0.3916608395675069
1992,1992-03-23,840,GI4,-32.133446,115.58583,NW,83,18.0,20.9900016784668,36.04999923706055,20.940000534057617,36.04666519165039,22.198,35.7445,22.14,35.726,roms,22.18768882751465,36.35084915161133,21.96274757385254,36.51588249206543,fv,1.2079983215332035,-0.3054992370605447,1.1999994659423834,-0.3206651916503915,1.1976871490478516,0.3008499145507812,1.022747039794922,0.469217300415039
1992,1992-03-23,930,GI8,-32.133448,115.459987,NW,83,45.0,21.290000915527344,35.96999740600586,20.656667709350582,36.04999923706055,22.233,35.668,22.058,35.614000000000004,roms,22.12039375305176,36.51715469360352,21.826757431030277,36.81313705444336,fv,0.9429990844726568,-0.3019974060058601,1.401332290649414,-0.4359992370605425,0.8303928375244141,0.5471572875976562,1.1700897216796875,0.7631378173828125
1992,1992-03-23,936,Y6,-31.947273,115.726659,N,83,13.920000076293944,21.551807403564453,36.03854751586914,21.49577522277832,36.03581619262695,22.321,35.942499999999995,22.29,35.942,roms,22.39949989318848,36.47027587890625,22.119163513183597,36.47611999511719,fv,0.7691925964355484,-0.0960475158691451,0.7942247772216788,-0.0938161926269529,0.8476924896240234,0.4317283630371094,0.6233882904052734,0.4403038024902344
1992,1992-03-23,943,Y7,-31.939614,115.747489,N,83,11.399999618530272,22.03390884399414,36.1745719909668,21.998010635375977,36.17018127441406,22.321,35.942499999999995,22.29,35.942,roms,22.379568099975582,36.54170608520508,22.062950134277344,36.54534149169922,fv,0.2870911560058609,-0.2320719909668014,0.2919893646240226,-0.2281812744140623,0.3456592559814453,0.3671340942382812,0.0649394989013671,0.3751602172851562
1992,1992-03-23,946,OA45,-32.077944,115.616997,NW,83,20.54390335083008,21.00602149963379,35.831581115722656,20.949390411376957,35.83464431762695,22.2115,35.775,22.188,35.765,roms,22.09938621520996,36.4651985168457,21.819807052612305,36.46145248413086,fv,1.2054785003662118,-0.0565811157226576,1.2386095886230457,-0.0696443176269525,1.093364715576172,0.6336174011230469,0.8704166412353516,0.6268081665039062
1992,1992-03-23,950,GI9,-32.133442,115.419991,NW,83,46.0,21.623334884643555,35.93000030517578,21.07333374023437,36.04999923706055,22.252,35.662,22.0976,35.5916,roms,22.129148483276367,36.49043655395508,21.817848205566406,36.80586624145508,fv,0.6286651153564442,-0.2680003051757822,1.024266259765625,-0.4583992370605472,0.5058135986328125,0.5604362487792969,0.7445144653320312,0.7558670043945312
1992,1992-03-23,1006,OA50,-32.099116,115.616996,NW,83,18.782251358032227,21.049848556518555,35.83842849731445,20.970273971557617,35.839317321777344,22.2115,35.775,22.188,35.765,roms,22.12820625305176,36.44873046875,21.841533660888672,36.44762420654297,fv,1.1616514434814462,-0.0634284973144545,1.2177260284423816,-0.0743173217773431,1.0783576965332031,0.6103019714355469,0.8712596893310547,0.608306884765625
1992,1992-03-23,1010,GI10,-32.150108,115.453324,W,83,39.0476188659668,21.39000129699707,35.94999694824219,20.956666946411133,36.04999923706055,22.2265,35.676500000000004,22.083619048309323,35.6138095237732,roms,22.09293937683105,36.5597038269043,21.800032648593096,36.81622716674177,fv,0.8364987030029312,-0.2734969482421832,1.1269521018981905,-0.436189713287348,0.7029380798339844,0.6097068786621094,0.8433657021819627,0.7662279296812216
1992,1992-03-23,1026,GI11,-32.169281,115.485823,W,83,37.0,21.4233341217041,35.95000076293945,20.790000915527344,36.04999923706055,22.214,35.686499999999995,22.0558,35.6348,roms,22.087385177612305,36.50022506713867,21.765092849731445,36.81377410888672,fv,0.7906658782958971,-0.2635007629394579,1.2657990844726577,-0.4151992370605484,0.6640510559082031,0.5502243041992188,0.9750919342041016,0.7637748718261719
1992,1992-03-23,1043,GI12,-32.188446,115.518324,W,83,35.0,21.290000915527344,35.94999694824219,20.72333526611328,36.03999710083008,22.196,35.7165,22.019,35.661,roms,22.111635208129883,36.39776992797852,21.80813217163086,36.78316116333008,fv,0.9059990844726542,-0.2334969482421911,1.295664733886717,-0.3789971008300767,0.8216342926025391,0.4477729797363281,1.084796905517578,0.7431640625
1992,1992-03-23,1140,GI15,-32.250114,115.615826,SW,83,14.0,20.790000915527344,35.89999771118164,20.790000915527344,35.89999771118164,22.2695,35.821,22.214,35.802,roms,22.07405662536621,36.61349105834961,21.784713745117188,36.61650848388672,fv,1.479499084472657,-0.0789977111816426,1.4239990844726549,-0.097997711181641,1.2840557098388672,0.7134933471679688,0.9947128295898438,0.7165107727050781
1992,1992-03-23,1200,GI15,-32.250114,115.615826,SW,83,14.0,21.69499969482422,35.900001525878906,20.795000076293945,35.880001068115234,22.2695,35.821,22.214,35.802,roms,22.07405662536621,36.61349105834961,21.784713745117188,36.61650848388672,fv,0.574500305175782,-0.0790015258789083,1.418999923706053,-0.0780010681152347,0.3790569305419922,0.7134895324707031,0.9897136688232422,0.7365074157714844
1992,1992-03-23,1210,GI30,-32.25011,115.599989,SW,83,28.0,21.311668395996094,35.900001525878906,20.645000457763672,35.900001525878906,22.2255,35.7855,22.128,35.769,roms,22.1385498046875,36.52662658691406,21.90123176574707,36.61156463623047,fv,0.9138316040039064,-0.1145015258789072,1.4829995422363282,-0.1310015258789079,0.8268814086914062,0.6266250610351562,1.2562313079833984,0.7115631103515625
1992,1992-03-23,1230,GI35,-32.250111,115.558327,SW,83,34.0,21.720001220703125,36.02000045776367,20.7450008392334,36.01000213623047,22.187,35.7595,22.0466,35.7282,roms,22.125703811645508,36.500614166259766,21.78486442565918,36.78795623779297,fv,0.4669987792968726,-0.2605004577636691,1.301599160766603,-0.2818021362304677,0.4057025909423828,0.4806137084960937,1.0398635864257812,0.7779541015625
1992,1992-03-23,1245,GI40,-32.250112,115.53333,SW,83,36.0,21.4950008392334,35.93000030517578,20.795000076293945,35.99666976928711,22.187,35.747,22.0038,35.705200000000005,roms,22.08722877502441,36.55604553222656,21.734004974365234,36.80367660522461,fv,0.6919991607665992,-0.1830003051757813,1.2087999237060565,-0.2914697692871044,0.5922279357910156,0.6260452270507812,0.9390048980712892,0.8070068359375
1992,1992-03-23,1300,GI45,-32.250108,115.508322,SW,83,38.0,21.795000076293945,35.93000030517578,20.7450008392334,35.94000244140625,22.1895,35.729,21.9876,35.6728,roms,22.08247947692871,36.60232162475586,21.72383689880371,36.806060791015625,fv,0.3944999237060571,-0.201000305175782,1.242599160766602,-0.2672024414062477,0.2874794006347656,0.6723213195800781,0.9788360595703124,0.866058349609375
1992,1992-03-23,1315,GI50,-32.250108,115.483326,SW,83,40.0,21.711668014526367,35.956668853759766,20.895000457763672,35.9900016784668,22.199,35.709,21.997,35.648,roms,22.089401245117188,36.66860961914063,21.7334041595459,36.81772613525391,fv,0.4873319854736309,-0.2476688537597624,1.101999542236328,-0.3420016784668007,0.3777332305908203,0.7119407653808594,0.8384037017822266,0.8277244567871094
1992,1992-03-23,1330,GI55,-32.250112,115.458329,SW,83,42.0,21.94499969482422,35.96000289916992,20.795000076293945,35.9900016784668,22.211,35.697500000000005,21.9976,35.6196,roms,22.09406089782715,36.700775146484375,21.797945022583008,36.8128662109375,fv,0.2660003051757797,-0.2625028991699167,1.2025999237060567,-0.3704016784667985,0.1490612030029297,0.7407722473144531,1.0029449462890625,0.8228645324707031
1992,1992-03-23,1420,MN85,-32.291775,115.558326,SW,83,37.0,21.9950008392334,36.09000015258789,20.795000076293945,36.09000015258789,22.1835,35.7765,22.062,35.754,roms,22.11260414123535,36.58005905151367,21.776626586914062,36.79023742675781,fv,0.1884991607666037,-0.313500152587892,1.266999923706056,-0.3360001525878928,0.1176033020019531,0.4900588989257812,0.9816265106201172,0.7002372741699219
1992,1992-03-23,1500,MN90,-32.333446,115.591663,SW,83,36.0,21.69499969482422,36.03000259399414,20.895000457763672,36.09000015258789,22.211,35.8225,22.151,35.813,roms,22.115707397460938,36.63888168334961,21.801000595092773,36.7314338684082,fv,0.5160003051757798,-0.2075025939941426,1.255999542236328,-0.2770001525878882,0.4207077026367187,0.6088790893554688,0.9060001373291016,0.6414337158203125
1992,1992-03-23,1520,MN26,-32.333443,115.616662,SW,83,27.0,21.69499969482422,36.01000213623047,20.895000457763672,35.97999954223633,22.244,35.865,22.213,35.870000000000005,roms,22.125465393066406,36.616458892822266,21.84447288513184,36.6530647277832,fv,0.549000305175781,-0.1450021362304667,1.317999542236329,-0.1099995422363235,0.4304656982421875,0.6064567565917969,0.949472427368164,0.673065185546875
1992,1992-03-24,815,GI2,-32.133442,115.606661,NW,84,8.0,21.040000915527344,35.96333312988281,21.040000915527344,35.96999740600586,22.1415,35.7555,22.102,35.741,roms,22.331514358520508,36.38744354248047,22.05409240722656,36.41909217834473,fv,1.1014990844726569,-0.2078331298828146,1.0619990844726566,-0.2289974060058597,1.291513442993164,0.4241104125976562,1.0140914916992188,0.4490947723388672
1992,1992-03-24,825,GI3,-32.133449,115.594989,NW,84,12.0,20.85666847229004,35.95000076293945,20.790000915527344,36.0099983215332,22.1415,35.7555,22.074,35.745000000000005,roms,22.395166397094727,36.39921569824219,22.047429209873243,36.40483466843554,fv,1.2848315277099616,-0.1945007629394552,1.2839990844726543,-0.2649983215331986,1.5384979248046875,0.4492149353027344,1.2574282943458996,0.3948363469023377
1992,1992-03-24,845,MN26,-32.333443,115.616662,SW,84,27.0,21.39499855041504,36.130001068115234,21.09499931335449,36.08000183105469,22.1445,35.868,22.105,35.869,roms,22.289581298828125,36.58436584472656,21.872234344482425,36.63692855834961,fv,0.7495014495849617,-0.2620010681152322,1.0100006866455082,-0.2110018310546877,0.8945827484130859,0.4543647766113281,0.7772350311279297,0.5569267272949219
1992,1992-03-24,900,MN90,-32.333446,115.591663,SW,84,36.0,21.39499855041504,36.06999969482422,21.14499855041504,36.18000030517578,22.136000000000003,35.828500000000005,22.084,35.812,roms,22.328081130981445,36.628787994384766,21.79683303833008,36.7181510925293,fv,0.7410014495849637,-0.2414996948242134,0.9390014495849606,-0.3680003051757836,0.9330825805664062,0.5587882995605469,0.6518344879150391,0.5381507873535156
1992,1992-03-24,905,GI6,-32.133447,115.53749,NW,84,33.0,21.09000015258789,35.91999816894531,20.7400016784668,35.97999954223633,22.1345,35.711,21.992,35.692,roms,22.35228538513184,36.314788818359375,21.837322235107425,36.74439239501953,fv,1.0444998474121086,-0.2089981689453139,1.251998321533204,-0.2879995422363279,1.262285232543945,0.3947906494140625,1.097320556640625,0.7643928527832031
1992,1992-03-24,920,GI7,-32.133448,115.49833,NW,84,36.0,21.290000915527344,35.91999816894531,20.810001373291016,35.98999786376953,22.1435,35.6965,21.9826,35.6596,roms,22.367868423461918,36.48232650756836,21.79850578308105,36.81112289428711,fv,0.8534990844726558,-0.2234981689453121,1.1725986267089858,-0.3303978637695337,1.0778675079345703,0.5623283386230469,0.9885044097900392,0.8211250305175781
1992,1992-03-24,925,MN88,-32.291782,115.59166,SW,84,34.0,21.39833068847656,36.03000259399414,20.84499931335449,36.11000061035156,22.1475,35.8125,22.075,35.8,roms,22.287078857421875,36.53643798828125,21.85727310180664,36.65956497192383,fv,0.7491693115234384,-0.2175025939941406,1.230000686645507,-0.3100006103515653,0.8887481689453125,0.5064353942871094,1.0122737884521484,0.5495643615722656
1992,1992-03-24,935,GI8,-32.133448,115.459987,NW,84,45.0,21.290000915527344,35.91999816894531,20.790000915527344,35.983333587646484,22.1735,35.675,22.008,35.61,roms,22.354745864868164,36.500186920166016,21.784896850585938,36.814491271972656,fv,0.8834990844726534,-0.2449981689453153,1.2179990844726554,-0.3733335876464849,1.0647449493408203,0.5801887512207031,0.9948959350585938,0.8311576843261719
1992,1992-03-24,943,Y8,-31.920447,115.727822,N,84,16.619998931884766,22.144216537475582,36.08903121948242,21.77671813964844,36.0639533996582,22.195,35.9385,22.153,35.94,roms,22.540679931640625,36.46146011352539,22.250356674194336,36.469234466552734,fv,0.0507834625244143,-0.1505312194824242,0.3762818603515612,-0.1239533996582054,0.396463394165039,0.3724288940429687,0.4736385345458984,0.4052810668945312
1992,1992-03-24,945,MN85,-32.291775,115.558326,SW,84,37.0,21.419998168945312,36.05000305175781,20.89499855041504,36.09000015258789,22.114,35.783500000000004,22.018,35.766,roms,22.3099422454834,36.51546096801758,21.78598403930664,36.78191757202149,fv,0.6940018310546847,-0.2665030517578088,1.1230014495849616,-0.3240001525878924,0.8899440765380859,0.4654579162597656,0.8909854888916016,0.6919174194335938
1992,1992-03-24,952,Y9,-31.893443,115.729156,N,84,20.520000457763672,22.182701110839844,36.071414947509766,21.63924789428711,36.02524185180664,22.195,35.9385,22.153,35.94,roms,22.6190242767334,36.50726318359375,22.270978927612305,36.505897521972656,fv,0.0122988891601565,-0.1329149475097679,0.5137521057128893,-0.0852418518066429,0.4363231658935547,0.4358482360839844,0.6317310333251953,0.4806556701660156
1992,1992-03-24,1000,Y10,-31.877941,115.743324,N,84,36.108882904052734,22.254831314086918,36.05576705932617,15.138838768005373,30.3994140625,22.228,35.934,22.189,35.935,roms,22.70868682861328,36.57682418823242,22.530548095703125,36.57335662841797,fv,-0.0268313140869125,-0.1217670593261743,7.050161231994629,5.535585937500002,0.4538555145263672,0.52105712890625,7.391709327697754,6.173942565917969
1992,1992-03-24,1020,GI10,-32.150108,115.453324,W,84,40.0,21.623334884643555,35.88666534423828,20.790000915527344,36.02000045776367,22.1765,35.677,22.039,35.608000000000004,roms,22.292295455932617,36.58535385131836,21.771677828328865,36.81725211149357,fv,0.5531651153564461,-0.2096653442382816,1.2489990844726575,-0.4120004577636678,0.6689605712890625,0.6986885070800781,0.981676912801518,0.7972516537299015
1992,1992-03-24,1021,Y13,-31.876776,115.698325,N,84,36.05064010620117,21.996795654296875,36.024497985839844,15.131696701049805,30.385513305664062,22.273,35.8505,22.247,35.843,roms,22.685407638549805,36.49800491333008,22.351118087768555,36.48970031738281,fv,0.2762043457031247,-0.173997985839847,7.115303298950195,5.457486694335941,0.6886119842529297,0.4735069274902344,7.21942138671875,6.10418701171875
1992,1992-03-24,1028,Y14,-31.877273,115.679162,N,84,36.04238510131836,21.984487533569336,36.005226135253906,15.059645652770996,30.321922302246094,22.2975,35.787499999999994,22.272,35.758,roms,22.65846824645996,36.47768783569336,22.327693939208984,36.48056411743164,fv,0.3130124664306635,-0.2177261352539119,7.212354347229002,5.436077697753909,0.673980712890625,0.4724617004394531,7.268048286437988,6.158641815185547
1992,1992-03-24,1030,GI55,-32.250112,115.458329,SW,84,42.0,21.89499855041504,35.93000030517578,20.795000076293945,36.0,22.164,35.7025,21.9688,35.6268,roms,22.310216903686523,36.75280380249024,21.802289962768555,36.80466079711914,fv,0.2690014495849624,-0.2275003051757806,1.1737999237060563,-0.3732000000000042,0.4152183532714844,0.8228034973144531,1.0072898864746094,0.8046607971191406
1992,1992-03-24,1037,Y15,-31.876778,115.646662,N,84,35.94540786743164,21.782127380371094,35.92200469970703,16.476703643798828,29.531299591064453,22.2895,35.748000000000005,22.237,35.726,roms,22.536436080932617,36.36702728271485,22.24010467529297,36.39797592163086,fv,0.5073726196289066,-0.1740046997070266,5.760296356201174,6.194700408935546,0.7543087005615234,0.4450225830078125,5.763401031494141,6.866676330566406
1992,1992-03-24,1040,GI11,-32.169281,115.485823,W,84,37.0,21.540000915527344,35.90999984741211,21.09000015258789,36.0,22.1605,35.692499999999995,22.0124,35.6338,roms,22.31941795349121,36.48896026611328,21.75443458557129,36.8088493347168,fv,0.6204990844726552,-0.2174998474121139,0.9223998474121088,-0.3661999999999992,0.7794170379638672,0.5789604187011719,0.6644344329833984,0.8088493347167969
1992,1992-03-24,1045,GI50,-32.250108,115.483326,SW,84,40.0,20.795000076293945,35.96000289916992,20.89499855041504,35.970001220703125,22.143,35.7095,21.963,35.654,roms,22.3046932220459,36.57806396484375,21.734676361083984,36.81537628173828,fv,1.3479999237060554,-0.2505028991699234,1.068001449584962,-0.3160012207031286,1.5096931457519531,0.6180610656738281,0.8396778106689453,0.8453750610351562
1992,1992-03-24,1100,GI45,-32.250108,115.508322,SW,84,38.0,21.69499969482422,35.96000289916992,20.89499855041504,36.0,22.1205,35.7325,21.9538,35.6818,roms,22.317873001098636,36.468692779541016,21.726224899291992,36.80416870117188,fv,0.4255003051757811,-0.2275028991699201,1.058801449584962,-0.3182000000000045,0.6228733062744141,0.5086898803710938,0.8312263488769531,0.804168701171875
1992,1992-03-24,1115,GI40,-32.250112,115.53333,SW,84,36.0,21.69499969482422,35.96000289916992,19.795000076293945,36.0,22.117,35.7515,21.9762,35.7214,roms,22.334793090820312,36.4349479675293,21.74078941345215,36.80160140991211,fv,0.4220003051757786,-0.2085028991699218,2.1811999237060533,-0.2785999999999973,0.6397933959960938,0.474945068359375,1.9457893371582031,0.8016014099121094
1992,1992-03-24,1130,GI35,-32.250111,115.558327,SW,84,34.0,21.89499855041504,36.060001373291016,20.795000076293945,36.05000305175781,22.121,35.7695,22.0042,35.7506,roms,22.363473892211918,36.4256706237793,21.79105758666992,36.78227615356445,fv,0.2260014495849631,-0.2905013732910149,1.209199923706052,-0.2994030517578139,0.468475341796875,0.3656692504882812,0.9960575103759766,0.7322731018066406
1992,1992-03-24,1135,GI14,-32.228447,115.583331,W,84,32.0,21.590002059936523,35.88999938964844,20.7400016784668,36.02000045776367,22.1415,35.795500000000004,22.066,35.786,roms,22.38530921936035,36.43374252319336,21.86715507507324,36.6749382019043,fv,0.5514979400634772,-0.0944993896484334,1.325998321533202,-0.2340004577636705,0.7953071594238281,0.5437431335449219,1.127153396606445,0.654937744140625
1992,1992-03-24,1150,GI30,-32.25011,115.599989,SW,84,35.968597412109375,21.79825782775879,35.87091064453125,15.157710075378418,30.055234909057617,22.1415,35.795500000000004,22.066,35.786,roms,22.305450439453125,36.519775390625,21.90012550354004,36.61294174194336,fv,0.3432421722412115,-0.0754106445312459,6.908289924621581,5.730765090942384,0.5071926116943359,0.64886474609375,6.742415428161621,6.557706832885742
1992,1992-03-24,1155,GI15,-32.250114,115.615826,SW,84,14.0,21.38333320617676,35.896663665771484,20.770000457763672,35.88999938964844,22.1595,35.8365,22.102,35.819,roms,22.315444946289062,36.58261489868164,21.99940490722656,36.598899841308594,fv,0.7761667938232435,-0.0601636657714834,1.3319995422363284,-0.0709993896484348,0.9321117401123048,0.6859512329101562,1.2294044494628906,0.7089004516601562
1992,1992-03-24,1200,GI15,-32.250114,115.615826,SW,84,35.93960952758789,21.941638946533203,35.91961669921875,15.050848960876465,30.28699111938477,22.1595,35.8365,22.108,35.815,roms,22.315444946289062,36.58261489868164,21.99940490722656,36.598899841308594,fv,0.2178610534667981,-0.083116699218749,7.057151039123536,5.528008880615232,0.3738059997558594,0.6629981994628906,6.948555946350098,6.311908721923828
1992,1992-03-24,1250,Y29,-32.026776,115.615828,NW,84,35.945556640625,21.78319358825684,35.92425537109375,15.128026962280272,30.33509635925293,22.1445,35.782,22.098,35.775,roms,22.270362854003903,36.5567512512207,21.967973709106445,36.56314468383789,fv,0.3613064117431648,-0.1422553710937535,6.9699730377197255,5.439903640747069,0.4871692657470703,0.6324958801269531,6.839946746826172,6.228048324584961
1992,1992-03-24,1259,Y30,-32.035113,115.58333,NW,84,35.94502639770508,22.292217254638672,35.82451248168945,15.153738975524902,30.15524101257324,22.1285,35.744,22.074,35.732,roms,22.40155029296875,36.35066223144531,21.927261352539062,36.43983459472656,fv,-0.1637172546386729,-0.0805124816894533,6.920261024475096,5.576758987426757,0.1093330383300781,0.5261497497558594,6.77352237701416,6.28459358215332
1992,1992-03-25,904,Y7,-31.939614,115.747489,N,85,36.14311981201172,22.59742546081543,36.11774063110352,15.063621520996094,30.34417152404785,22.088,35.965500000000006,22.022,35.965,roms,22.41359519958496,36.55514907836914,22.423660278320312,36.554386138916016,fv,-0.5094254608154287,-0.1522406311035098,6.958378479003905,5.620828475952152,-0.1838302612304687,0.437408447265625,7.360038757324219,6.210214614868164
1992,1992-03-25,912,Y8,-31.920447,115.727822,N,85,36.10749816894531,22.171640396118164,36.05990219116211,15.12950611114502,30.391395568847656,22.127,35.948,22.06,35.948,roms,22.283971786499023,36.48740005493164,22.29242515563965,36.485748291015625,fv,-0.0446403961181616,-0.1119021911621089,6.930493888854979,5.556604431152344,0.1123313903808593,0.4274978637695312,7.162919044494629,6.094352722167969
1992,1992-03-25,921,Y9,-31.893443,115.729156,N,85,36.0874252319336,22.18614959716797,36.07930755615234,15.071012496948242,30.34628295898437,22.127,35.948,22.06,35.948,roms,22.359054565429688,36.50607681274414,22.37667465209961,36.51143646240234,fv,-0.0591495971679663,-0.1313075561523433,6.9889875030517565,5.601717041015625,0.1729049682617187,0.4267692565917969,7.305662155151367,6.165153503417969
1992,1992-03-25,932,Y10,-31.877941,115.743324,N,85,36.08931350708008,22.5516357421875,36.05205535888672,15.04181957244873,30.297157287597656,22.1545,35.9405,22.089,35.941,roms,22.549074172973636,36.58059310913086,22.557600021362305,36.580379486083984,fv,-0.3971357421875012,-0.1115553588867186,7.047180427551268,5.643842712402346,-0.0025615692138671,0.5285377502441406,7.515780448913574,6.283222198486328
1992,1992-03-25,951,Y12,-31.87678,115.719162,N,85,36.07364273071289,22.083532333374023,36.06133270263672,15.144906997680664,30.16497802734375,22.215,35.8515,22.166,35.836,roms,22.3638973236084,36.49615859985352,22.37432861328125,36.497928619384766,fv,0.1314676666259764,-0.2098327026367172,7.021093002319336,5.6710219726562485,0.280364990234375,0.4348258972167969,7.229421615600586,6.332950592041016
1992,1992-03-25,1013,Y14,-31.877273,115.679162,N,85,36.00297164916992,21.85486221313477,35.99597930908203,15.860587120056152,29.884174346923828,22.244,35.7945,22.2,35.761,roms,22.366254806518555,36.46646499633789,22.350345611572266,36.487037658691406,fv,0.3891377868652341,-0.2014793090820319,6.339412879943847,5.876825653076175,0.5113925933837891,0.4704856872558594,6.489758491516113,6.602863311767578
1992,1992-03-25,1029,Y16,-31.876274,115.614162,N,85,37.55999755859375,21.61983108520508,35.91966247558594,15.233248710632324,30.45218849182129,22.2385,35.7355,22.077,35.737,roms,22.228927612304688,36.3236083984375,22.299999237060547,36.4139289855957,fv,0.6186689147949238,-0.1841624755859356,6.843751289367674,5.284811508178713,0.6090965270996094,0.4039459228515625,7.066750526428223,5.961740493774414
1992,1992-03-25,1110,MN70,-32.40011,115.658324,S,85,19.0,21.89499855041504,36.26000213623047,20.795000076293945,36.310001373291016,22.028,35.915,21.969,35.902,roms,21.93826103210449,36.5690803527832,21.93776512145996,36.566162109375,fv,0.1330014495849596,-0.3450021362304696,1.173999923706056,-0.4080013732910146,0.0432624816894531,0.3090782165527344,1.1427650451660156,0.2561607360839844
1992,1992-03-25,1130,MN72,-32.43345,115.649992,S,85,14.0,21.94499969482422,36.28000259399414,21.971664428710938,36.3900032043457,22.0075,35.9035,21.941,35.894,roms,21.920312881469727,36.59963607788086,21.92704963684082,36.59455871582031,fv,0.0625003051757815,-0.3765025939941395,-0.0306644287109385,-0.4960032043457048,-0.0246868133544921,0.3196334838867187,-0.0446147918701171,0.2045555114746093
1992,1992-03-25,1145,MN20,-32.433447,115.668328,S,85,16.0,22.125,36.400001525878906,22.125,36.53000259399414,21.981,35.942499999999995,21.93,35.933,roms,21.953584671020508,36.64150619506836,21.95535659790039,36.63656234741211,fv,-0.1439999999999983,-0.4575015258789108,-0.1950000000000002,-0.5970025939941408,-0.1714153289794922,0.2415046691894531,-0.1696434020996093,0.1065597534179687
1992,1992-03-25,1200,MN75,-32.416777,115.694989,S,85,10.0,22.295000076293945,36.5,22.295000076293945,36.5,21.987,35.962,21.942,35.951,roms,22.02402687072754,36.631004333496094,22.027995109558105,36.62883377075195,fv,-0.3080000762939434,-0.5379999999999967,-0.3530000762939451,-0.5489999999999995,-0.2709732055664062,0.1310043334960937,-0.2670049667358398,0.1288337707519531
1992,1992-03-25,1210,MN80,-32.416781,115.71999,S,85,13.0,22.39499855041504,36.5,22.39499855041504,36.5,21.9305,36.004999999999995,21.877,36.0,roms,22.05506896972656,36.49560928344727,22.05973243713379,36.4937629699707,fv,-0.4644985504150369,-0.4950000000000045,-0.5179985504150402,-0.5,-0.3399295806884765,-0.0043907165527343,-0.33526611328125,-0.0062370300292968
1992,1992-03-25,1245,MN13,-32.45011,115.705827,S,85,15.0,22.49499893188477,36.53000259399414,22.295000076293945,36.53000259399414,21.941000000000003,35.985,21.9,35.978,roms,21.889373779296875,36.57076644897461,21.886497497558597,36.5694694519043,fv,-0.5539989318847631,-0.5450025939941412,-0.3950000762939467,-0.5520025939941391,-0.6056251525878906,0.0407638549804687,-0.4085025787353515,0.0394668579101562
1992,1992-03-25,1300,MN9,-32.483443,115.699997,S,85,13.0,22.375,36.470001220703125,22.375,36.470001220703125,21.9335,35.984500000000004,21.88,35.97,roms,21.941251754760746,36.62576675415039,21.94188117980957,36.62309265136719,fv,-0.4414999999999978,-0.4855012207031208,-0.495000000000001,-0.5000012207031261,-0.4337482452392578,0.1557655334472656,-0.4331188201904297,0.1530914306640625
1992,1992-03-25,1320,MN2,-32.500114,115.694989,S,85,12.0,22.545000076293945,36.0,22.39499855041504,36.0,21.963,35.947,21.893,35.946,roms,21.95111846923828,36.66373062133789,21.95489005414628,36.66023272019452,fv,-0.5820000762939443,-0.0529999999999972,-0.5019985504150384,-0.054000000000002,-0.5938816070556641,0.6637306213378906,-0.4401084962687598,0.6602327201945215
1992,1992-03-25,1321,Y31,-32.04844,115.554158,NW,85,35.921993255615234,21.681018829345703,35.910526275634766,16.350555419921875,29.64751625061035,22.134,35.735,22.045,35.723,roms,22.150156021118164,36.28458023071289,22.020160675048828,36.4390983581543,fv,0.4529811706542972,-0.1755262756347662,5.694444580078127,6.075483749389647,0.4691371917724609,0.374053955078125,5.669605255126953,6.791582107543945
1992,1992-03-25,1325,MN3,-32.512613,115.700823,S,85,11.0,22.59499931335449,36.01000213623047,22.4950008392334,36.01666641235352,21.9335,35.984500000000004,21.88,35.97,roms,21.98579406738281,36.64982223510742,21.984277567434948,36.65249930183963,fv,-0.66149931335449,-0.0255021362304646,-0.6150008392333994,-0.0466664123535167,-0.6092052459716797,0.6398200988769531,-0.5107232717984509,0.6358328894861174
1992,1992-03-25,1330,MN4,-32.512609,115.708328,S,85,8.0,22.59499931335449,36.505001068115234,22.59499931335449,36.51000213623047,21.9335,35.984500000000004,21.88,35.97,roms,22.00630187988281,36.63516998291016,22.013282775878903,36.63404083251953,fv,-0.66149931335449,-0.5205010681152302,-0.7149993133544932,-0.5400021362304699,-0.5886974334716797,0.1301689147949218,-0.5817165374755859,0.1240386962890625
1992,1992-03-26,800,GI1,-32.133444,115.623326,NW,86,18.0,21.2400016784668,35.94000244140625,21.190000534057617,35.94000244140625,22.102,35.801500000000004,22.039,35.815,roms,21.74510383605957,36.60614013671875,21.72115135192871,36.60225296020508,fv,0.8619983215331999,-0.1385024414062456,0.8489994659423843,-0.1250024414062522,0.5051021575927734,0.6661376953125,0.5311508178710938,0.6622505187988281
1992,1992-03-26,815,GI3,-32.133449,115.594989,NW,86,12.0,21.040000915527344,35.84000015258789,21.040000915527344,35.85333633422852,22.117,35.765,22.033,35.77,roms,21.821191787719727,36.62130737304688,21.80705846313164,36.61659827254189,fv,1.0769990844726536,-0.07500015258789,0.9929990844726576,-0.0833363342285196,0.7811908721923828,0.7813072204589844,0.767057547604292,0.7632619383133772
1992,1992-03-26,828,MN26,-32.333443,115.616662,SW,86,27.0,20.895000457763672,35.9900016784668,20.895000457763672,35.9900016784668,22.0635,35.8425,21.962,35.858000000000004,roms,21.78531837463379,36.697750091552734,21.762252807617188,36.732872009277344,fv,1.1684995422363258,-0.1475016784667957,1.066999542236328,-0.1320016784667927,0.8903179168701172,0.7077484130859375,0.8672523498535156,0.7428703308105469
1992,1992-03-26,830,GI5,-32.133442,115.57666,NW,86,28.0,21.040000915527344,35.93000030517578,21.040000915527344,35.95000076293945,22.1225,35.734500000000004,22.017,35.733000000000004,roms,21.78983497619629,36.54704284667969,21.819125886478584,36.76409805269312,fv,1.0824990844726583,-0.1955003051757771,0.9769990844726556,-0.217000762939449,0.7498340606689453,0.6170425415039062,0.7791249709512407,0.8140972897536685
1992,1992-03-26,842,Y29,-32.026776,115.615828,NW,86,35.93653869628906,21.339601516723636,35.92631149291992,14.990967750549316,30.16940116882324,22.103,35.786,22.037,35.805,roms,21.735509872436523,36.4163818359375,21.726184844970703,36.41378402709961,fv,0.7633984832763687,-0.1403114929199205,7.046032249450683,5.6355988311767575,0.3959083557128906,0.4900703430175781,6.735217094421387,6.244382858276367
1992,1992-03-26,845,MN90,-32.333446,115.591663,SW,86,36.0,21.2450008392334,36.04999923706055,20.978334426879883,36.06999969482422,22.065,35.803,21.965,35.81,roms,21.825868606567383,36.819313049316406,21.803979873657227,36.80913543701172,fv,0.8199991607665993,-0.2469992370605496,0.986665573120117,-0.2599996948242165,0.5808677673339844,0.7693138122558594,0.8256454467773438,0.7391357421875
1992,1992-03-26,852,Y30,-32.035113,115.58333,NW,86,35.92142105102539,21.340476989746094,35.89895248413086,15.066975593566896,30.31402969360352,22.106,35.752,22.036,35.767,roms,21.845335006713867,36.38111114501953,21.827953338623047,36.37535095214844,fv,0.7655230102539079,-0.1469524841308569,6.969024406433107,5.45297030639648,0.5048580169677734,0.4821586608886719,6.760977745056152,6.061321258544922
1992,1992-03-26,900,MN88,-32.291782,115.59166,SW,86,34.0,21.045000076293945,35.96000289916992,20.895000457763672,36.01000213623047,22.09,35.787499999999994,21.971,35.795,roms,21.790855407714844,36.6673469543457,21.75427627563477,36.66953659057617,fv,1.0449999237060543,-0.1725028991699275,1.0759995422363282,-0.215002136230467,0.7458553314208984,0.7073440551757812,0.8592758178710938,0.6595344543457031
1992,1992-03-26,901,Y31,-32.04844,115.554158,NW,86,35.93732452392578,21.29743003845215,35.9287223815918,16.3824520111084,29.609848022460938,22.1155,35.724000000000004,22.031,35.732,roms,21.940671920776367,36.38932418823242,21.91814613342285,36.38484573364258,fv,0.8180699615478488,-0.2047223815917931,5.6485479888916,6.122151977539062,0.6432418823242188,0.460601806640625,5.535694122314453,6.774997711181641
1992,1992-03-26,915,MN85,-32.291775,115.558326,SW,86,37.0,21.2450008392334,36.0433349609375,21.2450008392334,36.08000183105469,22.0745,35.7625,21.959,35.756,roms,21.770309448242188,36.72874450683594,21.748825073242188,36.733375549316406,fv,0.829499160766602,-0.2808349609374971,0.7139991607666012,-0.3240018310546873,0.5253086090087891,0.6854095458984375,0.5038242340087891,0.6533737182617188
1992,1992-03-26,918,GI8,-32.133448,115.459987,NW,86,45.0,21.2400016784668,35.84000015258789,21.2400016784668,35.84000015258789,22.178,35.6555,21.961,35.61,roms,21.78764533996582,36.54658126831055,21.8350830078125,36.79456329345703,fv,0.9379983215332004,-0.1845001525878871,0.7209983215332016,-0.2300001525878912,0.5476436614990234,0.7065811157226562,0.5950813293457031,0.9545631408691406
1992,1992-03-26,921,Y33,-32.07178,115.501659,NW,86,49.0,21.09506225585937,35.8843994140625,21.08414459228516,35.885826110839844,22.1435,35.676,22.009,35.668,roms,21.884689331054688,36.54690933227539,21.821006774902344,36.791053771972656,fv,1.0484377441406243,-0.208399414062498,0.924855407714844,-0.2178261108398445,0.7896270751953125,0.6625099182128906,0.7368621826171875,0.9052276611328124
1992,1992-03-26,936,Y37,-32.111777,115.506327,NW,86,44.77999877929688,21.18349266052246,35.89735794067383,20.649715423583984,35.965946197509766,22.137,35.680499999999995,21.871779998779296,35.669955999755864,roms,21.83245277404785,36.50443649291992,21.77375221252441,36.80519485473633,fv,0.9535073394775396,-0.2168579406738331,1.2220645751953114,-0.2959901977539019,0.6489601135253906,0.6070785522460938,1.1240367889404297,0.8392486572265625
1992,1992-03-26,1005,GI55,-32.250112,115.458329,SW,86,42.0,21.295000076293945,35.900001525878906,21.045000076293945,35.90999984741211,22.1485,35.675,21.9376,35.632,roms,21.81447029113769,36.78785705566406,21.78985595703125,36.78278732299805,fv,0.8534999237060532,-0.2250015258789091,0.8925999237060545,-0.2779998474121115,0.51947021484375,0.8878555297851562,0.7448558807373047,0.8727874755859375
1992,1992-03-26,1015,GI50,-32.250108,115.483326,SW,86,40.0,21.295000076293945,35.900001525878906,21.095001220703125,35.90999984741211,22.1305,35.6935,21.939,35.655,roms,21.8033447265625,36.75341796875,21.781572341918945,36.77886962890625,fv,0.8354999237060525,-0.206501525878906,0.8439987792968751,-0.2549998474121082,0.5083446502685547,0.8534164428710938,0.6865711212158203,0.8688697814941406
1992,1992-03-26,1024,GI11,-32.169281,115.485823,W,86,37.0,21.2400016784668,35.84333419799805,21.073335647583008,35.85000228881836,22.15,35.6735,21.977400000000003,35.648,roms,21.80268859863281,36.52646255493164,21.76725959777832,36.80259704589844,fv,0.9099983215332016,-0.1698341979980497,0.9040643524169952,-0.2020022888183632,0.5626869201660156,0.6831283569335938,0.6939239501953125,0.952594757080078
1992,1992-03-26,1030,GI45,-32.250108,115.508322,SW,86,38.0,21.295000076293945,35.89999771118164,21.045000076293945,35.93000030517578,22.11,35.709,21.9246,35.680800000000005,roms,21.823095321655277,36.769412994384766,21.784446716308597,36.7738151550293,fv,0.8149999237060541,-0.1909977111816374,0.8795999237060563,-0.2492003051757763,0.5280952453613281,0.869415283203125,0.7394466400146484,0.8438148498535156
1992,1992-03-26,1045,GI40,-32.250112,115.53333,SW,86,36.0,21.2450008392334,35.92000198364258,20.9950008392334,35.93000030517578,22.0995,35.7275,21.9448,35.711400000000005,roms,21.82389259338379,36.76305770874024,21.79021644592285,36.77802658081055,fv,0.8544991607666006,-0.1925019836425789,0.9497991607666024,-0.2186003051757765,0.5788917541503906,0.8430557250976562,0.7952156066894531,0.8480262756347656
1992,1992-03-26,1055,GI35,-32.250111,115.558327,SW,86,34.0,21.2450008392334,35.9900016784668,21.2450008392334,35.9900016784668,22.0925,35.7505,21.9598,35.73780000000001,roms,21.8106632232666,36.65336990356445,21.772459030151367,36.77753829956055,fv,0.8474991607666027,-0.2395016784667945,0.7147991607665993,-0.2522016784667897,0.5656623840332031,0.6633682250976562,0.5274581909179688,0.78753662109375
1992,1992-03-26,1100,GI13,-32.208442,115.551664,W,86,31.0,21.26000022888184,35.8900032043457,21.2400016784668,35.8900032043457,22.1005,35.7425,21.9618,35.7302,roms,21.81432342529297,36.59078979492188,21.78495407104492,36.76943588256836,fv,0.8404997711181643,-0.1475032043457034,0.7217983215332033,-0.1598032043456996,0.5543231964111328,0.7007865905761719,0.544952392578125,0.8794326782226562
1992,1992-03-26,1115,GI30,-32.25011,115.599989,SW,86,28.0,20.9950008392334,35.92000198364258,20.94499969482422,35.92000198364258,22.107,35.773,21.978,35.783,roms,21.873144149780277,36.59800338745117,21.850770950317383,36.60866928100586,fv,1.1119991607666009,-0.147001983642582,1.0330003051757828,-0.1370019836425768,0.878143310546875,0.6780014038085938,0.905771255493164,0.6886672973632812
1992,1992-03-26,1120,GI14,-32.228447,115.583331,W,86,32.0,21.290000915527344,35.8900032043457,21.2400016784668,35.92000198364258,22.107,35.773,21.978,35.783,roms,21.846725463867188,36.5962028503418,21.826440811157227,36.70156097412109,fv,0.8169990844726556,-0.1170032043457069,0.7379983215332047,-0.1370019836425768,0.5567245483398438,0.7061996459960938,0.5864391326904297,0.7815589904785156
1992,1992-03-26,1125,GI15,-32.250114,115.615826,SW,86,14.0,20.92500114440918,35.89999771118164,20.915000915527344,35.90999984741211,22.103,35.815,21.995,35.81,roms,21.744382858276367,36.6147689819336,21.73443031311035,36.61163711547852,fv,1.1779988555908218,-0.0849977111816429,1.0799990844726572,-0.0999998474121071,0.8193817138671875,0.7147712707519531,0.8194293975830078,0.7016372680664062
1992,1992-03-26,1140,GI15,-32.250114,115.615826,SW,86,14.0,20.9900016784668,35.790000915527344,20.9900016784668,35.810001373291016,22.103,35.815,21.995,35.81,roms,21.744382858276367,36.6147689819336,21.73443031311035,36.61163711547852,fv,1.1129983215332049,0.0249990844726539,1.004998321533204,-1.3732910133512632e-06,0.7543811798095703,0.82476806640625,0.7444286346435547,0.8016357421875
1992,1992-03-26,1209,Y31,-32.04844,115.554158,NW,86,35.92592239379883,21.388504028320312,35.919677734375,16.463102340698242,29.868013381958008,22.1155,35.724000000000004,22.031,35.732,roms,21.940671920776367,36.38932418823242,21.91814613342285,36.38484573364258,fv,0.7269959716796848,-0.1956777343749962,5.567897659301757,5.863986618041992,0.5521678924560547,0.4696464538574219,5.455043792724609,6.51683235168457
1992,1992-03-26,1259,Y39,-32.124274,115.568323,NW,86,40.09999847412109,21.25156784057617,35.884361267089844,20.74084854125977,35.9594841003418,22.1225,35.734500000000004,22.017,35.733000000000004,roms,21.80527687072754,36.51417541503906,21.808467864990234,36.775150299072266,fv,0.8709321594238304,-0.1498612670898396,1.2761514587402338,-0.2264841003417927,0.5537090301513672,0.6298141479492188,1.0676193237304688,0.8156661987304688
1992,1992-03-26,1308,Y40,-32.12928,115.591661,NW,86,35.94014358520508,21.17881393432617,35.887733459472656,16.515371322631836,31.07734489440918,22.117,35.765,22.025,35.766,roms,21.82734680175781,36.62057876586914,21.801136016845703,36.61400985717773,fv,0.9381860656738256,-0.1227334594726556,5.509628677368163,4.6886551055908186,0.6485328674316406,0.7328453063964844,5.285764694213867,5.536664962768555
1992,1992-03-26,1316,Y41,-32.135113,115.618329,NW,86,35.92390823364258,21.29024124145508,35.911033630371094,15.476044654846191,29.58055305480957,22.102,35.801500000000004,22.039,35.815,roms,21.7590389251709,36.61111831665039,21.734907150268555,36.60803985595703,fv,0.8117587585449186,-0.1095336303710894,6.56295534515381,6.234446945190427,0.4687976837158203,0.7000846862792969,6.258862495422363,7.027486801147461
1992,1992-03-26,1831,OA45,-32.077944,115.616997,NW,86,19.799415588378903,21.22345352172852,35.85939025878906,21.230270385742188,35.870872497558594,22.1015,35.792,22.047,35.806,roms,21.774742126464844,36.42195129394531,21.74546432495117,36.4133415222168,fv,0.8780464782714859,-0.0673902587890609,0.8167296142578131,-0.0648724975585963,0.5512886047363281,0.56256103515625,0.5151939392089844,0.5424690246582031
1992,1992-03-26,1843,OA50,-32.099116,115.616996,NW,86,18.05979347229004,21.193513870239254,35.84618377685547,21.21198844909668,35.85056686401367,22.1015,35.792,22.047,35.806,roms,21.81133460998535,36.52709579467773,21.77634462552233,36.51445157622492,fv,0.9079861297607436,-0.0541837768554671,0.8350115509033209,-0.0445668640136744,0.6178207397460938,0.6809120178222656,0.5643561764256546,0.6638847122112495
1992,1992-03-27,810,MN26,-32.333443,115.616662,SW,87,27.0,21.295000076293945,36.26666641235352,21.315000534057617,36.290000915527344,21.995,35.8455,21.929,35.852000000000004,roms,21.538530349731445,36.82171249389648,21.42312431335449,36.82237243652344,fv,0.6999999237060557,-0.4211664123535144,0.6139994659423813,-0.4380009155273399,0.2435302734375,0.5550460815429688,0.108123779296875,0.5323715209960938
1992,1992-03-27,818,GI3,-32.133449,115.594989,NW,87,12.0,20.770000457763672,35.91999816894531,20.770000457763672,35.91999816894531,22.088500000000003,35.7575,22.024,35.754,roms,21.568702697753903,36.62330627441406,21.4606192129736,36.62027769661376,fv,1.3184995422363317,-0.1624981689453122,1.253999542236329,-0.1659981689453147,0.7987022399902344,0.70330810546875,0.6906187552099254,0.7002795276684495
1992,1992-03-27,825,GI4,-32.133446,115.58583,NW,87,18.0,20.9900016784668,35.869998931884766,20.940000534057617,35.88999938964844,22.088500000000003,35.7575,22.02,35.754,roms,21.470428466796875,36.634674072265625,21.4191255569458,36.63940048217773,fv,1.0984983215332065,-0.1124989318847653,1.0799994659423824,-0.1359993896484397,0.4804267883300781,0.7646751403808594,0.4791250228881836,0.7494010925292969
1992,1992-03-27,830,MN90,-32.333446,115.591663,SW,87,36.0,21.17500114440918,36.20000076293945,21.17500114440918,36.209999084472656,21.9995,35.8,21.937,35.81,roms,21.57442283630371,36.82005310058594,21.49375343322754,36.814395904541016,fv,0.8244988555908215,-0.4000007629394559,0.7619988555908215,-0.399999084472654,0.3994216918945312,0.6200523376464844,0.3187522888183594,0.6043968200683594
1992,1992-03-27,840,MN88,-32.291782,115.59166,SW,87,34.0,20.9950008392334,36.119998931884766,20.9950008392334,36.119998931884766,22.029,35.796499999999995,21.952,35.798,roms,21.616958618164062,36.79314422607422,21.462236404418945,36.81283950805664,fv,1.0339991607666017,-0.3234989318847709,0.9569991607665996,-0.3219989318847638,0.6219577789306641,0.6731452941894531,0.4672355651855469,0.692840576171875
1992,1992-03-27,841,Y29,-32.026776,115.615828,NW,87,35.97272109985352,20.95639419555664,35.92559051513672,15.15637493133545,30.40312957763672,22.059,35.7765,22.016,35.78,roms,21.31001091003418,36.54732894897461,21.262638092041016,36.55625534057617,fv,1.1026058044433604,-0.1490905151367201,6.859625068664549,5.376870422363282,0.353616714477539,0.6217384338378906,6.106263160705566,6.153125762939453
1992,1992-03-27,845,GI6,-32.133447,115.53749,NW,87,33.0,21.040000915527344,35.88999938964844,21.040000915527344,35.91999816894531,22.0875,35.702,21.979,35.692,roms,21.70563316345215,36.60813522338867,21.771141052246094,36.75722503662109,fv,1.0474990844726548,-0.1879993896484393,0.9389990844726556,-0.2279981689453123,0.6656322479248047,0.7181358337402344,0.73114013671875,0.8372268676757812
1992,1992-03-27,851,Y30,-32.035113,115.58333,NW,87,35.98120880126953,21.0749626159668,35.91167449951172,15.22775936126709,29.547691345214844,22.063,35.7445,22.02,35.749,roms,21.39615821838379,36.4831657409668,21.367040634155277,36.47696685791016,fv,0.988037384033202,-0.1671744995117166,6.79224063873291,6.201308654785159,0.3211956024169922,0.5714912414550781,6.139281272888184,6.9292755126953125
1992,1992-03-27,855,MN85,-32.291775,115.558326,SW,87,37.0,21.095001220703125,36.13999938964844,21.095001220703125,36.13999938964844,22.025,35.7645,21.935,35.768,roms,21.54519844055176,36.81973648071289,21.47183990478516,36.81235504150391,fv,0.9299987792968736,-0.3754993896484393,0.8399987792968737,-0.3719993896484368,0.4501972198486328,0.6797370910644531,0.3768386840820312,0.6723556518554688
1992,1992-03-27,900,Y31,-32.04844,115.554158,NW,87,42.86000061035156,21.057565689086918,35.91598892211914,21.067359924316406,35.9249267578125,22.0745,35.721000000000004,22.007,35.726,roms,21.7081356048584,36.43645858764648,21.873538970947266,36.64999771118164,fv,1.0169343109130864,-0.194988922119137,0.9396400756835952,-0.1989267578125009,0.6505699157714844,0.5204696655273438,0.8061790466308594,0.7250709533691406
1992,1992-03-27,909,Y32,-32.059279,115.527994,NW,87,44.619998931884766,21.08023452758789,35.92680358886719,21.033769607543945,35.921592712402344,22.0935,35.699,22.029,35.689,roms,21.783540725708008,36.47242736816406,21.794952392578125,36.79080581665039,fv,1.0132654724121082,-0.2278035888671894,0.9952303924560546,-0.2325927124023437,0.7033061981201172,0.545623779296875,0.7611827850341797,0.8692131042480469
1992,1992-03-27,919,Y33,-32.07178,115.501659,NW,87,56.05999755859375,20.97354507446289,35.65506362915039,20.762928009033203,35.97745132446289,22.0925,35.678,21.991,35.663,roms,21.706138610839844,36.56950759887695,21.806795120239254,36.79372787475586,fv,1.1189549255371103,0.0229363708496066,1.2280719909667963,-0.3144513244628939,0.7325935363769531,0.9144439697265624,1.043867111206055,0.8162765502929688
1992,1992-03-27,920,GI8,-32.133448,115.459987,NW,87,45.0,21.040000915527344,35.88999938964844,21.023334503173828,35.89999771118164,22.127,35.654,21.941,35.611000000000004,roms,21.675302505493164,36.61335754394531,21.784881591796875,36.762691497802734,fv,1.0869990844726587,-0.2359993896484411,0.9176654968261708,-0.2889977111816364,0.6353015899658203,0.723358154296875,0.7615470886230469,0.8626937866210938
1992,1992-03-27,930,GI55,-32.250112,115.458329,SW,87,42.0,20.9950008392334,35.97666549682617,20.9950008392334,36.0099983215332,22.103,35.6745,21.9414,35.637800000000006,roms,21.780990600585938,36.82158279418945,21.71780776977539,36.81651306152344,fv,1.107999160766603,-0.30216549682617,0.9463991607665996,-0.3721983215331974,0.7859897613525391,0.8449172973632812,0.7228069305419922,0.8065147399902344
1992,1992-03-27,933,Y37,-32.111777,115.506327,NW,87,48.68000030517578,20.989320755004883,35.88933181762695,20.99171257019043,35.89487075805664,22.087,35.682,21.9,35.677,roms,21.6867618560791,36.56198120117188,21.77305603027344,36.78120803833008,fv,1.097679244995117,-0.2073318176269509,0.9082874298095688,-0.217870758056641,0.6974411010742188,0.6726493835449219,0.7813434600830078,0.8863372802734375
1992,1992-03-27,948,Y38,-32.117607,115.537488,NW,87,47.13999938964844,21.012596130371094,35.90029525756836,21.01157569885254,35.90240859985352,22.0875,35.702,21.979,35.692,roms,21.71611213684082,36.54966354370117,21.776348114013672,36.76498794555664,fv,1.0749038696289048,-0.1982952575683612,0.96742430114746,-0.2104085998535154,0.7035160064697266,0.6493682861328125,0.7647724151611328,0.862579345703125
1992,1992-03-27,950,GI50,-32.250108,115.483326,SW,87,40.0,20.9950008392334,35.97999954223633,20.9950008392334,35.97999954223633,22.0835,35.695,21.941,35.663,roms,21.76826477050781,36.812686920166016,21.70267868041992,36.80795669555664,fv,1.0884991607666024,-0.2849995422363278,0.9459991607666004,-0.3169995422363314,0.7732639312744141,0.8326873779296875,0.7076778411865234,0.8279571533203125
1992,1992-03-27,1000,GI45,-32.250108,115.508322,SW,87,38.0,20.9950008392334,35.98999786376953,20.9950008392334,36.0,22.0665,35.7115,21.925,35.6876,roms,21.70648765563965,36.82401657104492,21.638072967529297,36.8192138671875,fv,1.071499160766603,-0.2784978637695303,0.9299991607666024,-0.3124000000000038,0.71148681640625,0.8340187072753906,0.6430721282958984,0.8192138671875
1992,1992-03-27,1009,Y40,-32.12928,115.591661,NW,87,35.898162841796875,20.86440086364746,35.89615249633789,24.689817428588867,34.52323913574219,22.088500000000003,35.7575,22.02,35.754,roms,21.529451370239254,36.62806701660156,21.3731746673584,36.62921524047852,fv,1.2240991363525424,-0.1386524963378903,-2.669817428588868,1.2307608642578105,0.6650505065917969,0.7319145202636719,-3.3166427612304688,2.105976104736328
1992,1992-03-27,1020,GI40,-32.250112,115.53333,SW,87,36.0,21.045000076293945,36.040000915527344,21.045000076293945,36.040000915527344,22.051,35.730999999999995,21.936400000000003,35.7196,roms,21.67523956298828,36.821868896484375,21.6020622253418,36.81682205200195,fv,1.005999923706053,-0.3090009155273492,0.8913999237060573,-0.3204009155273439,0.6302394866943359,0.7818679809570312,0.5570621490478516,0.7768211364746094
1992,1992-03-27,1021,Y41,-32.135113,115.618329,NW,87,35.90945053100586,20.86620712280273,35.906700134277344,25.2235107421875,35.53371810913086,22.0745,35.791,22.036,35.8,roms,21.59247589111328,36.60004425048828,21.519975662231445,36.599857330322266,fv,1.208292877197266,-0.1157001342773469,-3.187510742187498,0.2662818908691378,0.7262687683105469,0.6933441162109375,-3.703535079956055,1.0661392211914062
1992,1992-03-27,1025,GI12,-32.188446,115.518324,W,87,35.0,21.09000015258789,35.869998931884766,21.060001373291016,35.87999725341797,22.0815,35.697500000000005,21.95,35.671,roms,21.69579315185547,36.68819427490234,21.664899826049805,36.72087860107422,fv,0.9914998474121076,-0.1724989318847605,0.8899986267089837,-0.2089972534179693,0.6057929992675781,0.8181953430175781,0.6048984527587891,0.84088134765625
1992,1992-03-27,1030,GI35,-32.250111,115.558327,SW,87,34.0,21.125,36.06999969482422,21.125,36.09000015258789,22.047,35.7515,21.9516,35.7492,roms,21.647384643554688,36.80728530883789,21.56494903564453,36.82442474365234,fv,0.9220000000000006,-0.3184996948242187,0.8265999999999991,-0.3408001525878887,0.5223846435546875,0.7372856140136719,0.4399490356445312,0.7344245910644531
1992,1992-03-27,1045,GI13,-32.208442,115.551664,W,87,31.0,21.14000129699707,35.87999725341797,21.040000915527344,35.95000076293945,22.065,35.738,21.9694,35.731,roms,21.681928634643555,36.67997360229492,21.629150390625,36.709598541259766,fv,0.9249987030029274,-0.1419972534179692,0.9293990844726564,-0.2190007629394514,0.5419273376464844,0.7999763488769531,0.5891494750976562,0.7595977783203125
1992,1992-03-27,1050,GI30,-32.25011,115.599989,SW,87,28.0,20.911666870117188,36.013336181640625,20.895000457763672,36.040000915527344,22.054,35.783500000000004,21.97,35.785,roms,21.718551635742188,36.65919876098633,21.624483108520508,36.66368103027344,fv,1.1423331298828143,-0.2298361816406213,1.074999542236327,-0.2550009155273471,0.806884765625,0.6458625793457031,0.7294826507568359,0.6236801147460938
1992,1992-03-27,1100,GI15,-32.250114,115.615826,SW,87,14.0,20.69499969482422,35.99333190917969,20.69499969482422,36.0,22.057,35.8275,21.982,35.822,roms,21.54305076599121,36.68094253540039,21.489891052246094,36.67292404174805,fv,1.3620003051757834,-0.1658319091796869,1.2870003051757806,-0.1779999999999972,0.8480510711669922,0.6876106262207031,0.794891357421875,0.6729240417480469
1992,1992-03-27,1212,Y31,-32.04844,115.554158,NW,87,38.37999725341797,21.15230369567871,35.91890335083008,21.078733444213867,35.92521667480469,22.0745,35.721000000000004,22.007,35.726,roms,21.7081356048584,36.43645858764648,21.873538970947266,36.64999771118164,fv,0.9221963043212896,-0.1979033508300745,0.9282665557861344,-0.1992166748046884,0.5558319091796875,0.5175552368164062,0.7948055267333984,0.7247810363769531
1992,1992-03-27,1238,Y37,-32.111777,115.506327,NW,87,51.47999954223633,21.133996963500977,35.761104583740234,21.023822784423828,35.89608383178711,22.087,35.682,21.9,35.677,roms,21.6867618560791,36.56198120117188,21.77305603027344,36.78120803833008,fv,0.9530030364990232,-0.0791045837402322,0.8761772155761705,-0.2190838317871097,0.552764892578125,0.8008766174316406,0.7492332458496094,0.8851242065429688
1992,1992-03-27,1254,Y39,-32.124274,115.568323,NW,87,46.59999847412109,21.25622940063477,35.8787841796875,21.07341194152832,35.9419059753418,22.0895,35.732,22.013,35.72,roms,21.729528427124023,36.701690673828125,21.733867645263672,36.73238754272461,fv,0.8332705993652354,-0.1467841796875006,0.9395880584716778,-0.221905975341798,0.4732990264892578,0.822906494140625,0.6604557037353516,0.7904815673828125
1992,1992-03-27,1309,Y41,-32.135113,115.618329,NW,87,36.015811920166016,21.34368324279785,35.988712310791016,19.958765029907227,31.39677047729492,22.0745,35.791,22.036,35.8,roms,21.59247589111328,36.60004425048828,21.519975662231445,36.599857330322266,fv,0.7308167572021489,-0.1977123107910188,2.077234970092775,4.403229522705075,0.2487926483154297,0.6113319396972656,1.5612106323242188,5.203086853027344
1992,1992-04-15,908,Y29,-32.026776,115.615828,NW,106,8.630240440368652,20.91011428833008,35.9720573425293,20.910175323486328,35.97930908203125,21.6205,35.695,21.606,35.697,roms,20.8118839263916,36.54680252075195,20.692374494244035,36.54396561490872,fv,0.7103857116699217,-0.2770573425292966,0.6958246765136735,-0.2823090820312472,-0.0982303619384765,0.5747451782226562,-0.217800829242293,0.5646565328774713
1992,1992-04-15,921,Y30,-32.035113,115.58333,NW,106,18.088211059570312,21.075653076171875,35.93009567260742,21.03894805908203,35.939945220947266,21.7215,35.659499999999994,21.709,35.662,roms,20.95330238342285,36.57564926147461,20.838035874417983,36.59058216284029,fv,0.6458469238281239,-0.2705956726074277,0.6700519409179684,-0.2779452209472666,-0.1223506927490234,0.6455535888671875,-0.2009121846640482,0.6506369418930262
1992,1992-04-15,933,Y31,-32.04844,115.554158,NW,106,27.62867546081543,21.240766525268555,35.88835144042969,21.21957778930664,35.897674560546875,21.8195,35.63,21.79,35.638,roms,21.128929138183597,36.5847053527832,21.05796432495117,36.57662963867188,fv,0.5787334747314432,-0.2583514404296849,0.5704222106933585,-0.2596745605468769,-0.1118373870849609,0.6963539123535156,-0.1616134643554687,0.678955078125
1992,1992-04-15,944,Y32,-32.059279,115.527994,NW,106,11.14980125427246,21.31031036376953,35.86417007446289,21.307825088500977,35.55210876464844,21.891,35.605500000000006,21.87659920501709,35.60797569561005,roms,21.17896270751953,36.55571365356445,21.103130787112605,36.55360136319359,fv,0.580689636230467,-0.2586700744628842,0.5687741165161135,0.0558669309616135,-0.13134765625,0.6915435791015625,-0.2046943013883719,1.0014925985451557
1992,1992-04-15,1000,Y33,-32.07178,115.501659,NW,106,28.534706115722656,21.30413627624512,35.86608123779297,21.300004959106445,35.86952209472656,21.9425,35.5955,21.919912586975094,35.59406941223145,roms,20.98909950256348,36.60239028930664,20.7862053327437,36.61078781237593,fv,0.6383637237548818,-0.2705812377929675,0.6199076278686526,-0.2754526824951142,-0.3150367736816406,0.7363090515136719,-0.5137996263627436,0.7412657176493695
1992,1992-04-15,1011,Y34,-32.085108,115.474159,NW,106,30.03411293029785,21.288230895996094,35.85468292236328,21.26653861999512,35.8633918762207,21.9785,35.5915,21.99384990310669,35.57502729034424,roms,20.8713321685791,36.51150894165039,20.796347644958587,36.53410013812633,fv,0.6902691040039066,-0.2631829223632849,0.7273112831115718,-0.2883645858764652,-0.4168987274169922,0.6568260192871094,-0.4701909750365303,0.6707082619056237
1992,1992-04-15,1028,Y35,-32.098446,115.444987,NW,106,30.849767684936523,21.33169174194336,35.833580017089844,21.313247680664062,35.837554931640625,22.0195,35.5905,22.08826102218628,35.56366009292603,roms,20.879661560058597,36.52217483520508,20.8287762875887,36.54759087892405,fv,0.6878082580566414,-0.243080017089845,0.7750133415222145,-0.2738948387145967,-0.4520301818847656,0.6885948181152344,-0.4844713930753634,0.7100359472834228
1992,1992-04-15,1226,GI40,-32.250112,115.53333,SW,106,31.432279586791992,21.33468246459961,35.865726470947266,21.209247589111328,35.8704719543457,21.7525,35.6395,21.7081250579834,35.6444374710083,roms,21.189043045043945,36.23322677612305,21.10791896920663,36.2330618315504,fv,0.4178175354003919,-0.2262264709472674,0.4988774688720703,-0.2260344833374006,-0.145639419555664,0.3675003051757812,-0.1013286199046987,0.362589877204698
1992,1992-04-15,1241,GI35,-32.250111,115.558327,SW,106,30.97310256958008,21.381980895996094,35.88504409790039,21.152862548828125,35.90317153930664,21.715,35.6515,21.66005379486084,35.66994620513916,roms,21.17412757873535,36.23627853393555,21.096043331623125,36.23205029906392,fv,0.3330191040039061,-0.233544097900392,0.5071912460327148,-0.2332253341674786,-0.2078533172607422,0.3512344360351562,-0.0568192172049997,0.3288787597572735
1992,1992-04-15,1255,GI30,-32.25011,115.599989,SW,106,26.95188331604004,21.286909103393555,35.9593505859375,21.092374801635746,35.98314666748047,21.673,35.67,21.615,35.699,roms,21.113954544067383,36.2666130065918,21.00379943847656,36.26901626586914,fv,0.3860908966064471,-0.2893505859374983,0.5226251983642562,-0.2841466674804707,-0.1729545593261718,0.3072624206542969,-0.0885753631591796,0.2858695983886719
1992,1992-04-15,1305,GI15,-32.250114,115.615826,SW,106,11.72284698486328,21.202241897583008,35.94590759277344,21.10340881347656,35.954044342041016,21.617,35.6985,21.568355800628662,35.70761423492432,roms,21.02638816833496,36.28790664672852,20.93331718444824,36.284969329833984,fv,0.414758102416993,-0.2474075927734418,0.4649469871520999,-0.2464301071166943,-0.1758537292480468,0.3419990539550781,-0.1700916290283203,0.3309249877929687
1992,1992-04-30,919,Y29,-32.026776,115.615828,NW,121,8.46534538269043,20.84336853027344,35.861122131347656,20.84735679626465,35.86212158203125,21.217,35.674,21.234,35.67,roms,20.27779197692871,36.309207916259766,20.25554647653917,36.307432646877714,fv,0.3736314697265612,-0.1871221313476567,0.3866432037353533,-0.1921215820312483,-0.5655765533447266,0.4480857849121094,-0.5918103197254823,0.4453110648464644
1992,1992-04-30,931,Y30,-32.035113,115.58333,NW,121,21.073162078857425,21.702810287475582,35.7429313659668,20.99742126464844,35.86431884765625,21.42,35.6435,21.439,35.639,roms,20.71611213684082,36.13113021850586,20.68381118774414,36.12541580200195,fv,-0.2828102874755842,-0.0994313659667938,0.4415787353515625,-0.2253188476562471,-0.9866981506347656,0.3881988525390625,-0.3136100769042969,0.2610969543457031
1992,1992-04-30,939,Y31,-32.04844,115.554158,NW,121,30.10084342956543,21.979856491088867,35.6447639465332,21.40385055541992,35.810340881347656,21.579,35.6185,21.595,35.615,roms,21.002668380737305,36.01469039916992,20.96512794494629,36.01471328735352,fv,-0.4008564910888665,-0.0262639465332057,0.191149444580077,-0.1953408813476542,-0.9771881103515624,0.3699264526367187,-0.4387226104736328,0.2043724060058593
1992,1992-04-30,949,Y32,-32.059279,115.527994,NW,121,34.72866439819336,21.87133407592773,35.71491622924805,21.6138973236084,35.77824401855469,21.716,35.601,21.738,35.595,roms,21.07825469970703,36.03255081176758,20.98808860778809,36.20167541503906,fv,-0.1553340759277333,-0.1139162292480477,0.1241026763916011,-0.1832440185546886,-0.7930793762207031,0.3176345825195312,-0.6258087158203125,0.423431396484375
1992,1992-04-30,1002,Y33,-32.07178,115.501659,NW,121,45.09820556640625,21.96309280395508,35.664024353027344,21.68228912353516,35.7587776184082,21.803,35.587,21.83,35.581,roms,21.0644474029541,36.05727767944336,20.805185317993164,36.35444259643555,fv,-0.1600928039550808,-0.0770243530273404,0.147710876464842,-0.1777776184082,-0.8986454010009766,0.3932533264160156,-0.8771038055419922,0.5956649780273438
1992,1992-04-30,1013,Y34,-32.085108,115.474159,NW,121,46.77667617797852,22.194557189941406,35.636497497558594,21.228351593017575,35.859657287597656,21.848,35.58,21.876,35.581,roms,20.815704345703125,36.16048812866211,20.606882095336918,36.415977478027344,fv,-0.3465571899414073,-0.0564974975585954,0.6476484069824231,-0.2786572875976532,-1.3788528442382812,0.5239906311035156,-0.6214694976806641,0.5563201904296875
1992,1992-04-30,1023,Y35,-32.098446,115.444987,NW,121,46.53142547607422,22.29183387756348,35.621177673339844,21.40718078613281,35.828399658203125,21.905,35.5735,21.99924578857422,35.56143198699951,roms,20.864059448242188,36.11850357055664,20.733299255371094,36.34395599365234,fv,-0.3868338775634754,-0.047677673339848,0.5920650024414087,-0.2669676712036164,-1.427774429321289,0.4973258972167969,-0.6738815307617188,0.5155563354492188
1992,1992-04-30,1352,GI15,-32.250114,115.615826,SW,121,15.472559928894045,22.108022689819336,35.705055236816406,21.96034240722656,35.70920181274414,21.157,35.672,21.139,35.676,roms,20.49001121520996,36.289493560791016,20.405113220214844,36.288368225097656,fv,-0.951022689819336,-0.0330552368164092,-0.8213424072265632,-0.0332018127441386,-1.618011474609375,0.5844383239746094,-1.5552291870117188,0.5791664123535156
1992,1992-04-30,1358,GI30,-32.25011,115.599989,SW,121,29.56275749206543,22.08482360839844,35.70259094238281,21.23729515075684,35.86673355102539,21.3645,35.644,21.262,35.662,roms,20.6839656829834,36.26293563842773,20.59347915649414,36.263214111328125,fv,-0.7203236083984379,-0.0585909423828141,0.0247048492431645,-0.2047335510253916,-1.400857925415039,0.5603446960449219,-0.6438159942626953,0.3964805603027344
1992,1992-05-26,727,Y29PK,-32.017779,115.601575,NW,147,8.796764373779297,18.86441993713379,35.757328033447266,18.871713638305664,35.7825927734375,20.6585,35.544,20.737,35.542,roms,19.16902732849121,35.821781158447266,19.16329765319824,35.8212890625,fv,1.794080062866211,-0.2133280334472687,1.8652863616943345,-0.2405927734374984,0.3046073913574219,0.064453125,0.2915840148925781,0.0386962890625
1992,1992-05-26,733,Y30PK,-32.033615,115.583322,NW,147,17.36613655090332,19.21462059020996,35.754920959472656,18.97147750854492,35.7883415222168,20.6585,35.544,20.737,35.542,roms,19.14363670349121,35.81890869140625,19.02791463357076,35.83343407731797,fv,1.4438794097900391,-0.2109209594726593,1.7655224914550764,-0.2463415222167952,-0.07098388671875,0.0639877319335937,0.0564371250258339,0.0450925551011707
1992,1992-05-26,741,Y31PK,-32.034948,115.55041,NW,147,23.178693771362305,19.506742477416992,35.766197204589844,19.505455017089844,35.77111053466797,20.881,35.534499999999994,20.937,35.533,roms,19.22637176513672,35.81892395019531,19.251094818115234,35.83914566040039,fv,1.374257522583008,-0.2316972045898495,1.4315449829101574,-0.2381105346679675,-0.2803707122802734,0.0527267456054687,-0.2543601989746094,0.0680351257324218
1992,1992-05-26,754,Y32PK,-32.051024,115.517789,NW,147,35.79048156738281,19.53718376159668,35.76427459716797,19.14290428161621,35.190956115722656,21.2205,35.519499999999994,21.39,35.509,roms,19.25530815124512,35.8333854675293,19.083423614501957,35.889041900634766,fv,1.6833162384033216,-0.2447745971679751,2.2470957183837896,0.3180438842773441,-0.2818756103515625,0.0691108703613281,-0.0594806671142578,0.6980857849121094
1992,1992-05-26,821,Y33PK,-32.067279,115.500154,NW,147,44.175811767578125,19.422304153442383,35.69438171386719,18.914587020874023,35.80825424194336,21.2465,35.5185,21.361,35.513,roms,19.656394958496094,35.77214431762695,18.97599029541016,35.90595626831055,fv,1.824195846557615,-0.1758817138671844,2.446412979125977,-0.2952542419433612,0.2340908050537109,0.0777626037597656,0.0614032745361328,0.0977020263671875
1992,1992-05-26,832,Y34PK,-32.083611,115.467414,NW,147,45.49485778808594,19.21389389038086,35.739444732666016,19.03104591369629,35.79972457885742,21.32,35.516000000000005,21.462,35.511,roms,19.64679908752441,35.77831268310547,18.83062171936035,35.94044494628906,fv,2.106106109619141,-0.2234447326660102,2.4309540863037107,-0.2887245788574191,0.4329051971435547,0.0388679504394531,-0.2004241943359375,0.1407203674316406
1992,1992-05-26,842,Y35PK,-32.08494,115.434494,NW,147,42.053348541259766,19.33058357238769,35.73579788208008,19.27047348022461,35.7905387878418,21.3795,35.5125,21.69450374450684,35.49605334854126,roms,19.396163940429688,35.83586502075195,18.83633190948438,35.95646580524804,fv,2.048916427612305,-0.2232978820800752,2.4240302642822265,-0.2944854393005371,0.0655803680419921,0.100067138671875,-0.4341415707402305,0.1659270174062399
1992,1992-05-26,852,Y35WPK,-32.101126,115.416659,NW,147,46.71731948852539,20.086091995239254,35.6914176940918,19.462556838989254,35.78668594360352,21.3855,35.5135,21.798696083068847,35.49003039169312,roms,19.11195373535156,35.89849853515625,18.693269729614254,35.98516845703125,fv,1.2994080047607426,-0.1779176940917963,2.3361392440795896,-0.2966555519103977,-0.9741382598876952,0.2070808410644531,-0.769287109375,0.1984825134277343
1992,1992-05-26,905,Y35W1,-32.099126,115.392512,NW,147,56.04986572265625,20.50149345397949,35.697776794433594,19.45562171936035,35.79597473144531,21.46,35.506,21.89236616821289,35.4806299194336,roms,19.574064254760746,35.82899856567383,18.750173568725582,35.97422409057617,fv,0.9585065460205088,-0.1917767944335935,2.43674444885254,-0.3153448120117161,-0.92742919921875,0.1312217712402343,-0.7054481506347656,0.1782493591308593
1992,1992-05-26,930,RC20,-32.167959,115.454847,W,147,45.723365783691406,20.199508666992188,35.70383071899414,19.78339385986328,35.762672424316406,21.298,35.52,21.63441343536377,35.502868038940434,roms,18.55068588256836,35.964168548583984,18.434585571289062,35.9547233581543,fv,1.0984913330078143,-0.1838307189941375,1.8510195755004872,-0.2598043853759719,-1.648822784423828,0.2603378295898437,-1.3488082885742188,0.1920509338378906
1992,1992-05-26,957,GI40,-32.250112,115.53333,SW,147,35.883296966552734,19.802719116210938,35.64469909667969,19.17810821533203,35.78524398803711,20.987,35.533500000000004,20.985621003723143,35.535766593933104,roms,19.36153221130371,35.84519958496094,18.45266532897949,35.97749710083008,fv,1.1842808837890644,-0.1111990966796838,1.807512788391115,-0.2494773941040051,-0.4411869049072265,0.20050048828125,-0.7254428863525391,0.1922531127929687
1992,1992-05-26,1016,GI35,-32.250111,115.558327,SW,147,34.95985794067383,19.42102813720703,35.76223373413086,18.83643913269043,35.81704330444336,20.8725,35.539,20.80965832977295,35.54395182952881,roms,18.888830184936523,35.88444137573242,18.158647537231445,35.99006652832031,fv,1.451471862792971,-0.2232337341308579,1.9732191970825208,-0.2730914749145512,-0.5321979522705078,0.1222076416015625,-0.6777915954589844,0.1730232238769531
1992,1992-05-26,1029,GI30,-32.25011,115.599989,SW,147,27.40126037597656,18.684326171875,35.735450744628906,18.566110610961918,35.80930709838867,20.685,35.545500000000004,20.5,35.559,roms,18.208372116088867,35.93624496459961,17.938291549682617,35.96114730834961,fv,2.0006738281250023,-0.1899507446289021,1.933889389038086,-0.2503070983886744,-0.4759540557861328,0.2007942199707031,-0.6278190612792969,0.1518402099609375
1992,1992-05-26,1034,GI15,-32.250114,115.615826,SW,147,12.011000633239746,18.897186279296875,35.770896911621094,18.73506546020508,35.75096893310547,20.4055,35.557500000000005,20.505840490818024,35.553011000633234,roms,18.007110595703125,35.953304290771484,17.85901641845703,35.9695930480957,fv,1.508313720703125,-0.2133969116210892,1.7707750306129455,-0.1979579324722351,-0.89007568359375,0.1824073791503906,-0.8760490417480469,0.2186241149902343
1992,1992-07-24,745,Y29,-32.026776,115.615828,NW,206,11.466796875,19.012710571289062,35.406246185302734,19.023439407348636,35.41301345825195,18.2905,35.4025,18.265,35.403,roms,,,,,fv,-0.722210571289061,-0.0037461853027309,-0.7584394073486322,-0.0100134582519544,,,,
1992,1992-07-24,753,Y30,-32.035113,115.58333,NW,206,20.50027084350586,19.63105010986328,35.51771926879883,19.643159866333008,35.544681549072266,18.581000000000003,35.401,18.564,35.401,roms,,,,,fv,-1.0500501098632782,-0.1167192687988318,-1.0791598663330078,-0.1436815490722693,,,,
1992,1992-07-24,803,Y31,-32.04844,115.554158,NW,206,30.694860458374023,19.89997100830078,35.522682189941406,19.89689445495605,35.53090286254883,18.86,35.400499999999994,18.866,35.4,roms,,,,,fv,-1.0399710083007818,-0.1221821899414123,-1.030894454956055,-0.1309028625488295,,,,
1992,1992-07-24,812,Y32,-32.059279,115.527994,NW,206,34.33223342895508,20.062253952026367,35.52042388916016,19.95353507995605,35.52870559692383,19.147,35.400499999999994,19.269,35.4,roms,,,,,fv,-0.9152539520263688,-0.1199238891601623,-0.6845350799560563,-0.1287055969238295,,,,
1992,1992-07-24,820,Y33,-32.07178,115.501659,NW,206,44.81675338745117,20.14781188964844,35.52701568603516,19.60202980041504,35.545745849609375,19.2875,35.401,19.389,35.398,roms,,,,,fv,-0.8603118896484361,-0.12601568603516,-0.2130298004150397,-0.1477458496093788,,,,
1992,1992-07-24,827,Y33N5,-32.058446,115.499991,NW,206,41.32048416137695,20.119644165039062,35.51519775390625,20.03407096862793,35.53244400024414,19.2875,35.401,19.389,35.398,roms,,,,,fv,-0.8321441650390611,-0.1141977539062537,-0.6450709686279303,-0.1344440002441445,,,,
1992,1992-07-24,834,Y33N10,-32.041776,115.499988,NW,206,13.306635856628418,20.1281852722168,35.50812530517578,20.12882804870605,35.52712631225586,19.253,35.400499999999994,19.40912013864517,35.4,roms,,,,,fv,-0.8751852722167968,-0.1076253051757873,-0.7197079100608832,-0.1271263122558608,,,,
1992,1992-07-24,855,Y34,-32.085108,115.474159,NW,206,46.10000228881836,20.192428588867188,35.5251350402832,18.24117088317871,35.56119155883789,19.340000000000003,35.4,19.431,35.397,roms,,,,,fv,-0.8524285888671841,-0.1251350402832045,1.18982911682129,-0.1641915588378921,,,,
1992,1992-07-24,906,Y35,-32.098446,115.444987,NW,206,45.24139404296875,20.21432876586914,35.524173736572266,18.23821449279785,35.57463073730469,19.399,35.4,19.64814440917969,35.39509655761719,roms,,,,,fv,-0.8153287658691397,-0.124173736572267,1.409929916381838,-0.1795341796875007,,,,
1992,1992-07-24,920,Y35W1,-32.099126,115.392512,NW,206,54.98143005371094,20.175865173339844,35.52476119995117,19.69609260559082,35.554771423339844,19.487,35.397,19.94117084350586,35.39300371398925,roms,,,,,fv,-0.6888651733398419,-0.1277611999511734,0.2450782379150382,-0.1617677093505918,,,,
1992,1992-07-24,933,PPS005,-32.149124,115.392504,NW,206,50.09722900390625,20.17755126953125,35.534481048583984,18.503835678100582,35.549659729003906,19.405,35.399,19.93870685424805,35.393990277099604,roms,,,,,fv,-0.7725512695312489,-0.1354810485839834,1.434871176147464,-0.155669451904302,,,,
1992,1992-07-24,1003,GI100,-32.25011,115.416657,SW,206,46.81165313720703,18.870346069335938,35.54182052612305,18.27552795410156,35.518280029296875,19.265,35.4055,19.66420189666748,35.39936233062744,roms,,,,,fv,0.394653930664063,-0.1363205261230433,1.3886739425659194,-0.1189176986694349,,,,
1992,1992-07-24,1029,GI40,-32.250112,115.53333,SW,206,35.829322814941406,19.518482208251957,35.5216178894043,18.654621124267575,35.50701904296875,19.025,35.404,19.071930387878417,35.404165864562984,roms,,,,,fv,-0.4934822082519545,-0.1176178894043005,0.4173092636108393,-0.1028531784057662,,,,
1992,1992-07-24,1037,GI35,-32.250111,115.558327,SW,206,34.98771667480469,19.652761459350582,35.531795501708984,18.95126342773437,35.51776123046875,18.919,35.4045,18.88720635986328,35.403,roms,,,,,fv,-0.7337614593505855,-0.1272955017089856,-0.0640570678710936,-0.1147612304687513,,,,
1992,1992-07-24,1050,GI30,-32.25011,115.599989,SW,206,28.66924476623535,19.74032974243164,35.543548583984375,19.74598503112793,35.54203414916992,18.7665,35.403499999999994,18.575,35.403,roms,,,,,fv,-0.97382974243164,-0.140048583984381,-1.1709850311279304,-0.1390341491699231,,,,
1992,1992-07-24,1056,GI15,-32.250114,115.615826,SW,206,12.272941589355469,18.985919952392575,35.537506103515625,18.92365264892578,35.54621887207031,18.484,35.4045,18.517818824768067,35.405,roms,,,,,fv,-0.5019199523925764,-0.1330061035156262,-0.4058338241577139,-0.1412188720703113,,,,
1992,1992-09-09,732,Y29,-32.026776,115.615828,NW,253,10.285517692565918,16.363706588745117,35.17205810546875,16.36310577392578,35.17092514038086,17.881,35.458,17.852,35.456,roms,,,,,fv,1.517293411254883,0.2859418945312484,1.488894226074219,0.2850748596191437,,,,
1992,1992-09-09,740,Y30,-32.035113,115.58333,NW,253,20.476850509643555,16.72420310974121,35.32044219970703,16.73408317565918,35.32437515258789,18.044,35.4525,18.039,35.449,roms,,,,,fv,1.3197968902587895,0.1320578002929693,1.3049168243408218,0.1246248474121074,,,,
1992,1992-09-09,749,Y31,-32.04844,115.554158,NW,253,29.66896629333496,16.90751075744629,35.259849548339844,17.018325805664062,35.347896575927734,18.229,35.4485,18.219,35.444,roms,,,,,fv,1.32148924255371,0.1886504516601519,1.2006741943359387,0.0961034240722682,,,,
1992,1992-09-09,806,Y33,-32.07178,115.501659,NW,253,45.56193923950195,18.049339294433597,35.504371643066406,17.86707878112793,35.50138092041016,18.466,35.444,18.58,35.436,roms,,,,,fv,0.4166607055664073,-0.0603716430664036,0.7129212188720686,-0.0653809204101563,,,,
1992,1992-09-09,812,Y33N5,-32.058446,115.499991,NW,253,33.115848541259766,17.81591796875,35.49977111816406,17.82061004638672,35.503665924072266,18.466,35.444,18.58,35.436,roms,,,,,fv,0.6500820312500011,-0.0557711181640598,0.7593899536132795,-0.0676659240722656,,,,
1992,1992-09-09,820,Y33N10,-32.041776,115.499988,NW,253,34.80314636230469,17.838794708251953,35.50397109985352,17.795429229736328,35.49855422973633,18.463,35.4435,18.604,35.434,roms,,,,,fv,0.6242052917480478,-0.0604710998535154,0.8085707702636711,-0.0645542297363306,,,,
1992,1992-09-09,826,Y33N15,-32.025107,115.499995,NW,253,24.23889923095703,17.980880737304688,35.52595901489258,17.985702514648438,35.52926254272461,18.463,35.4435,18.604,35.434,roms,,,,,fv,0.4821192626953134,-0.0824590148925779,0.6182974853515617,-0.0952625427246118,,,,
1992,1992-09-09,843,Y34,-32.085108,115.474159,NW,253,46.37028503417969,18.225719451904297,35.535369873046875,17.934215545654297,35.50886535644531,18.497,35.443,18.577,35.436,roms,,,,,fv,0.271280548095703,-0.0923698730468771,0.6427844543457013,-0.0728653564453125,,,,
1992,1992-09-09,855,Y35,-32.098446,115.444987,NW,253,45.77023696899414,18.50128746032715,35.555152893066406,18.30354118347168,35.538612365722656,18.5215,35.441500000000005,18.699214066314696,35.433,roms,,,,,fv,0.0202125396728511,-0.1136528930664013,0.3956728828430158,-0.1056123657226564,,,,
1992,1992-09-09,912,Y35W1,-32.099126,115.392512,NW,253,55.4609260559082,18.951326370239254,35.58699417114258,18.839487075805664,35.582603454589844,18.570500000000003,35.481,18.89140477676392,35.46654609260559,roms,,,,,fv,-0.3808263702392551,-0.1059941711425764,0.0519177009582527,-0.1160573619842537,,,,
1992,1992-09-09,926,PPS005,-32.149124,115.392504,NW,253,50.07379531860352,18.89955711364746,35.58034133911133,18.891626358032227,35.58234024047852,18.509,35.481,18.878025901794437,35.466014759063725,roms,,,,,fv,-0.3905571136474606,-0.0993413391113264,-0.0136004562377927,-0.1163254814147904,,,,
1992,1992-09-09,940,PPS010,-32.183443,115.416657,W,253,49.98645782470703,18.82229423522949,35.569576263427734,18.028478622436523,35.50362014770508,18.441,35.4415,18.7431110458374,35.42899729156494,roms,,,,,fv,-0.3812942352294932,-0.1280762634277366,0.7146324234008787,-0.074622856140138,,,,
1992,1992-09-09,959,GI100,-32.25011,115.416657,SW,253,47.11829376220703,17.59210777282715,35.471412658691406,17.5531063079834,35.46974563598633,18.4055,35.441500000000005,18.69851169738769,35.42942365875244,roms,,,,,fv,0.8133922271728515,-0.0299126586914013,1.1454053894042957,-0.0403219772338871,,,,
1992,1992-09-09,1029,GI40,-32.250112,115.53333,SW,253,35.8372917175293,17.40922737121582,35.43533706665039,17.276065826416016,35.413204193115234,18.268,35.447500000000005,18.26198574981689,35.443,roms,,,,,fv,0.8587726287841804,0.0121629333496144,0.9859199234008784,0.0297958068847634,,,,
1992,1992-09-09,1037,GI35,-32.250111,115.558327,SW,253,34.74713897705078,17.018892288208008,35.34209060668945,16.923494338989258,35.32561111450195,18.2355,35.4485,18.164820599365235,35.44694942779541,roms,,,,,fv,1.216607711791994,0.1064093933105496,1.2413262603759776,0.1213383132934566,,,,
1992,1992-09-09,1049,GI30,-32.25011,115.599989,SW,253,28.6256160736084,16.445737838745117,35.075218200683594,16.674009323120117,35.210487365722656,18.1315,35.452,18.028,35.452,roms,,,,,fv,1.685762161254882,0.3767817993164044,1.3539906768798815,0.2415126342773419,,,,
1992,1992-09-09,1055,GI15,-32.250114,115.615826,SW,253,11.421504974365234,15.79943561553955,34.672821044921875,15.792173385620115,34.67353057861328,17.955,35.459,17.934197860717774,35.455710752487185,roms,,,,,fv,2.1555643844604475,0.7861789550781282,2.1420244750976565,0.782180173873904,,,,
1992,1992-09-17,710,Y29,-32.026776,115.615828,NW,261,10.148138999938965,16.499662399291992,34.89122772216797,16.495620727539062,34.93166732788086,17.889499999999998,35.4845,17.874,35.485,roms,,,,,fv,1.389837600708006,0.5932722778320283,1.3783792724609365,0.5533326721191401,,,,
1992,1992-09-17,717,Y30,-32.035113,115.58333,NW,261,15.398565292358398,16.511741638183594,34.56632995605469,17.0366153717041,35.09120559692383,18.0725,35.474000000000004,18.086,35.473,roms,,,,,fv,1.5607583618164078,0.9076700439453164,1.049384628295897,0.3817944030761708,,,,
1992,1992-09-17,724,Y31,-32.04844,115.554158,NW,261,16.677873611450195,16.64060401916504,34.81635665893555,17.56325912475586,35.382999420166016,18.2485,35.467,18.249,35.464,roms,,,,,fv,1.6078959808349609,0.6506433410644519,0.6857408752441394,0.081000579833983,,,,
1992,1992-09-17,731,Y32,-32.059279,115.527994,NW,261,30.77598571777344,17.211183547973633,35.19127655029297,16.99028778076172,35.308895111083984,18.391,35.459500000000006,18.439,35.454,roms,,,,,fv,1.1798164520263654,0.2682234497070368,1.4487122192382813,0.1451048889160162,,,,
1992,1992-09-17,738,Y33,-32.07178,115.501659,NW,261,44.59345245361328,17.077417373657227,35.06501007080078,17.043336868286133,35.33192443847656,18.442,35.4565,18.515,35.45,roms,,,,,fv,1.3645826263427736,0.3914899291992171,1.4716631317138678,0.1180755615234403,,,,
1992,1992-09-17,744,Y33N5,-32.058446,115.499991,NW,261,40.887638092041016,17.135128021240234,35.14933013916016,17.03590965270996,35.326961517333984,18.442,35.4565,18.515,35.45,roms,,,,,fv,1.3068719787597658,0.3071698608398421,1.4790903472900396,0.1230384826660184,,,,
1992,1992-09-17,751,Y33N10,-32.041776,115.499988,NW,261,33.82218933105469,17.180065155029297,35.11902618408203,17.056886672973633,35.32280349731445,18.456000000000003,35.4575,18.559,35.45,roms,,,,,fv,1.2759348449707062,0.3384738159179647,1.5021133270263682,0.1271965026855497,,,,
1992,1992-09-17,757,Y33N15,-32.025107,115.499995,NW,261,22.82933616638184,17.464759826660156,35.31290817260742,17.91854476928711,35.54606628417969,18.456000000000003,35.4575,18.559,35.45,roms,,,,,fv,0.9912401733398468,0.1445918273925741,0.6404552307128917,-0.0960662841796846,,,,
1992,1992-09-17,812,Y34,-32.085108,115.474159,NW,261,46.07893753051758,16.950057983398438,35.02237319946289,17.343793869018555,35.40476989746094,18.482,35.458,18.521,35.446,roms,,,,,fv,1.5319420166015618,0.4356268005371078,1.177206130981446,0.0412301025390604,,,,
1992,1992-09-17,822,Y35,-32.098446,115.444987,NW,261,44.06991195678711,17.084705352783203,35.134307861328125,18.08492851257324,35.50910568237305,18.517,35.4575,18.68127716217041,35.44162796478271,roms,,,,,fv,1.4322946472167963,0.3231921386718781,0.5963486495971679,-0.0674777175903358,,,,
1992,1992-09-17,834,Y35W1,-32.099126,115.392512,NW,261,55.02973175048828,18.23222541809082,35.38037109375,18.24811172485352,35.57157516479492,18.576,35.498,18.858881072998045,35.475497026824954,roms,,,,,fv,0.3437745819091802,0.1176289062499975,0.6107693481445295,-0.0960781379699682,,,,
1992,1992-09-17,846,PPS005,-32.149124,115.392504,NW,261,49.21706771850586,18.382843017578125,35.48028564453125,18.39230155944824,35.590370178222656,18.5105,35.498000000000005,18.81448052597046,35.4791565864563,roms,,,,,fv,0.1276569824218754,0.0177143554687546,0.4221789665222175,-0.1112135917663579,,,,
1992,1992-09-17,903,PPS010,-32.183443,115.416657,W,261,49.12998580932617,18.367755889892575,35.41403579711914,18.37590789794922,35.58534622192383,18.4445,35.4575,18.649744158935547,35.44265199432373,roms,,,,,fv,0.0767441101074197,0.0434642028808625,0.2738362609863287,-0.1426942276000957,,,,
1992,1992-09-17,921,GI100,-32.25011,115.416657,SW,261,47.17371368408203,17.74736976623535,35.45066452026367,17.685274124145508,35.520408630371094,18.4015,35.458,18.586001834106447,35.44486948547363,roms,,,,,fv,0.6541302337646471,0.0073354797363265,0.9007277099609396,-0.075539144897462,,,,
1992,1992-09-17,946,GI40,-32.250112,115.53333,SW,261,28.03348731994629,16.742446899414062,34.86697006225586,17.22785758972168,35.23834991455078,18.2175,35.4605,18.27494549636841,35.45360669746399,roms,,,,,fv,1.4750531005859386,0.5935299377441368,1.0470879066467305,0.2152567829132081,,,,
1992,1992-09-17,953,GI35,-32.250111,115.558327,SW,261,34.046443939208984,16.81659507751465,34.92034912109375,17.601009368896484,35.45960235595703,18.1695,35.463,18.14033991394043,35.459809288787845,roms,,,,,fv,1.3529049224853509,0.542650878906251,0.5393305450439456,0.0002069328308138,,,,
1992,1992-09-17,1003,GI30,-32.25011,115.599989,SW,261,28.36957359313965,16.928110122680664,34.98224639892578,17.341188430786133,35.38062286376953,18.082,35.468500000000006,18.03,35.468,roms,,,,,fv,1.153889877319337,0.4862536010742246,0.6888115692138683,0.0873771362304722,,,,
1992,1992-09-17,1009,GI15,-32.250114,115.615826,SW,261,11.576726913452148,16.82647705078125,34.93505859375,17.340675354003906,35.360862731933594,17.9495,35.4745,17.93292582321167,35.47336509037018,roms,,,,,fv,1.1230229492187505,0.539441406249999,0.5922504692077624,0.1125023584365862,,,,
1992,1992-09-17,1135,Y39BO,-32.123444,115.580324,NW,261,29.534364700317383,16.944440841674805,35.15803527832031,17.10436248779297,31.56105232238769,18.12,35.4705,18.105,35.468,roms,,,,,fv,1.1755591583251963,0.3124647216796887,1.0006375122070317,3.906947677612308,,,,
1992,1992-09-17,1142,Y39BO,-32.123444,115.580324,NW,261,29.534364700317383,16.944440841674805,35.15803527832031,17.10436248779297,31.56105232238769,18.12,35.4705,18.105,35.468,roms,,,,,fv,1.1755591583251963,0.3124647216796887,1.0006375122070317,3.906947677612308,,,,
1992,1992-09-17,1148,Y39.5BO,-32.119726,115.569814,NW,261,35.30329513549805,16.90497398376465,35.15620803833008,17.1890811920166,35.3625373840332,18.268,35.4645,18.268,35.461,roms,,,,,fv,1.3630260162353522,0.3082919616699229,1.0789188079833991,0.0984626159667954,,,,
1992,1992-10-21,752,Y29,-32.026776,115.615828,NW,295,10.34894561767578,17.353622436523438,35.46580123901367,17.24273681640625,35.47531509399414,18.8575,35.572,18.793,35.574,roms,,,,,fv,1.5038775634765642,0.1061987609863308,1.5502631835937493,0.0986849060058574,,,,
1992,1992-10-21,800,Y30,-32.035113,115.58333,NW,295,20.564645767211918,17.361204147338867,35.5150260925293,17.28302764892578,35.4924201965332,18.865,35.552499999999995,18.8,35.551,roms,,,,,fv,1.5037958526611348,0.037473907470698,1.5169723510742197,0.0585798034667988,,,,
1992,1992-10-21,811,Y31,-32.04844,115.554158,NW,295,29.679319381713867,17.9053897857666,35.48019790649414,17.220632553100586,35.538082122802734,18.893,35.5385,18.815,35.533,roms,,,,,fv,0.9876102142333992,0.0583020935058584,1.5943674468994151,-0.0050821228027331,,,,
1992,1992-10-21,822,Y32,-32.059279,115.527994,NW,295,33.04358673095703,18.149782180786133,35.53398513793945,17.20414924621582,35.555904388427734,18.909,35.525499999999994,18.827,35.513,roms,,,,,fv,0.7592178192138661,-0.0084851379394592,1.622850753784178,-0.0429043884277362,,,,
1992,1992-10-21,836,Y33N15,-32.025107,115.499995,NW,295,26.07797241210937,18.47559928894043,35.69021987915039,17.49404525756836,35.568077087402344,18.963,35.5215,18.879,35.507,roms,,,,,fv,0.4874007110595713,-0.1687198791503874,1.384954742431642,-0.0610770874023458,,,,
1992,1992-10-21,843,Y33N10,-32.041776,115.499988,NW,295,33.91675567626953,18.394969940185547,35.68359375,17.802045822143555,35.63715362548828,18.963,35.5215,18.879,35.507,roms,,,,,fv,0.5680300598144541,-0.1620937499999968,1.0769541778564466,-0.1301536254882833,,,,
1992,1992-10-21,854,Y33N5,-32.058446,115.499991,NW,295,41.138092041015625,18.311967849731445,35.640159606933594,17.217357635498047,35.5649528503418,18.9415,35.521,18.839,35.504,roms,,,,,fv,0.6295321502685525,-0.1191596069335929,1.6216423645019518,-0.060952850341799,,,,
1992,1992-10-21,902,Y33,-32.07178,115.501659,NW,295,44.79743576049805,18.173439025878903,35.612396240234375,17.20151138305664,35.57061767578125,18.9415,35.521,18.839,35.504,roms,,,,,fv,0.7680609741210915,-0.0913962402343742,1.637488616943358,-0.0666176757812522,,,,
1992,1992-10-21,913,Y34,-32.085108,115.474159,NW,295,45.54523468017578,18.27419853210449,35.70558547973633,17.34038734436035,35.62501907348633,18.972,35.519,18.82,35.5,roms,,,,,fv,0.6978014678955091,-0.1865854797363297,1.4796126556396487,-0.1250190734863281,,,,
1992,1992-10-21,931,Y35,-32.098446,115.444987,NW,295,46.22635269165039,18.29290008544922,35.69234848022461,17.907737731933594,35.691776275634766,19.0165,35.5165,18.879472284698487,35.492245270538334,roms,,,,,fv,0.7235999145507819,-0.1758484802246087,0.9717345527648932,-0.199531005096432,,,,
1992,1992-10-21,944,Y35W1,-32.099126,115.392512,NW,295,41.991607666015625,18.385814666748047,35.68045425415039,18.07663917541504,35.69112777709961,19.0855,35.6175,19.108830212402346,35.58139832153321,roms,,,,,fv,0.6996853332519528,-0.0629542541503909,1.032191036987303,-0.1097294555664021,,,,
1992,1992-10-21,957,PPS005,-32.149124,115.392504,NW,295,49.2767219543457,18.31963348388672,35.704952239990234,17.80695915222168,35.70691680908203,19.0275,35.6185,19.00418242340088,35.583,roms,,,,,fv,0.7078665161132811,-0.0864522399902369,1.197223271179201,-0.1239168090820328,,,,
1992,1992-10-21,1013,PPS010,-32.183443,115.416657,W,295,48.67789459228516,18.207260131835938,35.722999572753906,17.74937629699707,35.72255325317383,18.971,35.522000000000006,18.871,35.48873557891846,roms,,,,,fv,0.7637398681640626,-0.2009995727539006,1.1216237030029284,-0.2338176742553699,,,,
1992,1992-10-21,1031,GI100,-32.25011,115.416657,SW,295,47.48394012451172,18.18644142150879,35.698726654052734,17.715259552001953,35.706172943115234,18.932,35.522000000000006,18.80752248382568,35.49199357604981,roms,,,,,fv,0.7455585784912131,-0.1767266540527288,1.0922629318237291,-0.2141793670654266,,,,
1992,1992-10-21,1056,GI40,-32.250112,115.53333,SW,295,35.95352935791016,17.981678009033203,35.5872917175293,17.24751853942871,35.628997802734375,18.8,35.5335,18.64261858825684,35.52038141174316,roms,,,,,fv,0.818321990966794,-0.0537917175293003,1.3951000488281269,-0.1086163909912159,,,,
1992,1992-10-21,1107,GI35,-32.250111,115.558327,SW,295,34.599552154541016,17.98981285095215,35.521141052246094,17.144561767578125,35.58885955810547,18.77,35.54,18.63608008956909,35.53091991043091,roms,,,,,fv,0.7801871490478511,0.0188589477539053,1.4915183219909665,-0.0579396476745586,,,,
1992,1992-10-21,1120,GI30,-32.25011,115.599989,SW,295,28.40422248840332,18.19346618652344,35.32997512817383,17.023052215576172,35.50100326538086,18.7675,35.551500000000004,18.644,35.548,roms,,,,,fv,0.5740338134765608,0.2215248718261762,1.6209477844238265,0.0469967346191424,,,,
1992,1992-10-21,1126,GI15,-32.250114,115.615826,SW,295,13.378266334533691,18.09511375427246,35.24752426147461,17.285669326782227,35.41253662109375,18.7675,35.569500000000005,18.660621733665465,35.567310866832734,roms,,,,,fv,0.6723862457275374,0.3219757385253956,1.3749524068832386,0.1547742457389844,,,,
1992,1992-11-26,804,YMILLW,-32.022608,115.616664,NW,331,8.3594388961792,18.06134605407715,35.68336486816406,18.061473846435547,35.68497467041016,20.446,35.7085,20.347,35.699,roms,,,,,fv,2.384653945922849,0.0251351318359382,2.2855261535644544,0.0140253295898418,,,,
1992,1992-11-26,815,Y30,-32.035113,115.58333,NW,331,18.611278533935547,18.01818084716797,35.69804382324219,18.026464462280277,35.71086883544922,20.322000000000003,35.68,20.197,35.663,roms,,,,,fv,2.303819152832034,-0.0180438232421877,2.1705355377197257,-0.047868835449222,,,,
1992,1992-11-26,830,Y31,-32.04844,115.554158,NW,331,28.88187789916992,18.21881484985352,35.72731399536133,18.212867736816406,35.727867126464844,20.247,35.659,20.082,35.634,roms,,,,,fv,2.0281851501464843,-0.0683139953613292,1.8691322631835945,-0.0938671264648434,,,,
1992,1992-11-26,840,Y32,-32.059279,115.527994,NW,331,33.775115966796875,18.25992774963379,35.73006057739258,18.24975204467773,35.737579345703125,20.1825,35.637,19.947,35.599000000000004,roms,,,,,fv,1.922572250366212,-0.0930605773925776,1.6972479553222648,-0.1385793457031212,,,,
1992,1992-11-26,850,Y33,-32.07178,115.501659,NW,331,24.334697723388672,18.260765075683597,35.732791900634766,18.254562377929688,35.74351501464844,20.1755,35.6285,19.88192733001709,35.57726612091064,roms,,,,,fv,1.9147349243164056,-0.1042919006347631,1.6273649520874045,-0.1662488937377944,,,,
1992,1992-11-26,901,Y34,-32.085108,115.474159,NW,331,45.66881942749024,18.289457321166992,35.73877716064453,18.28054428100586,35.74557113647461,20.1795,35.6225,19.729,35.559,roms,,,,,fv,1.8900426788330087,-0.1162771606445289,1.4484557189941398,-0.1865711364746118,,,,
1992,1992-11-26,912,Y35,-32.098446,115.444987,NW,331,44.34015274047852,18.278697967529297,35.73165512084961,18.26749992370605,35.740230560302734,20.196,35.617999999999995,19.76212635040283,35.54686803054809,roms,,,,,fv,1.917302032470701,-0.1136551208496143,1.494626426696776,-0.1933625297546441,,,,
1992,1992-11-26,1005,GI40,-32.250112,115.53333,SW,331,35.30769348144531,18.03369903564453,35.66971969604492,17.988340377807617,35.68956756591797,20.1705,35.66,19.75906153869629,35.60712307739258,roms,,,,,fv,2.1368009643554693,-0.0097196960449252,1.770721160888673,-0.0824444885253896,,,,
1992,1992-11-26,1014,GI35,-32.250111,115.558327,SW,331,33.94446563720703,17.996978759765625,35.64637756347656,17.941082000732422,35.66743087768555,20.186,35.6695,19.83937770996093,35.62542221374512,roms,,,,,fv,2.189021240234375,0.0231224365234368,1.898295709228513,-0.0420086639404289,,,,
1992,1992-12-17,1219,GI15,-32.250114,115.615826,SW,352,11.032441139221191,20.3415470123291,35.75193405151367,20.241050720214844,35.75624465942383,21.002,35.81,20.807997162342076,35.79045133829117,roms,,,,,fv,0.6604529876709009,0.0580659484863304,0.5669464421272288,0.034206678867342,,,,
1992,1992-12-17,1225,GI30,-32.25011,115.599989,SW,352,27.55660629272461,20.318777084350582,35.75043869018555,19.858407974243164,35.742855072021484,20.8505,35.773,20.491,35.729,roms,,,,,fv,0.5317229156494108,0.0225613098144492,0.6325920257568356,-0.0138550720214851,,,,
1992,1992-12-17,1234,GI35,-32.250111,115.558327,SW,352,34.095909118652344,20.03054428100586,35.744712829589844,19.66769027709961,35.74344253540039,20.762,35.749,20.24500790863037,35.67489309082031,roms,,,,,fv,0.7314557189941411,0.0042871704101585,0.5773176315307609,-0.0685494445800785,,,,
1992,1992-12-17,1242,GI40,-32.250112,115.53333,SW,352,35.71952438354492,20.16031837463379,35.738182067871094,19.59861946105957,35.74608612060547,20.7305,35.738,20.178812090301516,35.662424380493164,roms,,,,,fv,0.5701816253662102,-0.0001820678710942,0.5801926292419424,-0.0836617401123049,,,,
1992,1992-12-17,1325,Y35W1,-32.099126,115.392512,NW,352,54.81129455566406,20.033924102783203,35.763511657714844,19.31587028503418,35.7556266784668,20.6875,35.783,20.096132510375977,35.6797830581665,roms,,,,,fv,0.6535758972167969,0.0194883422851575,0.7802622253417972,-0.0758436203002972,,,,
1992,1992-12-17,1342,Y35,-32.098446,115.444987,NW,352,46.60744857788086,20.39947891235352,35.7734375,19.481142044067383,35.75284576416016,20.6615,35.6745,19.9899524848938,35.573927226257325,roms,,,,,fv,0.2620210876464846,-0.0989374999999981,0.5088104408264158,-0.178918537902831,,,,
1992,1992-12-17,1352,Y34,-32.085108,115.474159,NW,352,46.47477340698242,20.255691528320312,35.769622802734375,19.50587654113769,35.75136947631836,20.6585,35.6835,19.935,35.576,roms,,,,,fv,0.4028084716796876,-0.0861228027343727,0.4291234588623034,-0.1753694763183588,,,,
1992,1992-12-17,1405,Y33,-32.07178,115.501659,NW,352,8.763408660888672,20.30334854125977,35.84897232055664,19.90601921081543,35.76492691040039,20.6645,35.689,20.470580451965333,35.652,roms,,,,,fv,0.3611514587402311,-0.1599723205566405,0.564561241149903,-0.1129269104003896,,,,
1992,1992-12-17,1414,Y32,-32.059279,115.527994,NW,352,34.11661529541016,21.02044486999512,35.7348518371582,19.878419876098636,35.74836349487305,20.667,35.6985,20.402,35.66,roms,,,,,fv,-0.3534448699951156,-0.0363518371582003,0.5235801239013682,-0.0883634948730502,,,,
1992,1992-12-17,1422,Y31,-32.04844,115.554158,NW,352,28.41013526916504,20.67392349243164,35.74692153930664,20.296844482421875,35.74630355834961,20.72,35.712,20.531,35.688,roms,,,,,fv,0.0460765075683582,-0.0349215393066373,0.2341555175781238,-0.0583035583496069,,,,
1992,1992-12-17,1432,Y30,-32.035113,115.58333,NW,352,17.597749710083008,20.528045654296875,35.744869232177734,20.47517967224121,35.74662780761719,20.8195,35.7365,20.693,35.72,roms,,,,,fv,0.2914543457031229,-0.0083692321777348,0.2178203277587904,-0.0266278076171886,,,,
1992,1992-12-17,1443,Y29,-32.026776,115.615828,NW,352,9.618720054626465,20.7139892578125,35.772499084472656,20.552793502807617,35.75749588012695,20.988,35.776,20.889,35.768,roms,,,,,fv,0.2740107421874995,0.0035009155273399,0.3362064971923821,0.0105041198730475,,,,
1993,1993-02-16,838,ROTTO,-32.005,115.52,NW,47,11.025961875915527,22.449138641357425,36.47332763671875,22.41196823120117,36.47759246826172,21.453999519348145,35.763999938964844,21.41935661111984,35.76248778913214,hycom,,,,,fv,-0.9951391220092772,-0.7093276977539062,-0.992611620081334,-0.7151046791295812,,,,
1993,1993-02-16,924,Y29,-32.026776,115.615828,NW,47,9.91542625427246,21.28135871887207,35.94354248046875,21.059253692626957,35.95433807373047,22.189000129699707,35.84550094604492,22.289222172197697,35.82101466752647,hycom,,,,,fv,0.9076414108276368,-0.0980415344238281,1.2299684795707435,-0.1333234062039991,,,,
1993,1993-02-16,933,Y30,-32.035113,115.58333,NW,47,19.62434196472168,21.58572769165039,35.935401916503906,21.04745483398437,35.94007110595703,22.189000129699707,35.84550094604492,22.29400062561035,35.81999969482422,hycom,,,,,fv,0.6032724380493164,-0.0899009704589843,1.2465457916259766,-0.1200714111328125,,,,
1993,1993-02-16,943,Y31,-32.04844,115.554158,NW,47,29.982254028320312,21.22063636779785,35.91985321044922,20.501569747924805,35.89140319824219,21.18400001525879,35.74399948120117,21.09199905395508,35.737998962402344,hycom,,,,,fv,-0.0366363525390625,-0.1758537292480468,0.5904293060302734,-0.1534042358398437,,,,
1993,1993-02-16,955,Y32,-32.059279,115.527994,NW,47,34.86811065673828,21.31618881225586,35.92886734008789,19.71434211730957,35.8204345703125,21.18400001525879,35.74399948120117,21.09199905395508,35.737998962402344,hycom,,,,,fv,-0.1321887969970703,-0.1848678588867187,1.3776569366455078,-0.0824356079101562,,,,
1993,1993-02-16,1004,Y33,-32.07178,115.501659,NW,47,45.11320877075195,21.257963180541992,35.928443908691406,19.06190490722656,35.78803634643555,21.18400001525879,35.74399948120117,21.09199905395508,35.737998962402344,hycom,,,,,fv,-0.0739631652832031,-0.1844444274902343,2.030094146728516,-0.0500373840332031,,,,
1993,1993-02-16,1014,Y33N5,-32.058446,115.499991,NW,47,41.54848861694336,21.20539665222168,35.93216323852539,19.44474029541016,35.80313873291016,21.18400001525879,35.74399948120117,21.09199905395508,35.737998962402344,hycom,,,,,fv,-0.0213966369628906,-0.1881637573242187,1.647258758544922,-0.0651397705078125,,,,
1993,1993-02-16,1023,Y33N10,-32.041776,115.499988,NW,47,32.987579345703125,21.23259735107422,35.9427490234375,19.671955108642575,35.81478500366211,21.18400001525879,35.74399948120117,21.09199905395508,35.737998962402344,hycom,,,,,fv,-0.0485973358154296,-0.1987495422363281,1.4200439453125,-0.0767860412597656,,,,
1993,1993-02-16,1030,Y33N15,-32.025107,115.499995,NW,47,21.985605239868164,21.678022384643555,35.991432189941406,20.714229583740234,35.910518646240234,21.453999519348145,35.763999938964844,21.347999572753903,35.75699996948242,hycom,,,,,fv,-0.2240228652954101,-0.2274322509765625,0.6337699890136719,-0.1535186767578125,,,,
1993,1993-02-16,1049,Y34,-32.085108,115.474159,NW,47,45.847415924072266,21.409330368041992,35.91563034057617,19.768028259277344,35.83233642578125,20.780500411987305,35.709999084472656,17.94300079345703,35.625,hycom,,,,,fv,-0.6288299560546875,-0.2056312561035156,-1.8250274658203125,-0.20733642578125,,,,
1993,1993-02-16,1100,Y35,-32.098446,115.444987,NW,47,45.982208251953125,21.3836669921875,35.88125991821289,18.03146171569824,35.74152374267578,20.780500411987305,35.709999084472656,17.94300079345703,35.625,hycom,,,,,fv,-0.6031665802001953,-0.1712608337402343,-0.0884609222412109,-0.1165237426757812,,,,
1993,1993-02-16,1116,Y35W1,-32.099126,115.392512,NW,47,54.390174865722656,21.50029563903809,35.84510803222656,17.071563720703125,35.707427978515625,20.600500106811523,35.69200134277344,18.937000274658203,35.64400100708008,hycom,,,,,fv,-0.8997955322265625,-0.153106689453125,1.865436553955078,-0.0634269714355468,,,,
1993,1993-02-16,1136,PPS005,-32.149124,115.392504,NW,47,49.87839126586914,21.29021453857422,35.89609909057617,18.011117935180664,35.73849105834961,20.705500602722168,35.685001373291016,18.96228777137876,35.64409833340615,hycom,,,,,fv,-0.5847139358520508,-0.2110977172851562,0.9511698361980976,-0.0943927249434608,,,,
1993,1993-02-16,1152,PPS010,-32.183443,115.416657,W,47,50.160430908203125,21.430084228515625,35.87777328491211,18.844444274902344,35.78014373779297,20.84999942779541,35.70600128173828,17.91699981689453,35.62300109863281,hycom,,,,,fv,-0.5800848007202148,-0.1717720031738281,-0.9274444580078124,-0.1571426391601562,,,,
1993,1993-02-16,1211,GI100,-32.25011,115.416657,SW,47,47.72007751464844,21.353578567504883,35.916481018066406,19.80669593811035,35.834014892578125,21.0334997177124,35.698001861572266,20.613000869750977,35.6870002746582,hycom,,,,,fv,-0.3200788497924804,-0.2184791564941406,0.806304931640625,-0.1470146179199218,,,,
1993,1993-02-16,1236,GI40,-32.250112,115.53333,SW,47,35.82413864135742,21.9167594909668,35.90690994262695,20.62833023071289,35.900169372558594,21.376999855041504,35.7244987487793,21.176000595092773,35.715999603271484,hycom,,,,,fv,-0.539759635925293,-0.1824111938476562,0.5476703643798828,-0.1841697692871093,,,,
1993,1993-02-16,1243,GI35,-32.250111,115.558327,SW,47,35.20722579956055,22.00594139099121,35.90959930419922,20.72114944458008,35.9094123840332,21.376999855041504,35.7244987487793,21.176000595092773,35.715999603271484,hycom,,,,,fv,-0.628941535949707,-0.1851005554199218,0.4548511505126953,-0.1934127807617187,,,,
1993,1993-02-16,1256,GI30,-32.25011,115.599989,SW,47,28.02584457397461,21.90447425842285,35.953086853027344,20.9970703125,35.94260787963867,21.94050025939941,35.80850028991699,21.88800048828125,35.802001953125,hycom,,,,,fv,0.0360260009765625,-0.1445865631103515,0.89093017578125,-0.1406059265136718,,,,
1993,1993-02-16,1303,GI15,-32.250114,115.615826,SW,47,12.694876670837402,21.692018508911133,35.97373580932617,21.1890869140625,35.96481704711914,21.94050025939941,35.80850028991699,21.897989731223788,35.80353785784973,hycom,,,,,fv,0.2484817504882812,-0.1652355194091797,0.7089028171612881,-0.1612791892694076,,,,
1993,1993-12-16,930,MS11,-32.259948,115.593989,SW,350,32.0,19.899999618530277,37.18000030517578,19.5,37.18000030517578,20.25800037384033,35.86050033569336,20.19300079345703,35.854000091552734,hycom,20.33331871032715,35.88326644897461,19.82781410217285,35.88776016235352,fv,0.3580007553100586,-1.319499969482422,0.6930007934570312,-1.3260002136230469,0.433319091796875,-1.296733856201172,0.3278141021728515,-1.2922401428222656
1994,1994-05-03,835,SD20,-32.06678,115.599993,NW,123,21.100000381469727,20.84666633605957,36.03166580200195,21.487499237060547,35.90999984741211,21.602499961853027,35.946998596191406,21.57699966430664,35.94900131225586,hycom,20.18498039245605,36.47310256958008,20.03125,36.5560302734375,fv,0.755833625793457,-0.0846672058105468,0.0895004272460937,0.03900146484375,-0.6616859436035156,0.441436767578125,-1.4562492370605469,0.6460304260253906
1994,1994-05-03,850,SD30,-32.066786,115.566656,NW,123,25.5,21.19099998474121,36.09600067138672,21.706666946411133,35.87666702270508,21.602499961853027,35.946998596191406,21.57699966430664,35.94900131225586,hycom,20.36070251464844,36.388221740722656,20.335676193237305,36.37535095214844,fv,0.4114999771118164,-0.1490020751953125,-0.1296672821044922,0.0723342895507812,-0.8302974700927734,0.2922210693359375,-1.370990753173828,0.4986839294433594
1994,1994-05-03,915,Y32,-32.059279,115.527994,NW,123,36.20000076293945,21.814001083374023,35.96999740600586,22.275001525878903,35.69499969482422,21.753999710083008,35.79850006103516,21.75300025939941,35.79899978637695,hycom,20.654998779296875,36.33723449707031,20.55753517150879,36.3359375,fv,-0.0600013732910156,-0.1714973449707031,-0.5220012664794922,0.1040000915527343,-1.1590023040771484,0.3672370910644531,-1.7174663543701172,0.6409378051757812
1994,1994-05-03,930,Y33,-32.07178,115.501659,NW,123,45.29999923706055,21.99833106994629,35.983333587646484,22.3700008392334,35.87999725341797,21.753999710083008,35.79850006103516,21.75300025939941,35.79899978637695,hycom,20.84039306640625,36.2930908203125,20.80531883239746,36.29175567626953,fv,-0.2443313598632812,-0.1848335266113281,-0.6170005798339844,-0.0809974670410156,-1.157938003540039,0.3097572326660156,-1.5646820068359375,0.4117584228515625
1994,1994-05-03,945,Y34,-32.085108,115.474159,NW,123,46.5,22.13999938964844,36.03199768066406,22.399999618530277,35.79999923706055,22.02150058746338,35.716501235961914,22.02899932861328,35.72600173950195,hycom,20.99661445617676,36.25419235229492,21.028703689575195,36.348934173583984,fv,-0.1184988021850586,-0.3154964447021484,-0.3710002899169922,-0.0739974975585937,-1.1433849334716797,0.2221946716308593,-1.371295928955078,0.5489349365234375
1994,1994-05-03,955,Y35,-32.098446,115.444987,NW,123,46.09999847412109,22.607999801635746,35.81399917602539,22.49499893188477,35.904998779296875,22.02150058746338,35.716501235961914,22.02899932861328,35.72600173950195,hycom,21.00102806091309,36.26877212524414,20.989500045776367,36.31145095825195,fv,-0.5864992141723633,-0.0974979400634765,-0.4659996032714844,-0.1789970397949218,-1.6069717407226562,0.45477294921875,-1.5054988861083984,0.4064521789550781
1994,1994-05-03,1245,SD40,-32.116777,115.549987,NW,123,36.400001525878906,22.40333366394043,35.92000198364258,22.21000099182129,35.96500015258789,21.753999710083008,35.79850006103516,21.75300025939941,35.79899978637695,hycom,20.864442825317383,36.22420120239258,20.802350997924805,36.21891021728516,fv,-0.6493339538574219,-0.1215019226074218,-0.457000732421875,-0.1660003662109375,-1.5388908386230469,0.30419921875,-1.4076499938964844,0.2539100646972656
1994,1994-05-03,1300,SD50,-32.126441,115.587825,NW,123,22.600000381469727,22.12666893005371,35.9466667175293,21.91666603088379,35.983333587646484,21.33199977874756,35.99150085449219,21.32900047302246,35.99100112915039,hycom,20.67473030090332,36.27968215942383,20.624391555786133,36.26936721801758,fv,-0.7946691513061523,0.0448341369628906,-0.5876655578613281,0.0076675415039062,-1.4519386291503906,0.3330154418945312,-1.2922744750976562,0.2860336303710937
1994,1994-05-03,1310,SD55,-32.133453,115.616658,NW,123,21.200000762939453,22.27199935913086,35.93199920654297,21.38333320617676,36.21333312988281,21.33199977874756,35.99150085449219,21.32900047302246,35.99100112915039,hycom,20.53062057495117,36.330379486083984,20.422621515884828,36.32863002841034,fv,-0.9399995803833008,0.0595016479492187,-0.0543327331542968,-0.2223320007324218,-1.7413787841796875,0.3983802795410156,-0.9607116902919302,0.1152968985275251
1994,1994-05-03,1527,GI30,-32.25011,115.599989,SW,123,27.5,22.76000022888184,36.05999755859375,22.13333320617676,36.07000350952149,21.40699958801269,36.0004997253418,21.39699935913086,36.000999450683594,hycom,20.88341522216797,36.18247604370117,20.78196144104004,36.17739486694336,fv,-1.3530006408691406,-0.0594978332519531,-0.7363338470458984,-0.0690040588378906,-1.8765850067138672,0.1224784851074218,-1.3513717651367188,0.107391357421875
1994,1994-05-04,1230,SD20,-32.06678,115.599993,NW,124,21.100000381469727,22.262001037597656,36.46999740600586,22.05500030517578,36.394996643066406,21.87150001525879,35.811500549316406,21.774999618530277,35.88500213623047,hycom,20.8741455078125,36.265724182128906,20.02094268798828,36.5498275756836,fv,-0.3905010223388672,-0.6584968566894531,-0.2800006866455078,-0.5099945068359375,-1.3878555297851562,-0.2042732238769531,-2.0340576171875,0.1548309326171875
1994,1994-05-04,1306,SD40,-32.116777,115.549987,NW,124,37.5,22.36833381652832,36.85333251953125,21.606666564941406,37.06999588012695,22.07450008392334,35.63650131225586,21.801000595092773,35.78900146484375,hycom,20.973283767700195,36.204097747802734,20.28212547302246,36.41033935546875,fv,-0.2938337326049804,-1.2168312072753906,0.1943340301513672,-1.2809944152832031,-1.395050048828125,-0.6492347717285156,-1.324541091918945,-0.6596565246582031
1994,1994-05-04,1316,SD50,-32.126441,115.587825,NW,124,21.700000762939453,22.14166831970215,36.96166610717773,21.38500022888184,37.00499725341797,21.572999954223636,35.89950180053711,21.45800018310547,35.9630012512207,hycom,20.740345001220703,36.32174682617188,20.234106063842773,36.45492935180664,fv,-0.5686683654785156,-1.062164306640625,0.0729999542236328,-1.0419960021972656,-1.401323318481445,-0.6399192810058594,-1.1508941650390625,-0.5500679016113281
1994,1994-05-04,1329,SD55,-32.133453,115.616658,NW,124,22.399999618530277,21.75333404541016,37.04500198364258,20.78333282470703,37.5099983215332,21.572999954223636,35.89950180053711,21.45800018310547,35.9630012512207,hycom,20.610822677612305,36.44956588745117,20.062440872192383,36.575531005859375,fv,-0.1803340911865234,-1.1455001831054688,0.6746673583984375,-1.5469970703125,-1.1425113677978516,-0.5954360961914062,-0.7208919525146484,-0.934467315673828
