year,date,time,station,lat,lon,subregion,doy,obs_maxdep,obs_surfT,obs_surfS,obs_botT,obs_botS,bc_surfT,bc_surfS,bc_botT,bc_botS,bc_src,model_surfT,model_surfS,model_botT,model_botS,model_src,bc_surfT_bias,bc_surfS_bias,bc_botT_bias,bc_botS_bias,model_surfT_bias,model_surfS_bias,model_botT_bias,model_botS_bias
1991,1991-08-13,0930,MN27,-32.249281,115.602496,W,225,27.0,16.78333282470703,35.08000183105469,17.100000381469727,35.220001220703125,18.4625,35.4065,18.273,35.405,roms,17.103715896606445,35.03044128417969,16.66139793395996,35.28319549560547,fv,1.6791671752929673,0.3264981689453137,1.1729996185302731,0.18499877929687614,0.32038307189941406,-0.049560546875,-0.4386024475097656,0.06319427490234375
1991,1991-08-13,0930,Y6,-31.947273,115.726659,N,225,11.300000190734863,16.255001068115234,34.97443389892578,16.219999313354492,34.96156311035156,17.2115,35.400999999999996,17.212,35.403,roms,17.95872688293457,35.355045318603516,17.745716858098604,35.37209243772668,fv,0.9564989318847665,0.426566101074215,0.9920006866455076,0.4414368896484362,1.703725814819336,0.3806114196777344,1.5257175447441114,0.4105293273751158
1991,1991-08-13,1000,MN26,-32.333443,115.616662,SW,225,27.0,17.200000762939453,35.209999084472656,17.25,35.22999954223633,18.1155,35.406,17.944,35.411,roms,17.56802749633789,34.94645690917969,16.75225257873535,35.23880386352539,fv,0.9154992370605477,0.19600091552734256,0.6939999999999991,0.18100045776367324,0.3680267333984375,-0.26354217529296875,-0.49774742126464844,0.0088043212890625
1991,1991-08-13,1000,Y8,-31.920447,115.727822,N,225,13.899999618530273,16.469999313354492,35.015708923339844,16.553998947143555,35.04949188232422,17.301000000000002,35.400999999999996,17.296,35.403999999999996,roms,17.900619506835938,35.37892532348633,17.811753896249947,35.37797585296207,fv,0.8310006866455097,0.3852910766601525,0.7420010528564447,0.3545081176757776,1.4306201934814453,0.3632164001464844,1.257754949106392,0.32848397063784773
1991,1991-08-13,1004,OA45,-32.077944,115.616997,NW,225,20.196971893310547,17.80059242248535,35.1888542175293,17.5832462310791,35.171722412109375,18.220999999999997,35.406499999999994,18.252,35.407,roms,16.51163101196289,35.278812408447266,16.01717758178711,35.359439849853516,fv,0.42040757751464497,0.2176457824706972,0.6687537689208973,0.23527758789062148,-1.288961410522461,0.08995819091796875,-1.5660686492919922,0.18771743774414062
1991,1991-08-13,1015,OA50,-32.099116,115.616996,NW,225,17.52924346923828,17.668277740478516,35.20503616333008,17.40998077392578,35.16676712036133,18.220999999999997,35.406499999999994,18.252,35.407,roms,16.29868507385254,35.18217086791992,15.908927735709497,35.35841726196586,fv,0.5527222595214809,0.20146383666991596,0.8420192260742176,0.24023287963866835,-1.3695926666259766,-0.02286529541015625,-1.501053038216284,0.19165014160453353
1991,1991-08-13,1015,Y9,-31.893443,115.729156,N,225,13.899999618530273,16.893333435058594,35.16208267211914,16.90999984741211,35.19300079345703,17.301000000000002,35.400999999999996,17.296,35.403999999999996,roms,17.908071517944336,35.36904525756836,17.78918571786562,35.36965103138937,fv,0.4076665649414082,0.23891732788085562,0.38600015258789,0.2109992065429651,1.0147380828857422,0.20696258544921875,0.8791858704535116,0.17665023793233559
1991,1991-08-13,1105,Y11,-31.877275,115.731662,N,225,10.0,16.38166618347168,35.03580093383789,16.31999969482422,35.02497482299805,17.369999999999997,35.400999999999996,17.353,35.403,roms,17.68229103088379,35.363582611083984,17.592698097229004,35.35759925842285,fv,0.9883338165283178,0.3651990661621056,1.0330003051757828,0.3780251770019518,1.3006248474121094,0.32778167724609375,1.2726984024047852,0.3326244354248047
1991,1991-08-13,1112,Y12,-31.87678,115.719162,N,225,13.800000190734863,17.21000099182129,35.24006271362305,17.160001754760742,35.26188659667969,17.6385,35.3995,17.622,35.402,roms,17.960792541503906,35.35458755493164,17.90503093385956,35.3531545990118,fv,0.42849900817871145,0.15943728637695642,0.4619982452392577,0.14011340332031352,0.7507915496826172,0.11452484130859375,0.7450291790988182,0.0912680023321144
1991,1991-08-13,1125,Y13,-31.876776,115.698325,N,225,15.399999618530273,17.6200008392334,35.285682678222656,17.538333892822266,35.30122756958008,17.6385,35.3995,17.622,35.402,roms,18.076616287231445,35.32023620605469,18.03165664667904,35.31780433656968,fv,0.018499160766602074,0.11381732177734705,0.08366610717773426,0.1007724304199229,0.4566154479980469,0.03455352783203125,0.4933227538567735,0.01657676698960131
1991,1991-08-13,1140,Y14,-31.877273,115.679162,N,225,20.399999618530273,17.7760009765625,35.283599853515625,17.698572158813477,35.292301177978516,17.906999999999996,35.397,17.881,35.399,roms,18.118528366088867,35.314056396484375,17.844392639413854,35.316229628202564,fv,0.13099902343749648,0.11340014648437347,0.18242784118652366,0.10669882202148528,0.3425273895263672,0.03045654296875,0.14582048060037778,0.023928450224047992
1991,1991-08-13,1200,Y15,-31.876778,115.646662,N,225,26.600000381469727,17.360000610351562,35.100738525390625,17.134998321533203,35.13953399658203,18.1485,35.394999999999996,18.172,35.394,roms,18.12036895751953,35.330055236816406,17.217754364013672,35.32577896118164,fv,0.788499389648436,0.294261474609371,1.0370016784667975,0.2544660034179671,0.7603683471679688,0.22931671142578125,0.08275604248046875,0.18624496459960938
1991,1991-08-13,1210,MN18,-32.410947,115.699996,S,225,11.0,16.200000762939453,34.619998931884766,15.899999618530273,34.619998931884766,16.880499999999998,35.3965,16.826,35.4,roms,17.05496597290039,34.97068405151367,16.98771142481805,34.96820831298828,fv,0.6804992370605447,0.7765010681152376,0.9260003814697271,0.780001068115233,0.8549652099609375,0.35068511962890625,1.0877118062877749,0.3482093811035156
1991,1991-08-13,1215,Y16,-31.876274,115.614162,N,225,28.600000381469727,17.780000686645508,35.181278228759766,17.735713958740234,35.202903747558594,18.337,35.394,18.296,35.396,roms,18.183500289916992,35.33518981933594,17.196495056152344,35.332496643066406,fv,0.5569993133544919,0.21272177124023273,0.560286041259765,0.19309625244140705,0.4034996032714844,0.15391159057617188,-0.5392189025878906,0.1295928955078125
1991,1991-08-13,1230,MN15,-32.433449,115.744994,S,225,13.0,15.869999885559082,34.66999816894531,15.550000190734863,34.66999816894531,16.377499999999998,35.3625,16.383,35.366,roms,16.418182373046875,35.01520919799805,16.296172553956605,35.02323200116932,fv,0.5075001144409157,0.6925018310546847,0.8329998092651358,0.6960018310546872,0.548182487487793,0.3452110290527344,0.7461723632217421,0.3532338322240065
1991,1991-08-13,1233,Y17,-31.87594,115.584662,N,225,32.0,19.329999923706055,35.39984130859375,18.0679988861084,35.27345657348633,18.485,35.394499999999994,18.414,35.396,roms,18.1916446685791,35.34975814819336,16.892745971679688,35.33607864379883,fv,-0.8449999237060553,-0.0053413085937563665,0.34600111389160304,0.12254342651367267,-1.1383552551269531,-0.050083160400390625,-1.175252914428711,0.0626220703125
1991,1991-08-13,1240,MN13,-32.45011,115.705827,S,225,15.0,16.433334350585938,34.31999969482422,16.75,35.060001373291016,16.939999999999998,35.400999999999996,16.86,35.405,roms,17.103788375854492,34.954166412353516,17.012929916381836,34.95643615722656,fv,0.5066656494140602,1.0810003051757775,0.10999999999999943,0.3449986267089855,0.6704540252685547,0.6341667175292969,0.26292991638183594,-0.10356521606445312
1991,1991-08-13,1250,MN11,-32.466777,115.665827,S,225,13.0,16.700000762939453,31.032501220703125,16.6200008392334,35.040000915527344,17.765,35.408500000000004,17.726,35.414,roms,17.004796981811523,34.96574783325195,16.927995575044985,34.96290813589616,fv,1.0649992370605474,4.375998779296879,1.1059991607666007,0.37399908447265773,0.3047962188720703,3.933246612548828,0.30799473581158665,-0.07709277963118666
1991,1991-08-13,1255,Y18,-31.899276,115.603328,N,225,32.0,19.329999923706055,35.39984130859375,18.0679988861084,35.27345657348633,18.447499999999998,35.396,18.338,35.396,roms,18.142684936523438,35.35404586791992,16.795066833496094,35.32316589355469,fv,-0.8824999237060567,-0.003841308593749204,0.27000111389160253,0.12254342651367267,-1.1873149871826172,-0.045795440673828125,-1.2729320526123047,0.049709320068359375
1991,1991-08-13,1300,MN9,-32.483443,115.699997,S,225,13.0,16.883333206176758,30.68666648864746,16.75,35.720001220703125,16.741500000000002,35.4,16.71,35.405,roms,17.02271270751953,34.957637786865234,16.95625114440918,34.95621109008789,fv,-0.14183320617675577,4.713333511352538,-0.03999999999999915,-0.31500122070312386,0.13937950134277344,4.270971298217773,0.2062511444091797,-0.7637901306152344
1991,1991-08-13,1312,Y19,-31.920444,115.620322,N,225,28.700000762939453,17.366666793823242,35.00821304321289,17.08500099182129,35.2433967590332,18.275,35.3965,18.196,35.397999999999996,roms,17.956308364868164,35.366947174072266,17.23088836669922,35.40363311767578,fv,0.9083332061767564,0.38828695678711256,1.1109990081787124,0.154603240966793,0.5896415710449219,0.358734130859375,0.1458873748779297,0.16023635864257812
1991,1991-08-13,1320,MN8,-32.491777,115.716662,S,225,12.0,16.91666603088379,30.830001831054688,16.475000381469727,35.0,16.741500000000002,35.4,16.71,35.405,roms,17.020280838012695,34.9095573425293,16.967838287353516,34.91123580932617,fv,-0.17516603088378702,4.569998168945311,0.2349996185302743,0.40500000000000114,0.10361480712890625,4.079555511474609,0.49283790588378906,-0.08876419067382812
1991,1991-08-13,1330,MN7B,-32.496393,115.724409,S,225,9.0,16.91666603088379,27.306665420532227,16.25,35.0,16.741500000000002,35.4,16.71,35.405,roms,16.782011032104492,34.89411544799805,16.72776222229004,34.891258239746094,fv,-0.17516603088378702,8.093334579467772,0.46000000000000085,0.40500000000000114,-0.13465499877929688,7.58745002746582,0.47776222229003906,-0.10874176025390625
1991,1991-08-13,1330,Y20,-31.944281,115.639156,N,225,25.899999618530273,17.38833236694336,35.044368743896484,17.110000610351562,35.26329040527344,17.975,35.399,17.957,35.4,roms,17.68952751159668,35.39187240600586,16.96719741821289,35.39932632446289,fv,0.586667633056642,0.35463125610351653,0.8469993896484382,0.13670959472656108,0.3011951446533203,0.347503662109375,-0.14280319213867188,0.13603591918945312
1991,1991-08-13,1430,MN4,-32.512609,115.708328,S,225,8.0,16.316667556762695,34.0533332824707,16.25,34.95000076293945,16.741500000000002,35.4,16.71,35.405,roms,16.32672691345215,34.90242004394531,16.30751609802246,34.89960861206055,fv,0.42483244323730673,1.3466667175292955,0.46000000000000085,0.454999237060548,0.010059356689453125,0.8490867614746094,0.05751609802246094,-0.05039215087890625
1991,1991-08-13,1435,MN3,-32.512613,115.700823,S,225,11.0,16.450000762939453,34.06666564941406,16.149999618530273,34.97999954223633,16.741500000000002,35.4,16.71,35.405,roms,16.78778648376465,34.88911819458008,16.70356871900657,34.88525907657196,fv,0.2914992370605489,1.333334350585936,0.5600003814697274,0.425000457763673,0.3377857208251953,0.8224525451660156,0.5535691004762953,-0.09474046566436556
1991,1991-08-13,1445,MN2,-32.500114,115.694989,S,225,12.0,16.649999618530273,31.6633358001709,16.450000762939453,35.06999969482422,17.183999999999997,35.405,17.067,35.409,roms,17.0042667388916,34.93964767456055,16.937669770217344,34.945654853383274,fv,0.5340003814697241,3.7416641998291027,0.616999237060547,0.33900030517578017,0.3542671203613281,3.2763118743896484,0.48766900727789064,-0.12434484144094426
1991,1991-08-13,1452,MN1,-32.486776,115.689158,S,225,13.0,17.25,32.81999969482422,16.75,35.11000061035156,17.183999999999997,35.405,17.067,35.409,roms,17.01820945739746,34.96049880981445,16.96384048461914,34.957496643066406,fv,-0.0660000000000025,2.5850003051757824,0.31700000000000017,0.2989993896484364,-0.23179054260253906,2.1404991149902344,0.21384048461914062,-0.15250396728515625
1991,1991-08-13,1500,MN20,-32.433447,115.668328,S,225,16.0,16.649999618530273,33.900001525878906,16.969999313354492,35.099998474121094,17.4145,35.406,17.359,35.41,roms,17.05977439880371,34.963443756103516,16.96370506286621,34.96255111694336,fv,0.7645003814697269,1.5059984741210926,0.3890006866455096,0.31000152587890284,0.4097747802734375,1.0634422302246094,-0.00629425048828125,-0.13744735717773438
1991,1991-08-13,1510,MN21,-32.433449,115.65833,S,225,11.0,16.75,33.22666549682617,17.200000762939453,35.20000076293945,17.765,35.408500000000004,17.749,35.413,roms,17.247949600219727,34.956573486328125,17.15016232094705,34.955138621388144,fv,1.0150000000000006,2.1818345031738318,0.5489992370605457,0.21299923706054358,0.49794960021972656,1.7299079895019531,-0.04983844199240295,-0.2448621415513088
1991,1991-08-13,1705,Y33,-32.07178,115.501659,NW,225,37.20000076293945,18.739999771118164,35.37157440185547,18.395999908447266,35.353240966796875,18.9725,35.402,19.102,35.403,roms,16.9075870513916,35.435482025146484,16.79615345563337,35.425711059668465,fv,0.23250022888183608,0.030425598144532273,0.7060000915527347,0.04975903320312369,-1.8324127197265625,0.06390762329101562,-1.599846452813896,0.07247009287159045
1991,1991-08-13,1735,Y35,-32.098446,115.444987,NW,225,33.900001525878906,18.950000762939453,35.402130126953125,18.912500381469727,35.405738830566406,19.064500000000002,35.400999999999996,19.425780000305174,35.39943999938965,roms,16.604372024536133,35.38521194458008,16.561857121703603,35.383821970639595,fv,0.11449923706054932,-0.0011301269531287517,0.5132796188354476,-0.006298831176756892,-2.3456287384033203,-0.016918182373046875,-2.350643259766123,-0.021916859926811583
1991,1991-08-13,1830,Y39,-32.124274,115.568323,NW,225,30.799999237060547,18.27375030517578,35.39601135253906,18.045000076293945,35.35274124145508,18.7515,35.4045,18.8,35.403999999999996,roms,16.479543685913086,35.39358139038086,16.418718948290717,35.39335218408145,fv,0.4777496948242188,0.00848864746093625,0.7549999237060554,0.05125875854491824,-1.7942066192626953,-0.002429962158203125,-1.626281128003228,0.04061094262637255
1991,1991-08-14,0800,MN27,-32.249281,115.602496,W,226,27.0,16.950000762939453,35.220001220703125,16.950000762939453,35.220001220703125,18.4825,35.397999999999996,18.306,35.400999999999996,roms,17.47088623046875,34.971500396728516,16.808635711669922,35.282440185546875,fv,1.5324992370605486,0.17799877929687113,1.3559992370605478,0.18099877929687125,0.5208854675292969,-0.24850082397460938,-0.14136505126953125,0.06243896484375
1991,1991-08-14,0810,MN26,-32.333443,115.616662,SW,226,27.0,17.200000762939453,35.16999816894531,17.299999237060547,35.2400016784668,18.1345,35.3985,17.974,35.403999999999996,roms,17.450178146362305,34.95053482055664,16.993614196777344,35.2197151184082,fv,0.934499237060546,0.22850183105468602,0.6740007629394533,0.1639983215331995,0.25017738342285156,-0.21946334838867188,-0.3063850402832031,-0.02028656005859375
1991,1991-08-14,0815,V1,-31.859426,115.730226,N,226,10.300000190734863,16.083332061767578,35.03239822387695,16.1200008392334,35.050270080566406,17.408,35.3915,17.402,35.402,roms,17.253969192504883,35.31460189819336,17.23695831378791,35.31749420180131,fv,1.3246679382324231,0.3591017761230475,1.2819991607666026,0.3517299194335948,1.1706371307373047,0.28220367431640625,1.1169574745545106,0.2672241212349036
1991,1991-08-14,0850,V2,-31.859356,115.666956,N,226,25.100000381469727,17.420000076293945,35.247779846191406,17.417999267578125,35.2562370300293,18.1535,35.388,18.198,35.394999999999996,roms,18.020109176635742,35.324951171875,17.69835657302541,35.32610346472631,fv,0.7334999237060558,0.14022015380859187,0.7800007324218754,0.13876296997069915,0.6001091003417969,0.07717132568359375,0.28035730544728565,0.06986643469701193
1991,1991-08-14,0915,V3,-31.859462,115.58818,N,226,34.099998474121094,19.28499984741211,35.36720275878906,19.21666717529297,35.386024475097656,18.484,35.388999999999996,18.457,35.397999999999996,roms,18.112356185913086,35.3554801940918,16.86185073852539,35.34244918823242,fv,-0.8009998474121076,0.021797241210933294,-0.759667175292968,0.011975524902339885,-1.1726436614990234,-0.011722564697265625,-2.354816436767578,-0.043575286865234375
1991,1991-08-14,0937,V4,-31.859125,115.508111,N,226,40.599998474121094,19.86250114440918,35.38340377807617,19.854000091552734,35.40095901489258,18.8365,35.3875,18.897,35.396,roms,17.865835189819336,35.42417907714844,17.06729507446289,35.398433685302734,fv,-1.0260011444091788,0.004096221923830967,-0.9570000915527359,-0.004959014892577329,-1.9966659545898438,0.040775299072265625,-2.7867050170898438,-0.00252532958984375
1991,1991-08-14,0944,OA45,-32.077944,115.616997,NW,226,19.44607162475586,17.39543342590332,35.18994140625,17.341310501098633,35.20771026611328,18.186,35.3925,18.223,35.397,roms,16.5726261138916,35.35453414916992,16.09122565627568,35.36489391715035,fv,0.7905665740966796,0.2025585937499983,0.8816894989013662,0.18928973388671722,-0.8228073120117188,0.16459274291992188,-1.250084844822954,0.15718365103706589
1991,1991-08-14,0955,MN17,-32.418444,115.714989,S,226,12.0,16.100000381469727,34.75,16.100000381469727,34.790000915527344,16.928,35.3915,16.904,35.397999999999996,roms,16.825544357299805,34.94087600708008,16.7803897857666,34.94241714477539,fv,0.8279996185302743,0.6415000000000006,0.8039996185302734,0.6079990844726524,0.7255439758300781,0.19087600708007812,0.680389404296875,0.15241622924804688
1991,1991-08-14,0955,OA50,-32.099116,115.616996,NW,226,18.408985137939453,17.419681549072266,35.18627166748047,17.500696182250977,35.230712890625,18.186,35.3925,18.223,35.397,roms,16.277456283569336,35.253662109375,15.880912780761719,35.34330749511719,fv,0.7663184509277343,0.20622833251952954,0.7223038177490224,0.16628710937499847,-1.1422252655029297,0.06739044189453125,-1.6197834014892578,0.1125946044921875
1991,1991-08-14,1000,V5,-31.859494,115.429354,N,226,45.900001525878906,19.564998626708984,35.38700485229492,19.517499923706055,35.38682174682617,19.060499999999998,35.15,19.367,35.156,roms,17.485334396362305,35.421634674072266,17.368751525878906,35.41802978515625,fv,-0.5044986267089868,-0.2370048522949233,-0.1504999237060538,-0.23082174682617307,-2.0796642303466797,0.03462982177734375,-2.1487483978271484,0.031208038330078125
1991,1991-08-14,1010,MN18,-32.410947,115.699996,S,226,11.0,15.899998664855957,34.69333267211914,16.099998474121094,34.77000045776367,16.928,35.3915,16.904,35.397999999999996,roms,16.925317764282227,34.974090576171875,16.861548060348905,34.97281170730419,fv,1.0280013351440438,0.69816732788086,0.8040015258789062,0.6279995422363243,1.0253190994262695,0.2807579040527344,0.7615495862278117,0.20281124954051677
1991,1991-08-14,1015,MN15,-32.433449,115.744994,S,226,13.0,15.65000057220459,34.633331298828125,15.550000190734863,34.63999938964844,16.4535,35.353500000000004,16.45,35.359,roms,16.282827377319336,35.010986328125,16.18458920863251,35.01060948820674,fv,0.8034994277954084,0.7201687011718789,0.899999809265136,0.7190006103515643,0.6328268051147461,0.377655029296875,0.6345890178976461,0.37061009855830207
1991,1991-08-14,1020,MN14,-32.442611,115.724997,S,226,13.0,16.200000762939453,34.72999954223633,16.649999618530273,34.959999084472656,17.016,35.394000000000005,16.975,35.402,roms,16.68721580505371,34.91701889038086,16.57978630065918,34.91559600830078,fv,0.8159992370605451,0.6640004577636773,0.325000381469728,0.4420009155273448,0.4872150421142578,0.18701934814453125,-0.07021331787109375,-0.044403076171875
1991,1991-08-14,1026,V6,-31.859276,115.350175,N,226,47.400001525878906,18.996665954589844,35.32594299316406,18.690000534057617,35.364139556884766,19.119,35.4275,19.550320010375977,35.433,roms,,,,,fv,0.12233404541015602,0.10155700683593949,0.8603194763183595,0.0688604431152342,,,,
1991,1991-08-14,1030,MN13,-32.45011,115.705827,S,226,15.0,16.600000381469727,34.939998626708984,16.84000015258789,35.150001525878906,17.016,35.394000000000005,16.975,35.402,roms,16.8864688873291,34.96601867675781,16.818641662597656,34.9652099609375,fv,0.4159996185302717,0.4540013732910211,0.1349998474121108,0.2519984741210948,0.286468505859375,0.026020050048828125,-0.021358489990234375,-0.18479156494140625
1991,1991-08-14,1040,MN12,-32.458445,115.686664,S,226,14.0,16.799999237060547,34.970001220703125,16.950000762939453,35.16999816894531,17.4565,35.397999999999996,17.481,35.406,roms,16.91768455505371,34.97121810913086,16.856502532958984,34.968597412109375,fv,0.6565007629394515,0.42799877929687113,0.5309992370605485,0.2360018310546863,0.11768531799316406,0.001216888427734375,-0.09349822998046875,-0.2014007568359375
1991,1991-08-14,1045,V7,-31.858577,115.271111,N,226,72.9000015258789,19.950000762939453,35.441036224365234,19.059999465942383,35.47999954223633,19.1845,35.435,19.76541000442505,35.43970999984741,roms,,,,,fv,-0.7655007629394532,-0.006036224365232101,0.705410538482667,-0.04028954238891913,,,,
1991,1991-08-14,1055,MN11,-32.466777,115.665827,S,226,13.0,16.399999618530273,34.31333541870117,17.100000381469727,35.185001373291016,17.785,35.4005,17.773,35.411,roms,17.057310104370117,34.96432876586914,16.993337690763326,34.96202825538079,fv,1.3850003814697267,1.087164581298829,0.6729996185302731,0.22599862670898574,0.6573104858398438,0.6509933471679688,-0.10666269070640055,-0.22297311791022878
1991,1991-08-14,1100,MN10,-32.475115,115.682496,S,226,15.0,16.40333366394043,34.11000061035156,17.0,35.31999969482422,17.27,35.394999999999996,17.204,35.403999999999996,roms,16.980539321899414,34.96732711791992,16.903987884521484,34.9647102355957,fv,0.8666663360595699,1.2849993896484335,0.20400000000000063,0.08400030517577761,0.5772056579589844,0.8573265075683594,-0.09601211547851562,-0.3552894592285156
1991,1991-08-14,1110,MN9,-32.483443,115.699997,S,226,13.0,16.450000762939453,31.403335571289062,16.899999618530273,35.2599983215332,16.8315,35.39149999999999,16.806,35.400999999999996,roms,16.899587631225586,34.96875,16.840015411376953,34.96588134765625,fv,0.3814992370605452,3.988164428710931,-0.0939996185302725,0.14100167846679312,0.4495868682861328,3.5654144287109375,-0.05998420715332031,-0.2941169738769531
1991,1991-08-14,1120,MN8,-32.491777,115.716662,S,226,12.0,16.48333168029785,34.06333541870117,16.649999618530273,35.119998931884766,16.8315,35.39149999999999,16.806,35.400999999999996,roms,16.84320831298828,34.943695068359375,16.787643432617188,34.94368362426758,fv,0.3481683197021468,1.3281645812988216,0.1560003814697275,0.2810010681152306,0.3598766326904297,0.8803596496582031,0.13764381408691406,-0.1763153076171875
1991,1991-08-14,1120,V8,-31.859209,115.191423,N,226,163.89999389648438,20.09666633605957,35.44886779785156,18.037500381469727,35.60496520996094,19.188499999999998,35.3975,19.56226499176025,35.41019499969482,roms,,,,,fv,-0.9081663360595726,-0.05136779785156165,1.524764610290525,-0.19477021026611396,,,,
1991,1991-08-14,1200,MN4,-32.512609,115.708328,S,226,8.0,16.183332443237305,29.41666603088379,16.25,35.04999923706055,16.8315,35.39149999999999,16.806,35.400999999999996,roms,16.322946548461914,34.92708969116211,16.307415008544922,34.9246711730957,fv,0.6481675567626937,5.9748339691162045,0.5560000000000009,0.3510007629394494,0.13961410522460938,5.51042366027832,0.057415008544921875,-0.12532806396484375
1991,1991-08-14,1205,V9,-31.858331,115.111173,N,226,199.89999389648438,20.146251678466797,35.460418701171875,17.393333435058594,35.757083892822266,19.2205,35.3965,19.54120001220703,35.41001500091552,roms,,,,,fv,-0.9257516784667956,-0.06391870117187182,2.147866577148438,-0.34706889190674417,,,,
1991,1991-08-14,1210,MN3,-32.512613,115.700823,S,226,11.0,16.33333396911621,28.676666259765625,16.5,35.029998779296875,16.8315,35.39149999999999,16.806,35.400999999999996,roms,16.656280517578125,34.93512725830078,16.60763179437402,34.934498653000894,fv,0.4981660308837874,6.7148337402343685,0.30600000000000094,0.37100122070312125,0.32294654846191406,6.258460998535156,0.1076317943740186,-0.09550012629598115
1991,1991-08-14,1220,MN2,-32.500114,115.694989,S,226,12.0,16.866666793823242,29.920000076293945,16.850000381469727,35.220001220703125,17.27,35.394999999999996,17.204,35.403999999999996,roms,16.91119956970215,34.96562576293945,16.85191271421047,34.9628800672221,fv,0.4033332061767574,5.474999923706051,0.35399961853027406,0.18399877929687136,0.04453277587890625,5.045625686645508,0.0019123327407442048,-0.25712115348102316
1991,1991-08-14,1230,MN1,-32.486776,115.689158,S,226,13.0,16.712499618530273,32.224998474121094,16.899999618530273,35.279998779296875,17.27,35.394999999999996,17.204,35.403999999999996,roms,16.949474334716797,34.96745681762695,16.892520904541016,34.964447021484375,fv,0.5575003814697261,3.1700015258789023,0.3040003814697272,0.12400122070312136,0.23697471618652344,2.7424583435058594,-0.0074787139892578125,-0.3155517578125
1991,1991-08-14,1245,MN20,-32.433447,115.668328,S,226,16.0,16.81999969482422,34.54999923706055,17.149999618530273,34.060001373291016,17.4565,35.397999999999996,17.481,35.406,roms,16.88800621032715,34.976104736328125,16.831098556518555,34.9747314453125,fv,0.6365003051757796,0.8480007629394493,0.3310003814697282,1.3459986267089832,0.06800651550292969,0.4261054992675781,-0.31890106201171875,0.9147300720214844
1991,1991-08-14,1250,V10,-31.85968,115.032391,N,226,199.6999969482422,20.16499900817871,35.454288482666016,18.779998779296875,35.79579162597656,19.209000000000003,35.3985,19.664989979553223,35.41601500015258,roms,,,,,fv,-0.9559990081787078,-0.0557884826660171,0.8849912002563478,-0.379776625823979,,,,
1991,1991-08-14,1305,MN21,-32.433449,115.65833,S,226,11.0,16.649999618530273,34.41999816894531,17.299999237060547,35.19000244140625,17.785,35.4005,17.794,35.41,roms,16.895742416381836,34.97829055786133,16.83848717519184,34.97563110576864,fv,1.1350003814697267,0.9805018310546885,0.4940007629394536,0.2199975585937466,0.2457427978515625,0.5582923889160156,-0.4615120618687065,-0.21437133563760824
1991,1991-08-14,1320,MN22,-32.410114,115.653327,S,226,18.0,16.91666603088379,34.709999084472656,17.350000381469727,34.31999969482422,17.7775,35.4,17.796,35.407,roms,17.150779724121094,34.96371841430664,17.095119214908017,34.96832544373984,fv,0.8608339691162108,0.6900009155273423,0.4459996185302728,1.0870003051757777,0.2341136932373047,0.2537193298339844,-0.25488116656170945,0.6483257489156244
1991,1991-08-14,1330,V11,-31.859142,114.952075,N,226,199.89999389648438,20.190000534057617,35.440120697021484,18.889999389648438,35.74259948730469,19.332,35.391999999999996,19.583909994506836,35.421,roms,,,,,fv,-0.8580005340576164,-0.04812069702148847,0.6939106048583987,-0.3215994873046881,,,,
1991,1991-08-14,1355,V12,-31.86049,114.873219,N,226,47.70000076293945,20.190000534057617,35.43550491333008,20.170000076293945,35.44063949584961,19.6245,35.3735,19.595980005645753,35.42245999984741,roms,,,,,fv,-0.565500534057616,-0.06200491333007818,-0.5740200706481922,-0.01817949600219748,,,,
1991,1991-08-15,0750,MN27,-32.249281,115.602496,W,227,28.0,16.850000381469727,35.15999984741211,16.799999237060547,35.15999984741211,18.398,35.400999999999996,18.232,35.400999999999996,roms,17.25678253173828,34.99277114868164,16.75341033935547,35.28278350830078,fv,1.5479996185302731,0.24100015258788687,1.4320007629394524,0.24100015258788687,0.4067821502685547,-0.16722869873046875,-0.046588897705078125,0.12278366088867188
1991,1991-08-15,0814,MN26,-32.333443,115.616662,SW,227,28.0,17.299999237060547,35.25,17.350000381469727,35.279998779296875,18.012999999999998,35.3995,17.872,35.400999999999996,roms,17.230144500732422,34.952606201171875,17.19594955444336,34.97266387939453,fv,0.7130007629394512,0.1495000000000033,0.5219996185302733,0.12100122070312125,-0.069854736328125,-0.297393798828125,-0.1540508270263672,-0.30733489990234375
1991,1991-08-15,0815,Y41,-32.135113,115.618329,NW,227,20.100000381469727,16.719999313354492,34.63506317138672,17.1299991607666,35.149322509765625,18.17,35.394499999999994,18.172,35.394999999999996,roms,17.10826301574707,35.3589973449707,15.793002700542274,35.314654541085474,fv,1.4500006866455095,0.7594368286132749,1.042000839233399,0.24567749023437102,0.3882637023925781,0.7239341735839844,-1.3369964602243272,0.1653320313198492
1991,1991-08-15,0830,Y40,-32.12928,115.591661,NW,227,19.100000381469727,17.18000030517578,35.057395935058594,17.552499771118164,35.259552001953125,18.444499999999998,35.3965,18.478,35.399,roms,16.957998275756836,35.38249588012695,16.894073486328125,35.378780364990234,fv,1.2644996948242166,0.33910406494140943,0.9255002288818375,0.1394479980468759,-0.2220020294189453,0.3250999450683594,-0.6584262847900391,0.11922836303710938
1991,1991-08-15,0837,Y39,-32.124274,115.568323,NW,227,33.79999923706055,17.489999771118164,35.152244567871094,18.0,35.42031478881836,18.651,35.3985,18.692,35.4,roms,16.7252140045166,35.39163589477539,16.169103622436523,35.351646423339844,fv,1.1610002288818357,0.24625543212890477,0.6920000000000002,-0.020314788818360796,-0.7647857666015625,0.23939132690429688,-1.8308963775634766,-0.06866836547851562
1991,1991-08-15,0850,Y38,-32.117607,115.537488,NW,227,35.599998474121094,18.19499969482422,35.40873718261719,17.983999252319336,35.40999984741211,18.7935,35.400499999999994,18.835,35.400999999999996,roms,16.403078079223633,35.39706802368164,16.245262145996094,35.37405014038086,fv,0.5985003051757829,-0.008237182617193639,0.8510007476806649,-0.008999847412113127,-1.791921615600586,-0.011669158935546875,-1.7387371063232422,-0.03594970703125
1991,1991-08-15,0900,MN22,-32.410114,115.653327,S,227,18.0,16.770000457763672,35.060001373291016,17.350000381469727,35.349998474121094,17.7325,35.402,17.783,35.405,roms,16.923254013061523,34.98055648803711,16.890967947993357,34.97744489742666,fv,0.9624995422363298,0.3419986267089854,0.4329996185302747,0.05500152587890739,0.15325355529785156,-0.07944488525390625,-0.45903243347637,-0.3725535766944361
1991,1991-08-15,0900,Y37,-32.111777,115.506327,NW,227,37.400001525878906,18.270000457763672,35.41218566894531,17.940000534057617,35.401466369628906,18.852,35.4,18.89631991882324,35.402,roms,16.37108039855957,35.33770751953125,16.346445083618164,35.328670501708984,fv,0.5819995422363284,-0.012185668945313921,0.9563193847656244,0.0005336303710947732,-1.8989200592041016,-0.0744781494140625,-1.5935554504394531,-0.07279586791992188
1991,1991-08-15,0910,MN21,-32.433449,115.65833,S,227,10.0,16.649999618530273,34.900001525878906,17.25,35.220001220703125,17.72,35.403999999999996,17.79,35.407,roms,16.874116897583008,34.98545837402344,16.851826667785645,34.98265838623047,fv,1.0700003814697254,0.5039984741210901,0.5399999999999991,0.18699877929687148,0.22411727905273438,0.08545684814453125,-0.39817333221435547,-0.23734283447265625
1991,1991-08-15,0910,Y36,-32.105107,115.474992,NW,227,43.900001525878906,18.600000381469727,35.39055633544922,18.010000228881836,35.39046859741211,18.9005,35.399,19.142520010375975,35.400780000305176,roms,16.462839126586914,35.32298278808594,16.43853759765625,35.31804275512695,fv,0.3004996185302744,0.00844366455078216,1.132519781494139,0.010311402893066202,-2.1371612548828125,-0.06757354736328125,-1.571462631225586,-0.07242584228515625
1991,1991-08-15,0915,MN20,-32.433447,115.668328,S,227,13.0,16.549999237060547,34.75,17.116666793823242,35.13666915893555,17.4095,35.400499999999994,17.458,35.406,roms,16.878267288208008,34.98374938964844,16.85175132751465,34.98111343383789,fv,0.8595007629394544,0.6504999999999939,0.3413332061767562,0.26933084106445193,0.32826805114746094,0.2337493896484375,-0.26491546630859375,-0.15555572509765625
1991,1991-08-15,0920,MN19,-32.421779,115.684165,S,227,13.0,16.649999618530273,34.86000061035156,16.75,34.96000289916992,17.3965,35.3985,17.423000000000002,35.402,roms,16.839187622070312,34.985958099365234,16.80990189996754,34.98356606635625,fv,0.7465003814697262,0.538499389648436,0.6730000000000018,0.44199710083007915,0.18918800354003906,0.12595748901367188,0.059901899967538697,0.02356316718633167
1991,1991-08-15,0925,Y35,-32.098446,115.444987,NW,227,45.20000076293945,18.540000915527344,35.44248962402344,18.530000686645508,35.452999114990234,18.979999999999997,35.397,19.204719983673094,35.39995999984741,roms,16.57301902770996,35.38777160644531,16.543258666992188,35.387428283691406,fv,0.4399990844726531,-0.045489624023439035,0.6747192970275862,-0.053039115142823334,-1.9669818878173828,-0.054718017578125,-1.9867420196533203,-0.06557083129882812
1991,1991-08-15,0930,MN18,-32.410947,115.699996,S,227,11.0,16.25,34.7400016784668,16.25,34.74666976928711,16.927,35.391000000000005,16.9,35.396,roms,16.757116317749023,34.98147201538086,16.73204789968986,34.97969767480238,fv,0.6769999999999996,0.6509983215332085,0.6499999999999986,0.6493302307128914,0.5071163177490234,0.2414703369140625,0.48204789968986006,0.23302790551527153
1991,1991-08-15,0935,Y34,-32.085108,115.474159,NW,227,44.0,18.40999984741211,35.418663024902344,17.989999771118164,35.3167610168457,18.922,35.397499999999994,19.0674,35.3992,roms,16.493032455444336,35.36934280395508,16.450361251831055,35.35689926147461,fv,0.5120001525878912,-0.021163024902350003,1.0774002288818352,0.08243898315429732,-1.9169673919677734,-0.049320220947265625,-1.5396385192871094,0.04013824462890625
1991,1991-08-15,0940,MN17,-32.418444,115.714989,S,227,12.0,16.049999237060547,34.720001220703125,16.049999237060547,34.79999923706055,16.927,35.391000000000005,16.9,35.396,roms,16.70643424987793,34.95773696899414,16.692523956298828,34.956783294677734,fv,0.8770007629394527,0.6709987792968803,0.8500007629394517,0.5960007629394539,0.6564350128173828,0.23773574829101562,0.6425247192382812,0.1567840576171875
1991,1991-08-15,0945,Y33,-32.07178,115.501659,NW,227,41.29999923706055,18.3700008392334,35.436283111572266,18.095001220703125,35.36103820800781,18.875500000000002,35.399499999999996,19.011,35.400999999999996,roms,16.81024169921875,35.44684982299805,16.725736618041992,35.43064880371094,fv,0.505499160766604,-0.036783111572269434,0.9159987792968742,0.03996179199218375,-1.5597591400146484,0.01056671142578125,-1.3692646026611328,0.069610595703125
1991,1991-08-15,0950,MN16,-32.42428,115.728328,S,227,13.0,15.850001335144043,34.650001525878906,16.049999237060547,34.79999923706055,16.6115,35.387,16.604,35.393,roms,16.495119094848633,34.94724655151367,16.475878447498964,34.943509621897206,fv,0.7614986648559565,0.7369984741210942,0.5540007629394523,0.5930007629394538,0.6451177597045898,0.2972450256347656,0.42587921043841703,0.14351038483665945
1991,1991-08-15,0958,MN15,-32.433449,115.744994,S,227,14.0,15.75,34.676666259765625,15.600001335144043,34.65999984741211,16.4545,35.349500000000006,16.448,35.356,roms,16.251304626464844,35.0008659362793,16.216434478759766,34.997535705566406,fv,0.7044999999999995,0.6728337402343811,0.8479986648559574,0.6960001525878923,0.5013046264648438,0.3241996765136719,0.6164331436157227,0.3375358581542969
1991,1991-08-15,1005,MN14,-32.442611,115.724997,S,227,12.0,16.149999618530273,34.79999923706055,16.5,34.97666931152344,16.993499999999997,35.3955,16.961,35.4,roms,16.56026268005371,34.94424057006836,16.496793602432273,34.951377120030834,fv,0.843500381469724,0.5955007629394515,0.4609999999999985,0.4233306884765611,0.4102630615234375,0.1442413330078125,-0.003206397567726782,-0.025292191492603422
1991,1991-08-15,1005,Y32,-32.059279,115.527994,NW,227,32.70000076293945,18.34000015258789,35.47896194458008,18.309999465942383,35.494998931884766,18.7885,35.3995,18.878,35.4,roms,16.79585838317871,35.459022521972656,16.684783935546875,35.449737548828125,fv,0.44849984741210847,-0.07946194458007483,0.5680005340576173,-0.09499893188476705,-1.5441417694091797,-0.019939422607421875,-1.6252155303955078,-0.045261383056640625
1991,1991-08-15,1010,MN13,-32.45011,115.705827,S,227,13.0,16.5,34.96333312988281,16.549999237060547,35.02000045776367,16.993499999999997,35.3955,16.961,35.4,roms,16.84918212890625,34.97238540649414,16.820689768205852,34.97140934090461,fv,0.4934999999999974,0.4321668701171859,0.41100076293945165,0.3799995422363267,0.34918212890625,0.009052276611328125,0.2706905311453056,-0.0485911168590647
1991,1991-08-15,1015,Y31,-32.04844,115.554158,NW,227,23.100000381469727,17.829999923706055,35.339603424072266,18.079999923706055,35.43299865722656,18.604,35.397999999999996,18.635,35.4,roms,17.198747634887695,35.42420196533203,16.566801070393314,35.44164276132748,fv,0.7740000762939445,0.05839657592773051,0.5550000762939469,-0.03299865722656392,-0.6312522888183594,0.08459854125976562,-1.5131988533127405,0.00864410410091665
1991,1991-08-15,1025,MN12,-32.458445,115.686664,S,227,14.0,16.649999618530273,34.79999923706055,17.0,35.2400016784668,17.4095,35.400499999999994,17.458,35.406,roms,16.934982299804688,34.97578811645508,16.904537200927734,34.9715690612793,fv,0.7595003814697279,0.600500762939447,0.4579999999999984,0.16599832153320193,0.28498268127441406,0.17578887939453125,-0.09546279907226562,-0.2684326171875
1991,1991-08-15,1025,Y30,-32.035113,115.58333,NW,227,15.399999618530273,17.494998931884766,35.16529846191406,17.505001068115234,35.20906066894531,18.418,35.397,18.436,35.397999999999996,roms,17.497060775756836,35.41075134277344,16.66090496637844,35.40492057863594,fv,0.9230010681152336,0.23170153808593597,0.9309989318847656,0.18893933105468363,0.0020618438720703125,0.245452880859375,-0.8440961017367954,0.1958599096906255
1991,1991-08-15,1035,MN11,-32.466777,115.665827,S,227,13.0,16.760000228881836,34.723331451416016,17.100000381469727,35.2400016784668,17.72,35.403999999999996,17.753,35.407,roms,16.997650146484375,34.93709182739258,16.96999486373494,34.93379905413543,fv,0.9599997711181629,0.6806685485839807,0.6529996185302736,0.1669983215331996,0.23764991760253906,0.2137603759765625,-0.1300055177347872,-0.3062026243313696
1991,1991-08-15,1040,MN10,-32.475115,115.682496,S,227,15.0,16.75,34.83000183105469,17.0,35.2599983215332,17.233,35.397499999999994,17.194,35.403,roms,16.915616989135742,34.95936965942383,16.866514205932617,34.953792572021484,fv,0.48300000000000054,0.5674981689453062,0.19399999999999906,0.14300167846679557,0.1656169891357422,0.12936782836914062,-0.1334857940673828,-0.30620574951171875
1991,1991-08-15,1050,MN9,-32.483443,115.699997,S,227,14.0,16.600000381469727,34.9900016784668,16.75,35.18000030517578,16.8315,35.393,16.811,35.4,roms,16.89524269104004,34.97507095336914,16.85744285583496,34.97224807739258,fv,0.2314996185302718,0.4029983215332038,0.06099999999999994,0.21999969482421733,0.2952423095703125,-0.01493072509765625,0.10744285583496094,-0.20775222778320312
1991,1991-08-15,1100,MN8,-32.491777,115.716662,S,227,11.0,16.399999618530273,34.90999984741211,16.583332061767578,35.119998931884766,16.8315,35.393,16.811,35.4,roms,16.804250717163086,34.96382522583008,16.764160467038483,34.96370456586718,fv,0.4315003814697249,0.4830001525878913,0.22766793823242182,0.28000106811523295,0.4042510986328125,0.05382537841796875,0.18082840527090482,-0.15629436601758329
1991,1991-08-15,1140,MN3,-32.512613,115.700823,S,227,12.0,16.5,34.44333267211914,16.46666717529297,35.10333251953125,16.8315,35.393,16.811,35.4,roms,16.681163787841797,34.95638656616211,16.609651565551758,34.952728271484375,fv,0.33149999999999835,0.9496673278808601,0.3443328247070312,0.2966674804687486,0.18116378784179688,0.5130538940429688,0.14298439025878906,-0.150604248046875
1991,1991-08-15,1145,MN2,-32.500114,115.694989,S,227,11.0,16.649999618530273,34.970001220703125,16.809999465942383,35.24666213989258,17.233,35.397499999999994,17.194,35.403,roms,16.874671936035156,34.96998977661133,16.828164100646973,34.966156005859375,fv,0.5830003814697271,0.42749877929686875,0.38400053405761625,0.15633786010742057,0.2246723175048828,-1.1444091796875e-05,0.018164634704589844,-0.2805061340332031
1991,1991-08-15,1220,Y20,-31.944281,115.639156,N,227,26.0,18.079999923706055,35.26022720336914,17.030000686645508,35.32752227783203,17.978,35.3975,17.931,35.4,roms,17.78956413269043,35.36880111694336,17.237592697143555,35.388389587402344,fv,-0.10199992370605315,0.13727279663086023,0.9009993133544931,0.07247772216796733,-0.290435791015625,0.10857391357421875,0.20759201049804688,0.0608673095703125
1991,1991-08-15,1230,Y19,-31.920444,115.620322,N,227,29.799999237060547,19.296667098999023,35.49897384643555,17.170000076293945,35.316680908203125,18.2795,35.3965,18.222,35.399,roms,17.883562088012695,35.35378646850586,17.1737003326416,35.37678146362305,fv,-1.0171670989990247,-0.10247384643554369,1.051999923706056,0.08231909179687591,-1.4131050109863281,-0.1451873779296875,0.00370025634765625,0.060100555419921875
1991,1991-08-15,1240,Y18,-31.899276,115.603328,N,227,31.899999618530273,19.420000076293945,35.493865966796875,19.157499313354492,35.5099983215332,18.46,35.3965,18.376,35.397999999999996,roms,17.9293270111084,35.35078811645508,16.896759033203125,35.35881423950195,fv,-0.9600000762939445,-0.09736596679687182,-0.781499313354491,-0.11199832153320699,-1.4906730651855469,-0.14307785034179688,-2.260740280151367,-0.15118408203125
1991,1991-08-15,1250,Y17,-31.87594,115.584662,N,227,34.0,19.59000015258789,35.49855041503906,19.387998580932617,35.5,18.4715,35.394999999999996,18.426,35.397999999999996,roms,17.922067642211914,35.33891296386719,16.842992782592773,35.37132263183594,fv,-1.1185001525878917,-0.10355041503906648,-0.9619985809326188,-0.10200000000000387,-1.6679325103759766,-0.159637451171875,-2.5450057983398438,-0.1286773681640625
1991,1991-08-15,1300,Y16,-31.876274,115.614162,N,227,30.5,19.030000686645508,35.47611999511719,17.157499313354492,35.273868560791016,18.309,35.394999999999996,18.291,35.399,roms,17.91777992248535,35.33578872680664,17.055051803588867,35.33957290649414,fv,-0.7210006866455068,-0.08111999511719148,1.1335006866455082,0.12513143920898528,-1.1122207641601562,-0.14033126831054688,-0.102447509765625,0.065704345703125
1991,1991-08-15,1305,Y15,-31.876778,115.646662,N,227,28.100000381469727,18.764999389648438,35.417667388916016,16.989999771118164,35.3284797668457,18.104,35.394999999999996,18.124,35.396,roms,17.825536727905273,35.335872650146484,17.41621971130371,35.33352279663086,fv,-0.6609993896484383,-0.022667388916019604,1.1340002288818347,0.06752023315429767,-0.9394626617431641,-0.08179473876953125,0.4262199401855469,0.00504302978515625
1991,1991-08-15,1315,Y14,-31.877273,115.679162,N,227,24.799999237060547,17.184999465942383,35.06181335449219,16.719999313354492,35.35607147216797,17.858,35.394,17.826,35.394,roms,17.81443214416504,35.33967971801758,17.639007568359375,35.32749557495117,fv,0.6730005340576177,0.33218664550781085,1.1060006866455083,0.0379285278320296,0.6294326782226562,0.2778663635253906,0.9190082550048828,-0.028575897216796875
1991,1991-08-15,1325,Y13,-31.876776,115.698325,N,227,14.100000381469727,17.224998474121094,35.435829162597656,16.972000122070312,35.428565979003906,17.6015,35.3925,17.576999999999998,35.396,roms,17.596965789794922,35.35029220581055,17.596854782354058,35.349209594780405,fv,0.37650152587890773,-0.043329162597657955,0.6049998779296857,-0.032565979003905454,0.3719673156738281,-0.08553695678710938,0.624854660283745,-0.07935638422350166
1991,1991-08-15,1335,Y12,-31.87678,115.719162,N,227,9.899999618530273,16.469999313354492,35.258827209472656,16.450000762939453,35.29973602294922,17.6015,35.3925,17.576999999999998,35.396,roms,17.657392501831055,35.359458923339844,17.653671264873992,35.35753860477416,fv,1.1315006866455093,0.13367279052734204,1.126999237060545,0.09626397705078205,1.1873931884765625,0.1006317138671875,1.203670501934539,0.057802581824944355
1991,1991-08-15,1340,Y11,-31.877275,115.731662,N,227,12.399999618530273,16.560001373291016,35.28533935546875,16.413331985473633,35.290771484375,17.366,35.393,17.354,35.397,roms,17.0911865234375,35.30564880371094,17.112152780648252,35.308797290187215,fv,0.805998626708984,0.10766064453125068,0.9406680145263664,0.10622851562499847,0.5311851501464844,0.0203094482421875,0.698820795174619,0.018025805812214912
1991,1991-08-15,1345,Y10,-31.877941,115.743324,N,227,9.600000381469727,16.014999389648438,35.137542724609375,15.949999809265137,35.1656494140625,17.366,35.393,17.354,35.397,roms,16.61235237121582,35.31419372558594,16.619808197021484,35.313175201416016,fv,1.3510006103515622,0.2554572753906257,1.4040001907348625,0.23135058593749847,0.5973529815673828,0.1766510009765625,0.6698083877563477,0.14752578735351562
1991,1991-08-15,1355,Y9,-31.893443,115.729156,N,227,15.300000190734863,16.670000076293945,35.32905197143555,16.536666870117188,35.33300018310547,17.2965,35.3925,17.295,35.397,roms,17.575368881225586,35.37367248535156,17.565661239214023,35.372095489507046,fv,0.6264999237060564,0.06344802856445142,0.7583331298828142,0.06399981689452972,0.9053688049316406,0.044620513916015625,1.0289943690968357,0.039095306401577545
1991,1991-08-15,1405,Y8,-31.920447,115.727822,N,227,15.600000381469727,16.020000457763672,35.07060623168945,15.872499465942383,35.09000015258789,17.2965,35.3925,17.295,35.397,roms,17.580703735351562,35.38625717163086,17.575971603393555,35.38334655761719,fv,1.2764995422363299,0.32189376831054517,1.422500534057619,0.30699984741210784,1.5607032775878906,0.31565093994140625,1.7034721374511719,0.2933464050292969
1991,1991-08-15,1415,Y7,-31.939614,115.747489,N,227,9.100000381469727,15.789999961853027,34.97018051147461,15.789999008178711,35.040000915527344,17.2225,35.391,17.22,35.397,roms,17.124910354614258,35.40190505981445,17.129766518761315,35.40095969345267,fv,1.4325000381469728,0.42081948852538886,1.430000991821288,0.3569990844726547,1.3349103927612305,0.43172454833984375,1.339767510582604,0.36095877792532605
1991,1991-08-15,1420,Y6,-31.947273,115.726659,N,227,12.5,15.986666679382324,35.046390533447266,15.9399995803833,35.065673828125,17.2225,35.391,17.22,35.397,roms,17.589998245239258,35.377952575683594,17.582592776482905,35.37349002165805,fv,1.235833320617676,0.3446094665527326,1.280000419616698,0.33132617187499847,1.6033315658569336,0.3315620422363281,1.6425931960996039,0.3078161935330499
1991,1991-08-16,0727,MA5,-32.155111,115.61333,W,228,14.0,16.950000762939453,35.02333450317383,16.950000762939453,35.04999923706055,18.1555,35.403,18.211,35.400999999999996,roms,17.161935806274414,35.39695358276367,17.128145217895508,35.39196586608887,fv,1.2054992370605468,0.37966549682617057,1.2609992370605454,0.3510007629394494,0.21193504333496094,0.37361907958984375,0.1781444549560547,0.3419666290283203
1991,1991-08-16,0730,MA6,-32.16511,115.594991,W,228,22.0,17.25,35.130001068115234,17.25,35.13999938964844,18.4495,35.403999999999996,18.498,35.4,roms,17.305830001831055,35.41016387939453,17.27331201273453,35.40840320285934,fv,1.1995000000000005,0.273998931884762,1.248000000000001,0.2600006103515611,0.05583000183105469,0.2801628112792969,0.023312012734528764,0.26840381321090234
1991,1991-08-16,0745,MA7,-32.17928,115.568322,W,228,34.0,18.049999237060547,35.40999984741211,17.75,35.40999984741211,18.646,35.4055,18.592,35.400999999999996,roms,16.987760543823242,35.40837478637695,16.248123168945312,35.300437927246094,fv,0.5960007629394539,-0.004499847412105851,0.8419999999999987,-0.008999847412113127,-1.0622386932373047,-0.00162506103515625,-1.5018768310546875,-0.10956192016601562
1991,1991-08-16,0755,MA8,-32.196776,115.534154,W,228,38.0,18.33333396911621,35.413333892822266,17.75,35.41999816894531,18.692500000000003,35.406,18.571,35.4008,roms,16.727754592895508,35.19438552856445,16.384984970092773,35.28107833862305,fv,0.3591660308837916,-0.007333892822266819,0.8210000000000015,-0.019198168945315786,-1.6055793762207031,-0.2189483642578125,-1.3650150299072266,-0.13891983032226562
1991,1991-08-16,0800,MA9,-32.21428,115.499995,W,228,40.0,18.299999237060547,35.349998474121094,17.75,35.41999816894531,18.7425,35.406499999999994,18.846,35.400999999999996,roms,16.913022994995117,35.1258659362793,16.919292449951172,35.159400939941406,fv,0.44250076293945284,0.05650152587890034,1.096,-0.01899816894531625,-1.3869762420654297,-0.22413253784179688,-0.8307075500488281,-0.26059722900390625
1991,1991-08-16,0830,MA10,-32.232613,115.464992,W,228,41.0,18.649999618530273,35.369998931884766,17.81999969482422,35.40999984741211,18.7105,35.406499999999994,18.852,35.406,roms,17.1705322265625,35.064029693603516,17.184736251831055,35.07598876953125,fv,0.06050038146972625,0.03650106811522846,1.0320003051757816,-0.003999847412110569,-1.4794673919677734,-0.30596923828125,-0.6352634429931641,-0.3340110778808594
1991,1991-08-16,0850,MA11,-32.249281,115.433325,W,228,45.0,18.399999618530273,35.400001525878906,17.649999618530273,35.36000061035156,18.771,35.4055,18.962,35.407,roms,16.961626052856445,35.10588455200195,16.936113357543945,35.10523223876953,fv,0.37100038146972736,0.005498474121097274,1.3120003814697263,0.046999389648433976,-1.4383735656738281,-0.2941169738769531,-0.7138862609863281,-0.25476837158203125
1991,1991-08-16,0850,Y6,-31.947273,115.726659,N,228,11.300000190734863,15.737499237060547,34.96277618408203,15.75,34.91476058959961,17.1235,35.3905,17.122,35.391999999999996,roms,17.513383865356445,35.393680572509766,17.496980285552127,35.392220306399395,fv,1.386000762939453,0.4277238159179717,1.3719999999999999,0.47723941040038653,1.7758846282958984,0.4309043884277344,1.7469802855521266,0.4774597167997854
1991,1991-08-16,0900,MA12,-32.249275,115.466665,W,228,41.0,18.450000762939453,35.400001525878906,17.600000381469727,34.349998474121094,18.7105,35.406499999999994,18.852,35.406,roms,17.1705322265625,35.064029693603516,17.184736251831055,35.07598876953125,fv,0.26049923706054656,0.006498474121087838,1.2519996185302738,1.056001525878905,-1.2794685363769531,-0.3359718322753906,-0.4152641296386719,0.7259902954101562
1991,1991-08-16,0915,MA13,-32.249278,115.499993,W,228,40.0,18.350000381469727,35.400001525878906,17.399999618530273,35.29999923706055,18.651,35.407,18.725,35.405,roms,17.341461181640625,35.02213668823242,17.32880973815918,35.019771575927734,fv,0.30099961853027324,0.006998474121090226,1.325000381469728,0.10500076293945426,-1.0085391998291016,-0.3778648376464844,-0.07118988037109375,-0.2802276611328125
1991,1991-08-16,0915,Y8,-31.920447,115.727822,N,228,14.800000190734863,16.04142951965332,35.107643127441406,16.027143478393555,35.1102409362793,17.192,35.3895,17.188,35.391,roms,17.407249450683594,35.37093734741211,17.393861770629883,35.372676849365234,fv,1.1505704803466799,0.28185687255859193,1.1608565216064441,0.28075906372070136,1.3658199310302734,0.2632942199707031,1.3667182922363281,0.2624359130859375
1991,1991-08-16,0930,MA14,-32.249282,115.533322,W,228,36.0,18.21666717529297,35.349998474121094,17.25,35.220001220703125,18.594,35.406499999999994,18.5726,35.4018,roms,17.36201286315918,35.012908935546875,17.35413932800293,35.02712631225586,fv,0.37733282470703244,0.05650152587890034,1.3226000000000013,0.1817987792968765,-0.8546543121337891,-0.33708953857421875,0.10413932800292969,-0.19287490844726562
1991,1991-08-16,0930,Y9,-31.893443,115.729156,N,228,18.0,16.589998245239258,35.2789421081543,16.54142951965332,35.3056526184082,17.192,35.3895,17.188,35.391,roms,17.134872436523438,35.143917083740234,17.041250228881836,35.232635498046875,fv,0.6020017547607424,0.1105578918457013,0.6465704803466785,0.08534738159179511,0.5448741912841797,-0.1350250244140625,0.4998207092285156,-0.07301712036132812
1991,1991-08-16,0940,MA15,-32.249277,115.568328,W,228,34.0,17.600000381469727,35.34000015258789,17.600000381469727,35.349998474121094,18.525,35.406499999999994,18.4816,35.4002,roms,17.275787353515625,35.00924301147461,16.359390258789062,35.285301208496094,fv,0.924999618530272,0.06649984741210346,0.8815996185302737,0.05020152587890436,-0.32421302795410156,-0.33075714111328125,-1.240610122680664,-0.064697265625
1991,1991-08-16,0945,MA16,-32.249281,115.602496,W,228,27.0,17.200000762939453,35.150001525878906,17.25,35.20000076293945,18.384,35.403,18.172,35.399,roms,16.72389030456543,35.16816711425781,16.722454071044922,35.15665817260742,fv,1.1839992370605472,0.25299847412109244,0.9220000000000006,0.19899923706054778,-0.47611045837402344,0.01816558837890625,-0.5275459289550781,-0.04334259033203125
1991,1991-08-16,0945,Y10,-31.877941,115.743324,N,228,14.399999618530273,15.933332443237305,35.094886779785156,15.955714225769043,35.11844253540039,17.255499999999998,35.39,17.243,35.391,roms,16.600831985473633,35.27858352661133,16.591678619384766,35.27823257446289,fv,1.3221675567626932,0.2951132202148443,1.2872857742309556,0.2725574645996076,0.6674995422363281,0.18369674682617188,0.6359643936157227,0.1597900390625
1991,1991-08-16,0950,Y11,-31.877275,115.731662,N,228,8.800000190734863,16.174999237060547,35.22905731201172,16.163000106811523,35.22638702392578,17.255499999999998,35.39,17.243,35.391,roms,17.104721069335938,35.10096740722656,17.006292719579506,35.114810563460196,fv,1.080500762939451,0.16094268798828182,1.0799998931884751,0.164612976074217,0.9297218322753906,-0.12808990478515625,0.8432926127679821,-0.11157646046558511
1991,1991-08-16,1000,Y12,-31.87678,115.719162,N,228,14.899999618530273,16.442222595214844,35.29317092895508,16.440000534057617,35.28914260864258,17.4795,35.39,17.455,35.389,roms,17.43582534790039,35.11040496826172,17.28153419494629,35.13078689575195,fv,1.0372774047851578,0.09682907104492244,1.014999465942381,0.09985739135742477,0.9936027526855469,-0.18276596069335938,0.8415336608886719,-0.158355712890625
1991,1991-08-16,1015,Y13,-31.876776,115.698325,N,228,14.600000381469727,16.717998504638672,35.30616760253906,16.649999618530273,35.31119918823242,17.4795,35.39,17.455,35.389,roms,17.534807205200195,35.156558990478516,17.46435222445507,35.16871109161002,fv,0.7615014953613297,0.08383239746093807,0.8050003814697249,0.07780081176758102,0.8168087005615234,-0.14960861206054688,0.8143526059247961,-0.14248809662240092
1991,1991-08-16,1025,Y14,-31.877273,115.679162,N,228,22.700000762939453,18.453332901000977,35.38124084472656,17.15999984741211,35.397830963134766,17.7435,35.3905,17.715,35.388,roms,17.5229434967041,35.25687789916992,17.487565547318034,35.25941641379575,fv,-0.7098329010009756,0.009259155273440456,0.5550001525878905,-0.0098309631347675,-0.930389404296875,-0.12436294555664062,0.3275656999059251,-0.13841454933901787
1991,1991-08-16,1040,Y15,-31.876778,115.646662,N,228,28.299999237060547,18.940000534057617,35.43587112426758,16.85333251953125,35.29999923706055,17.997500000000002,35.39149999999999,18.016,35.39,roms,17.72432518005371,35.305538177490234,17.607728958129883,35.3106689453125,fv,-0.9425005340576149,-0.044371124267584605,1.1626674804687482,0.0900007629394537,-1.2156753540039062,-0.13033294677734375,0.7543964385986328,0.010669708251953125
1991,1991-08-16,1055,Y16,-31.876274,115.614162,N,228,30.899999618530273,19.25,35.48877716064453,17.270002365112305,35.318729400634766,18.211,35.394,18.173000000000002,35.394999999999996,roms,18.073415756225586,35.28280258178711,17.711530685424805,35.318756103515625,fv,-1.0390000000000015,-0.0947771606445329,0.9029976348876971,0.0762705993652304,-1.176584243774414,-0.20597457885742188,0.4415283203125,2.6702880859375e-05
1991,1991-08-16,1110,Y17,-31.87594,115.584662,N,228,33.099998474121094,19.510000228881836,35.48378372192383,18.65999984741211,35.39516067504883,18.3875,35.397,18.307,35.397999999999996,roms,18.406347274780273,35.26141357421875,16.856586456298828,35.36940002441406,fv,-1.1225002288818366,-0.08678372192382966,-0.35299984741211077,0.0028393249511680096,-1.1036529541015625,-0.22237014770507812,-1.8034133911132812,-0.025760650634765625
1991,1991-08-16,1120,MA23,-32.333443,115.617491,SW,228,27.0,16.816665649414062,35.040000915527344,16.600000381469727,35.040000915527344,17.934,35.4015,17.79,35.4,roms,17.16523551940918,34.98246765136719,17.145694732666016,34.97761535644531,fv,1.1173343505859386,0.3614990844726549,1.1899996185302726,0.35999908447265483,0.3485698699951172,-0.05753326416015625,0.5456943511962891,-0.06238555908203125
1991,1991-08-16,1125,Y18,-31.899276,115.603328,N,228,31.600000381469727,19.36333465576172,35.508750915527344,17.185001373291016,35.310001373291016,18.361,35.4,18.236,35.4,roms,18.08201026916504,35.29269790649414,16.901073455810547,35.34954833984375,fv,-1.002334655761718,-0.10875091552734517,1.050998626708985,0.08999862670898295,-1.2813243865966797,-0.21605300903320312,-0.28392791748046875,0.039546966552734375
1991,1991-08-16,1140,Y19,-31.920444,115.620322,N,228,30.100000381469727,19.336668014526367,35.498165130615234,16.68400001525879,35.25274658203125,18.1615,35.397,18.087,35.397999999999996,roms,17.840578079223633,35.33641052246094,17.47993278503418,35.33972930908203,fv,-1.175168014526367,-0.10116513061523591,1.4029999847412107,0.14525341796874613,-1.4960899353027344,-0.16175460815429688,0.7959327697753906,0.08698272705078125
1991,1991-08-16,1155,Y20,-31.944281,115.639156,N,228,25.0,19.196664810180664,35.50094223022461,16.850000381469727,35.19696044921875,17.8975,35.3985,17.843,35.397,roms,17.7780818939209,35.350460052490234,17.664728633711448,35.350327024054664,fv,-1.2991648101806632,-0.10244223022461085,0.9929996185302734,0.20003955078124847,-1.4185829162597656,-0.150482177734375,0.8147282522417214,0.1533665748359141
1991,1991-08-16,1405,Y30,-32.035113,115.58333,NW,228,13.0,19.09000015258789,35.50868225097656,19.100000381469727,35.49595260620117,18.4015,35.4085,18.417,35.407,roms,17.680389404296875,35.40018081665039,17.66713523864746,35.399131774902344,fv,-0.688500152587892,-0.10018225097656597,-0.683000381469725,-0.0889526062011754,-1.4096107482910156,-0.10850143432617188,-1.4328651428222656,-0.09682083129882812
1991,1991-08-16,1420,Y31,-32.04844,115.554158,NW,228,24.0,18.770000457763672,35.517860412597656,18.763334274291992,35.51218795776367,18.598,35.407,18.644,35.403999999999996,roms,17.472043991088867,35.422298431396484,16.699926376342773,35.412052154541016,fv,-0.1720004577636729,-0.11086041259765977,-0.11933427429199384,-0.10818795776367551,-1.2979564666748047,-0.09556198120117188,-2.0634078979492188,-0.10013580322265625
1991,1991-08-16,1435,Y32,-32.059279,115.527994,NW,228,30.100000381469727,18.25,35.42070388793945,17.93000030517578,35.34553146362305,18.798000000000002,35.406,18.867,35.400999999999996,roms,16.88982582092285,35.44732666015625,16.48094157724322,35.40763695887811,fv,0.5480000000000018,-0.014703887939454319,0.9369996948242196,0.05546853637694937,-1.3601741790771484,0.026622772216796875,-1.4490587279325595,0.062105495255060816
1991,1991-08-16,1450,Y33,-32.07178,115.501659,NW,228,40.29999923706055,18.81999969482422,35.42103576660156,18.31999969482422,35.4585075378418,18.9075,35.403999999999996,18.989,35.402,roms,16.98406982421875,35.45396041870117,16.570430973043717,35.427106826014416,fv,0.08750030517578011,-0.017035766601566138,0.669000305175782,-0.05650753784179585,-1.8359298706054688,0.032924652099609375,-1.749568721780502,-0.03140071182738069
1991,1991-08-16,1510,Y34,-32.085108,115.474159,NW,228,42.5,18.969999313354492,35.466156005859375,18.454999923706055,35.45823669433594,18.9455,35.403999999999996,19.051499999999997,35.4,roms,16.983707427978516,35.4332389831543,16.529129028320312,35.402626037597656,fv,-0.02449931335449307,-0.06215600585937864,0.5965000762939425,-0.05823669433593892,-1.9862918853759766,-0.032917022705078125,-1.9258708953857422,-0.05561065673828125
1991,1991-08-16,1525,Y35,-32.098446,115.444987,NW,228,42.79999923706055,19.6200008392334,35.522705078125,18.77166748046875,35.4643440246582,18.987,35.403499999999994,19.25760001373291,35.4,roms,16.90886688232422,35.396663665771484,16.51860809326172,35.37238311767578,fv,-0.6330008392334001,-0.11920507812500603,0.48593253326416175,-0.06434402465820455,-2.7111339569091797,-0.12604141235351562,-2.2530593872070312,-0.09196090698242188
1991,1991-08-16,1545,Y36,-32.105107,115.474992,NW,228,42.29999923706055,19.1200008392334,35.46610641479492,18.420000076293945,35.45881271362305,18.914,35.405,19.122899990081788,35.400459999847406,roms,16.743253707885742,35.39926528930664,16.550172805786133,35.37214279174805,fv,-0.20600083923339696,-0.06110641479492074,0.7028999137878422,-0.05835271377564055,-2.3767471313476562,-0.06684112548828125,-1.8698272705078125,-0.086669921875
1991,1991-08-16,1600,Y37,-32.111777,115.506327,NW,228,35.79999923706055,19.3700008392334,35.503143310546875,18.239999771118164,35.46381759643555,18.875,35.405,18.974040042877196,35.40236000061035,roms,16.794214248657227,35.43741989135742,16.394611358642578,35.39064025878906,fv,-0.49500083923339844,-0.09814331054687386,0.7340402717590315,-0.061457595825196165,-2.575786590576172,-0.06572341918945312,-1.845388412475586,-0.07317733764648438
1991,1991-08-16,1650,Y40,-32.12928,115.591661,NW,228,19.399999618530273,16.854999542236328,34.9736442565918,16.86600112915039,35.061279296875,18.438000000000002,35.405499999999996,18.471,35.402,roms,17.556325912475586,35.40701675415039,17.543956756591797,35.405582427978516,fv,1.5830004577636743,0.43185574340819954,1.6049988708496095,0.340720703125001,0.7013263702392578,0.43337249755859375,0.6779556274414062,0.3443031311035156
1991,1991-08-16,1700,Y41,-32.135113,115.618329,NW,228,13.300000190734863,16.737499237060547,34.76019287109375,16.743999481201172,34.73628616333008,18.1545,35.405,18.145,35.403,roms,17.231170654296875,35.406375885009766,17.222110366708876,35.40486907958257,fv,1.4170007629394519,0.6448071289062511,1.4010005187988277,0.6667138366699206,0.4936714172363281,0.6461830139160156,0.47811088550770364,0.6685829162524897
1991,1991-08-17,0730,MN27,-32.249281,115.602496,W,229,27.0,18.299999237060547,35.070003509521484,18.024999618530273,34.349998474121094,18.3345,35.403499999999994,18.081,35.403,roms,17.23847198486328,35.11829376220703,17.418703079223633,35.39650344848633,fv,0.03450076293945159,0.3334964904785096,0.05600038146972608,1.053001525878905,-1.0615272521972656,0.048290252685546875,-0.6062965393066406,1.0465049743652344
1991,1991-08-17,0750,MN26,-32.333443,115.616662,SW,229,27.0,17.600000381469727,35.279998779296875,17.600000381469727,35.279998779296875,17.924,35.399499999999996,17.781,35.403999999999996,roms,17.16558837890625,35.025630950927734,16.847509384155273,35.20095443725586,fv,0.3239996185302729,0.11950122070312119,0.18099961853027224,0.12400122070312136,-0.43441200256347656,-0.2543678283691406,-0.7524909973144531,-0.07904434204101562
1991,1991-08-17,0835,MN22,-32.410114,115.653327,S,229,18.0,16.450000762939453,34.84000015258789,16.450000762939453,34.86000061035156,17.583,35.3965,17.628,35.403999999999996,roms,17.062767028808594,34.97279357910156,17.04740918456219,34.97101252204807,fv,1.1329992370605453,0.5564998474121126,1.177999237060547,0.5439993896484339,0.6127662658691406,0.13279342651367188,0.5974084216227382,0.11101191169650804
1991,1991-08-17,0845,MN21,-32.433449,115.65833,S,229,11.0,16.649999618530273,35.0,16.649999618530273,35.0,17.584,35.3995,17.631,35.4045,roms,17.03133201599121,34.969451904296875,17.022256906086554,34.968984203057,fv,0.9340003814697262,0.3995000000000033,0.9810003814697268,0.40449999999999875,0.3813323974609375,-0.030548095703125,0.3722572875562804,-0.031015796943002272
1991,1991-08-17,0855,MN20,-32.433447,115.668328,S,229,16.0,16.649999618530273,35.026668548583984,16.649999618530273,35.029998779296875,17.2675,35.3955,17.303,35.400999999999996,roms,17.034452438354492,34.97508239746094,17.02499771118164,34.97481918334961,fv,0.6175003814697249,0.36883145141601403,0.6530003814697274,0.37100122070312125,0.38445281982421875,-0.051586151123046875,0.3749980926513672,-0.055179595947265625
1991,1991-08-17,0900,MN19,-32.421779,115.684165,S,229,14.0,16.850000381469727,35.08000183105469,16.899999618530273,35.11000061035156,17.194499999999998,35.3905,17.215,35.394999999999996,roms,16.978208541870117,34.99214553833008,16.73851203918457,35.009281158447266,fv,0.34449961853027133,0.31049816894531546,0.3150003814697264,0.2849993896484335,0.12820816040039062,-0.08785629272460938,-0.16148757934570312,-0.10071945190429688
1991,1991-08-17,0908,MN18,-32.410947,115.699996,S,229,11.0,16.649999618530273,35.02000045776367,16.649999618530273,35.02333450317383,16.7505,35.385999999999996,16.759,35.389,roms,16.975854873657227,34.99924087524414,16.68794923338446,35.03890267876466,fv,0.1005003814697254,0.3659995422363238,0.1090003814697269,0.3656654968261748,0.3258552551269531,-0.02075958251953125,0.03794961485418824,0.015568175590829014
1991,1991-08-17,0917,MN17,-32.418444,115.714989,S,229,12.0,16.049999237060547,34.7166633605957,16.5,34.970001220703125,16.7505,35.385999999999996,16.759,35.389,roms,16.894067764282227,35.01154708862305,16.61435890197754,35.03582000732422,fv,0.700500762939452,0.6693366394042926,0.25900000000000034,0.4189987792968779,0.8440685272216797,0.29488372802734375,0.11435890197753906,0.06581878662109375
1991,1991-08-17,0920,MN16,-32.42428,115.728328,S,229,13.0,15.949999809265137,34.689998626708984,15.924999237060547,34.689998626708984,16.5715,35.388,16.592,35.391999999999996,roms,16.806421279907227,35.023502349853516,16.5357659026495,35.02914558460165,fv,0.6215001907348636,0.6980013732910137,0.6670007629394519,0.7020013732910115,0.8564214706420898,0.33350372314453125,0.6107666655889545,0.339146957892666
1991,1991-08-17,0930,MN15,-32.433449,115.744994,S,229,13.0,16.100000381469727,34.720001220703125,16.100000381469727,34.720001220703125,16.4085,35.349000000000004,16.427,35.353,roms,16.465290069580078,35.02364730834961,16.450011437904553,35.0197567256347,fv,0.3084996185302735,0.6289987792968788,0.32699961853027304,0.6329987792968765,0.36528968811035156,0.3036460876464844,0.3500110564348269,0.299755504931575
1991,1991-08-17,0937,MN14,-32.442611,115.724997,S,229,13.0,16.25,34.75,16.25,34.79999923706055,16.8795,35.391,16.883,35.394999999999996,roms,16.59206771850586,35.020503997802734,16.524477005004883,35.015830993652344,fv,0.6295000000000002,0.6409999999999982,0.6329999999999991,0.5950007629394491,0.3420677185058594,0.2705039978027344,0.2744770050048828,0.21583175659179688
1991,1991-08-17,0940,MN13,-32.45011,115.705827,S,229,15.0,16.25,34.81999969482422,16.649999618530273,35.0,16.8795,35.391,16.883,35.394999999999996,roms,16.721921920776367,34.99891662597656,16.710716247558594,34.99657440185547,fv,0.6295000000000002,0.5710003051757795,0.23300038146972568,0.394999999999996,0.4719219207763672,0.17891693115234375,0.06071662902832031,-0.00342559814453125
1991,1991-08-17,0950,MN12,-32.458445,115.686664,S,229,14.0,16.899999618530273,35.04999923706055,16.899999618530273,35.09000015258789,17.2675,35.3955,17.303,35.400999999999996,roms,16.910972595214844,35.00617980957031,16.862619400024414,35.00627136230469,fv,0.36750038146972486,0.34550076293945153,0.4030003814697274,0.3109998474121056,0.010972976684570312,-0.043819427490234375,-0.037380218505859375,-0.08372879028320312
1991,1991-08-17,1000,MN11,-32.466777,115.665827,S,229,13.0,17.0,35.119998931884766,17.0,35.15999984741211,17.584,35.3995,17.599,35.403999999999996,roms,17.058717727661133,34.972476959228516,17.048537429404718,34.97514945471313,fv,0.5839999999999996,0.27950106811523767,0.5990000000000002,0.244000152587887,0.05871772766113281,-0.14752197265625,0.048537429404717614,-0.1848503926989764
1991,1991-08-17,1005,MN10,-32.475115,115.682496,S,229,15.0,16.75,34.97999954223633,16.799999237060547,35.02000045776367,17.168,35.399,17.137,35.407,roms,16.88383674621582,35.00655746459961,16.850358963012695,35.00658416748047,fv,0.41799999999999926,0.4190004577636728,0.3370007629394536,0.3869995422363246,0.1338367462158203,0.02655792236328125,0.05035972595214844,-0.013416290283203125
1991,1991-08-17,1010,MN9,-32.483443,115.699997,S,229,13.0,16.649999618530273,34.970001220703125,16.649999618530273,35.01499938964844,16.814500000000002,35.394999999999996,16.844,35.400999999999996,roms,16.824710845947266,34.9978141784668,16.814205169677734,34.99528121948242,fv,0.164500381469729,0.424998779296871,0.19400038146972776,0.38600061035155875,0.1747112274169922,0.027812957763671875,0.16420555114746094,-0.019718170166015625
1991,1991-08-17,1020,MN8,-32.491777,115.716662,S,229,12.0,16.350000381469727,34.81999969482422,16.25,34.81999969482422,16.814500000000002,35.394999999999996,16.844,35.400999999999996,roms,16.671661376953125,34.98087692260742,16.62833595275879,34.978248596191406,fv,0.4644996185302759,0.5750003051757773,0.5940000000000012,0.5810003051757775,0.32166099548339844,0.16087722778320312,0.37833595275878906,0.1582489013671875
1991,1991-08-17,1040,MN4,-32.512609,115.708328,S,229,8.0,16.08333396911621,34.55666732788086,16.049999237060547,34.77000045776367,16.814500000000002,35.394999999999996,16.844,35.400999999999996,roms,16.45164680480957,34.9954948425293,16.44908905029297,34.995182037353516,fv,0.7311660308837915,0.8383326721191366,0.7940007629394543,0.6309995422363244,0.3683128356933594,0.4388275146484375,0.3990898132324219,0.22518157958984375
1991,1991-08-17,1045,MN3,-32.512613,115.700823,S,229,11.0,16.25,34.84000015258789,16.200000762939453,34.84000015258789,16.814500000000002,35.394999999999996,16.844,35.400999999999996,roms,16.57256507873535,34.97922897338867,16.544532728770015,34.97982423953368,fv,0.5645000000000024,0.5549998474121054,0.6439992370605481,0.5609998474121056,0.32256507873535156,0.13922882080078125,0.3445319658305621,0.13982408694578652
1991,1991-08-17,1050,MN2,-32.500114,115.694989,S,229,12.0,16.700000762939453,35.02000045776367,16.649999618530273,35.029998779296875,17.168,35.399,17.137,35.407,roms,16.75226402282715,34.985172271728516,16.716924961154,34.98114653236884,fv,0.46799923706054614,0.37899954223632903,0.487000381469727,0.3770012207031215,0.05226325988769531,-0.03482818603515625,0.06692534262372618,-0.04885224692803547
1991,1991-08-17,1100,MN1,-32.486776,115.689158,S,229,13.0,16.75,34.970001220703125,16.75,35.0,17.168,35.399,17.137,35.407,roms,16.834129333496094,35.00508499145508,16.825868606567383,35.003055572509766,fv,0.41799999999999926,0.4289987792968759,0.38700000000000045,0.4069999999999965,0.08412933349609375,0.035083770751953125,0.07586860656738281,0.003055572509765625
1991,1991-08-18,0730,MN27,-32.249281,115.602496,W,230,27.0,18.399999618530273,35.38999938964844,18.399999618530273,35.38999938964844,18.284,35.406,18.189,35.405,roms,17.2368221282959,35.17621994018555,17.43058204650879,35.331512451171875,fv,-0.11599961853027452,0.016000610351561306,-0.21099961853027338,0.015000610351563637,-1.163177490234375,-0.21377944946289062,-0.9694175720214844,-0.0584869384765625
1991,1991-08-18,0750,MN26,-32.333443,115.616662,SW,230,27.0,18.0,35.34000015258789,18.0,35.36000061035156,17.905,35.403999999999996,17.823,35.406,roms,16.84038734436035,35.066890716552734,16.772775650024414,35.168582916259766,fv,-0.09499999999999886,0.06399984741210574,-0.1769999999999996,0.045999389648436306,-1.1596126556396484,-0.27310943603515625,-1.227224349975586,-0.19141769409179688
1991,1991-08-18,0830,MN22,-32.410114,115.653327,S,230,18.0,16.450000762939453,34.7599983215332,16.600000381469727,34.84000015258789,17.6065,35.4025,17.666,35.403999999999996,roms,16.841712951660156,34.96047592163086,16.843043862869393,34.958188905363066,fv,1.1564992370605474,0.6425016784668003,1.0659996185302738,0.5639998474121057,0.3917121887207031,0.20047760009765625,0.24304348139966692,0.11818875277517549
1991,1991-08-18,0835,MN21,-32.433449,115.65833,S,230,11.0,16.383333206176758,34.8033332824707,16.399999618530273,34.810001373291016,17.5875,35.403499999999994,17.641,35.4055,roms,16.862775802612305,34.9640998840332,16.869787374354836,34.96158467112233,fv,1.2041667938232408,0.6001667175292908,1.2410003814697248,0.5954986267089879,0.4794425964355469,0.1607666015625,0.4697877558245622,0.15158329783131563
1991,1991-08-18,0840,MN20,-32.433447,115.668328,S,230,16.0,16.450000762939453,34.81666946411133,16.450000762939453,34.83000183105469,17.268,35.4,17.31,35.403999999999996,roms,16.856521606445312,34.97517776489258,16.86370086669922,34.9719352722168,fv,0.8179992370605476,0.5833305358886705,0.8599992370605456,0.5739981689453089,0.4065208435058594,0.15850830078125,0.4137001037597656,0.14193344116210938
1991,1991-08-18,0855,MN19,-32.421779,115.684165,S,230,14.0,16.450000762939453,34.80666732788086,16.625,34.904998779296875,17.244,35.3995,17.266,35.402,roms,16.753219604492188,34.98507308959961,16.754547119140625,34.983245849609375,fv,0.7939992370605466,0.5928326721191439,0.6409999999999982,0.497001220703126,0.3032188415527344,0.17840576171875,0.129547119140625,0.0782470703125
1991,1991-08-18,0900,MN18,-32.410947,115.699996,S,230,11.0,16.51666831970215,34.7933349609375,16.649999618530273,34.84000015258789,16.7685,35.393,16.761,35.394999999999996,roms,16.724525451660156,34.9944953918457,16.737073458944753,34.992419724037,fv,0.2518316802978511,0.5996650390625007,0.1110003814697258,0.5549998474121054,0.2078571319580078,0.20116043090820312,0.08707384041447952,0.15241957144910856
1991,1991-08-18,0905,Y6,-31.947273,115.726659,N,230,13.199999809265137,17.508333206176758,35.246036529541016,17.54571533203125,35.24753189086914,17.061,35.388999999999996,17.061,35.391999999999996,roms,17.386842727661133,35.05597686767578,17.39381217956543,35.0556640625,fv,-0.44733320617675787,0.14296347045898017,-0.48471533203125006,0.14446810913085528,-0.121490478515625,-0.19005966186523438,-0.1519031524658203,-0.19186782836914062
1991,1991-08-18,0910,MN17,-32.418444,115.714989,S,230,12.0,16.5,34.86000061035156,16.649999618530273,34.970001220703125,16.7685,35.393,16.761,35.394999999999996,roms,16.7042179107666,35.0108642578125,16.713111877441406,35.009788513183594,fv,0.2684999999999995,0.5329993896484382,0.1110003814697258,0.424998779296871,0.20421791076660156,0.1508636474609375,0.06311225891113281,0.03978729248046875
1991,1991-08-18,0915,MN16,-32.42428,115.728328,S,230,13.0,15.800000190734863,34.54999923706055,16.299999237060547,34.79999923706055,16.5475,35.3925,16.563,35.396,roms,16.56651496887207,35.01873779296875,16.569648700343926,35.01707371767137,fv,0.7474998092651362,0.8425007629394514,0.26300076293945196,0.5960007629394539,0.766514778137207,0.4687385559082031,0.269649463283379,0.21707448061082601
1991,1991-08-18,0920,Y7,-31.939614,115.747489,N,230,8.699999809265137,16.953332901000977,35.08024978637695,17.010000228881836,35.16554260253906,17.061,35.388999999999996,17.061,35.391999999999996,roms,17.18834686279297,35.0247917175293,17.18175290563051,35.02062702795653,fv,0.10766709899902338,0.30875021362304267,0.050999771118164006,0.2264573974609334,0.2350139617919922,-0.05545806884765625,0.17175267674867456,-0.14491557458253368
1991,1991-08-18,0923,MN15,-32.433449,115.744994,S,230,13.0,15.75,34.5099983215332,15.850000381469727,34.59000015258789,16.386499999999998,35.354,16.4,35.357,roms,16.347673416137695,34.98938751220703,16.35315002304451,34.987358908372755,fv,0.6364999999999981,0.8440016784667961,0.549999618530272,0.7669998474121087,0.5976734161376953,0.4793891906738281,0.5031496415747831,0.39735875578486457
1991,1991-08-18,0926,OA45,-32.077944,115.616997,NW,230,15.941681861877441,18.713590621948242,35.38542938232422,18.719316482543945,35.388397216796875,17.935499999999998,35.405499999999996,17.95,35.406,roms,17.58171844482422,35.378177642822266,17.593196711979544,35.37623224206254,fv,-0.7780906219482446,0.02007061767577767,-0.769316482543946,0.017602783203123806,-1.1318721771240234,-0.007251739501953125,-1.1261197705644008,-0.012164974734332645
1991,1991-08-18,0930,MN14,-32.442611,115.724997,S,230,13.0,15.90000057220459,34.59666442871094,15.100000381469727,34.689998626708984,16.862499999999997,35.3955,16.857,35.399,roms,16.474075317382812,35.004730224609375,16.483034133911133,35.0037727355957,fv,0.9624994277954073,0.7988355712890609,1.7569996185302728,0.7090013732910165,0.5740747451782227,0.4080657958984375,1.3830337524414062,0.31377410888671875
1991,1991-08-18,0938,MN13,-32.45011,115.705827,S,230,15.0,16.100000381469727,34.456668853759766,16.5,34.90999984741211,16.862499999999997,35.3955,16.857,35.399,roms,16.573097229003906,34.98845291137695,16.562143325805664,34.98554611206055,fv,0.7624996185302706,0.9388311462402328,0.3569999999999993,0.48900015258789153,0.4730968475341797,0.5317840576171875,0.06214332580566406,0.0755462646484375
1991,1991-08-18,0938,OA50,-32.099116,115.616996,NW,230,14.163069725036621,18.504703521728516,35.343658447265625,18.490524291992188,35.354637145996094,17.935499999999998,35.405499999999996,17.95,35.406,roms,17.599807739257812,35.37273025512695,17.612580964905646,35.371456228567695,fv,-0.5692035217285181,0.06184155273437142,-0.5405242919921882,0.051362854003905056,-0.9048957824707031,0.029071807861328125,-0.8779433270865411,0.01681908257160103
1991,1991-08-18,0945,MN12,-32.458445,115.686664,S,230,14.0,16.525001525878906,34.81999969482422,16.799999237060547,35.040000915527344,17.268,35.4,17.31,35.403999999999996,roms,16.701210021972656,34.99665451049805,16.69510841369629,34.99454879760742,fv,0.7429984741210944,0.5800003051757798,0.5100007629394518,0.3639990844726526,0.17620849609375,0.17665481567382812,-0.10489082336425781,-0.045452117919921875
1991,1991-08-18,0950,Y9,-31.893443,115.729156,N,230,18.899999618530273,17.229999542236328,35.20513916015625,16.717498779296875,35.18394088745117,17.121,35.386,17.121,35.389,roms,17.575002670288086,35.01307678222656,17.554929733276367,35.008277893066406,fv,-0.10899954223632946,0.18086083984375279,0.40350122070312366,0.20505911254883102,0.3450031280517578,-0.1920623779296875,0.8374309539794922,-0.17566299438476562
1991,1991-08-18,0955,MN11,-32.466777,115.665827,S,230,13.0,17.0,35.05500030517578,17.0,35.06999969482422,17.5875,35.403499999999994,17.625,35.405,roms,16.871431350708008,34.9769287109375,16.873605063458257,34.97641704048643,fv,0.5874999999999986,0.3484996948242127,0.625,0.3350003051757824,-0.1285686492919922,-0.07807159423828125,-0.12639493654174316,-0.09358265433778712
1991,1991-08-18,1000,MN10,-32.475115,115.682496,S,230,15.0,16.69999885559082,34.86333084106445,17.0,35.119998931884766,17.115000000000002,35.400499999999994,17.084,35.403,roms,16.694730758666992,34.99711990356445,16.68968963623047,34.995216369628906,fv,0.4150011444091817,0.5371691589355407,0.08399999999999963,0.28300106811523307,-0.005268096923828125,0.1337890625,-0.31031036376953125,-0.12478256225585938
1991,1991-08-18,1000,Y10,-31.877941,115.743324,N,230,15.100000381469727,16.031667709350586,35.04243469238281,16.18000030517578,35.16841125488281,17.1705,35.382999999999996,17.161,35.387,roms,17.157405853271484,34.94071578979492,17.167707443237305,34.93933868408203,fv,1.1388322906494146,0.34056530761718307,0.9809996948242201,0.21858874511718795,1.1257381439208984,-0.10171890258789062,0.9877071380615234,-0.22907257080078125
1991,1991-08-18,1010,MN9,-32.483443,115.699997,S,230,13.0,16.299999237060547,34.459999084472656,16.850000381469727,35.029998779296875,16.755499999999998,35.3965,16.775,35.4,roms,16.55529022216797,34.97936248779297,16.557676315307617,34.97845458984375,fv,0.45550076293945096,0.9365009155273469,-0.07500038146972798,0.3700012207031236,0.2552909851074219,0.5193634033203125,-0.2923240661621094,-0.051544189453125
1991,1991-08-18,1010,Y11,-31.877275,115.731662,N,230,12.699999809265137,17.002859115600586,35.21444320678711,16.5766658782959,35.21333694458008,17.1705,35.382999999999996,17.161,35.387,roms,17.503019332885742,34.969276428222656,17.49696746806006,34.96453527950438,fv,0.1676408843994146,0.1685567932128862,0.5843341217041029,0.17366305541992233,0.5001602172851562,-0.24516677856445312,0.9203015897641613,-0.24880166507569612
1991,1991-08-18,1015,MN8,-32.491777,115.716662,S,230,12.0,16.350000381469727,34.836666107177734,16.549999237060547,34.90999984741211,16.755499999999998,35.3965,16.775,35.4,roms,16.45519256591797,34.970645904541016,16.448780059814453,34.969913482666016,fv,0.4054996185302713,0.5598338928222688,0.2250007629394517,0.4900001525878892,0.10519218444824219,0.13397979736328125,-0.10121917724609375,0.05991363525390625
1991,1991-08-18,1020,Y12,-31.87678,115.719162,N,230,10.0,17.358749389648438,35.23182678222656,17.045000076293945,35.21266555786133,17.444499999999998,35.385,17.426000000000002,35.387,roms,17.778642654418945,35.044857025146484,17.783785820007324,35.04132080078125,fv,0.0857506103515604,0.1531732177734355,0.3809999237060566,0.17433444213867233,0.4198932647705078,-0.18696975708007812,0.7387857437133789,-0.17134475708007812
1991,1991-08-18,1030,Y13,-31.876776,115.698325,N,230,13.300000190734863,18.260000228881836,35.3853645324707,17.753999710083008,35.32252883911133,17.444499999999998,35.385,17.426000000000002,35.387,roms,17.901962280273438,35.22383499145508,17.908494186383905,35.219647979694855,fv,-0.815500228881838,-0.0003645324707051145,-0.3279997100830059,0.06447116088867233,-0.35803794860839844,-0.161529541015625,0.15449447630089708,-0.10288085941647296
1991,1991-08-18,1040,MN4,-32.512609,115.708328,S,230,8.0,16.25666618347168,34.25666809082031,16.325000762939453,34.51499938964844,16.755499999999998,35.3965,16.775,35.4,roms,16.37250328063965,34.90796661376953,16.376422882080078,34.906253814697266,fv,0.49883381652831815,1.1398319091796907,0.44999923706054545,0.8850006103515611,0.11583709716796875,0.6512985229492188,0.051422119140625,0.3912544250488281
1991,1991-08-18,1040,Y14,-31.877273,115.679162,N,230,22.899999618530273,18.438335418701172,35.39424514770508,17.811248779296875,35.311744689941406,17.712,35.388000000000005,17.693,35.39,roms,17.9428768157959,35.25546646118164,17.950130533496452,35.252593519687956,fv,-0.7263354187011721,-0.006245147705072895,-0.11824877929687361,0.07825531005859432,-0.49545860290527344,-0.1387786865234375,0.13888175419957705,-0.0591511702534504
1991,1991-08-18,1045,MN3,-32.512613,115.700823,S,230,11.0,16.25,34.470001220703125,16.600000381469727,34.900001525878906,16.755499999999998,35.3965,16.775,35.4,roms,16.450944900512695,34.92234420776367,16.45007193384596,34.92027292171475,fv,0.5054999999999978,0.9264987792968782,0.17499961853027202,0.49999847412109233,0.2009449005126953,0.4523429870605469,-0.14992844762376834,0.020271395835841588
1991,1991-08-18,1055,MN2,-32.500114,115.694989,S,230,12.0,16.25,34.4900016784668,16.600000381469727,34.91999816894531,17.115000000000002,35.400499999999994,17.084,35.403,roms,16.547361373901367,34.94029235839844,16.543262413836324,34.93952444849247,fv,0.865000000000002,0.910498321533197,0.48399961853027307,0.4830018310546862,0.2973613739013672,0.4502906799316406,-0.056737967633402775,0.0195262795471578
1991,1991-08-18,1055,Y15,-31.876778,115.646662,N,230,28.0,18.559999465942383,35.42498779296875,17.030000686645508,35.33540725708008,17.956,35.391999999999996,18.002,35.393,roms,17.952178955078125,35.26498794555664,17.962804794311523,35.26194763183594,fv,-0.6039994659423833,-0.03298779296875409,0.9719993133544911,0.05759274291992256,-0.6078205108642578,-0.15999984741210938,0.9328041076660156,-0.07345962524414062
1991,1991-08-18,1100,MN1,-32.486776,115.689158,S,230,13.0,16.350000381469727,34.4900016784668,16.850000381469727,35.029998779296875,17.115000000000002,35.400499999999994,17.084,35.403,roms,16.617509841918945,34.97892761230469,16.61623191833496,34.978675842285156,fv,0.7649996185302754,0.910498321533197,0.23399961853027307,0.3730012207031237,0.26750946044921875,0.4889259338378906,-0.23376846313476562,-0.05132293701171875
1991,1991-08-18,1115,Y16,-31.876274,115.614162,N,230,31.700000762939453,18.790000915527344,35.46363067626953,17.100000381469727,34.91631317138672,18.149,35.394999999999996,18.127,35.391999999999996,roms,17.999755859375,35.26839828491211,18.01042938232422,35.265106201171875,fv,-0.6410009155273428,-0.06863067626953523,1.0269996185302723,0.47568682861327716,-0.7902450561523438,-0.19523239135742188,0.9104290008544922,0.34879302978515625
1991,1991-08-18,1135,Y17,-31.87594,115.584662,N,230,34.0,19.04571533203125,35.4795036315918,17.420000076293945,35.33727264404297,18.3095,35.397499999999994,18.235,35.394,roms,18.018335342407227,35.27800750732422,18.028047561645508,35.275634765625,fv,-0.7362153320312501,-0.08200363159180313,0.8149999237060541,0.0567273559570296,-1.0273799896240234,-0.20149612426757812,0.6080474853515625,-0.06163787841796875
1991,1991-08-18,1200,Y19,-31.920444,115.620322,N,230,31.200000762939453,18.9325008392334,35.46341323852539,17.045000076293945,35.36024475097656,18.099,35.3965,18.012,35.393,roms,17.57630729675293,35.29111099243164,17.580402374267578,35.28818130493164,fv,-0.8335008392333982,-0.06691323852538744,0.9669999237060551,0.03275524902343818,-1.3561935424804688,-0.17230224609375,0.5354022979736328,-0.07206344604492188
1991,1991-08-18,1220,Y20,-31.944281,115.639156,N,230,27.200000762939453,18.75750160217285,35.45791244506836,16.735998153686523,35.20857238769531,17.7945,35.396,17.786,35.396,roms,17.482980728149414,35.2814826965332,17.462249755859375,35.26873016357422,fv,-0.9630016021728522,-0.06191244506835858,1.050001846313478,0.1874276123046883,-1.2745208740234375,-0.17642974853515625,0.7262516021728516,0.06015777587890625
1991,1991-08-20,0707,MA6,-32.16511,115.594991,W,232,22.0,18.100000381469727,35.41999816894531,18.100000381469727,35.41999816894531,18.415,35.4045,18.448,35.405,roms,16.60030174255371,35.09538269042969,16.579227264813294,35.10084469293216,fv,0.3149996185302726,-0.01549816894531375,0.34799961853027384,-0.014998168945311363,-1.4996986389160156,-0.324615478515625,-1.5207731166564322,-0.319153476013156
1991,1991-08-20,0722,MA7,-32.17928,115.568322,W,232,34.0,18.299999237060547,35.40999984741211,18.299999237060547,35.40999984741211,18.6025,35.405,18.541,35.406,roms,16.734195709228516,35.06330490112305,16.68609619140625,35.07618713378906,fv,0.3025007629394523,-0.004999847412108238,0.2410007629394535,-0.003999847412110569,-1.5658035278320312,-0.3466949462890625,-1.6139030456542969,-0.3338127136230469
1991,1991-08-20,0753,MA13,-32.249278,115.499993,W,232,40.0,17.649999618530273,35.2599983215332,17.649999618530273,35.29999923706055,18.607,35.4035,18.716,35.408,roms,17.036243438720703,35.098079681396484,16.660106658935547,35.28201675415039,fv,0.9570003814697259,0.14350167846679796,1.0660003814697276,0.10800076293945438,-0.6137561798095703,-0.16191864013671875,-0.9898929595947266,-0.01798248291015625
1991,1991-08-20,0805,MA14,-32.249282,115.533322,W,232,36.0,17.600000381469727,35.290000915527344,17.600000381469727,35.29999923706055,18.5595,35.405,18.5542,35.4088,roms,17.045534133911133,35.055091857910156,16.694860458374023,35.30465316772461,fv,0.9594996185302733,0.11499908447265739,0.954199618530275,0.10880076293945251,-0.5544662475585938,-0.2349090576171875,-0.9051399230957031,0.0046539306640625
1991,1991-08-20,0827,MA15,-32.249277,115.568328,W,232,34.0,17.850000381469727,35.36000061035156,17.850000381469727,35.40999984741211,18.493499999999997,35.406499999999994,18.418799999999997,35.408,roms,16.970781326293945,34.99076461791992,16.795604705810547,35.35536193847656,fv,0.6434996185302708,0.04649938964843159,0.5687996185302708,-0.0019998474121081244,-0.8792190551757812,-0.3692359924316406,-1.0543956756591797,-0.054637908935546875
1991,1991-08-20,0839,MA16,-32.249281,115.602496,W,232,27.0,17.649999618530273,35.34000015258789,17.5,35.40999984741211,18.3495,35.4075,18.16,35.407,roms,16.636245727539062,35.002254486083984,16.4150447845459,35.02513122558594,fv,0.6995003814697256,0.06749984741210824,0.6600000000000001,-0.0029998474121128993,-1.013753890991211,-0.33774566650390625,-1.0849552154541016,-0.3848686218261719
1991,1991-08-20,0850,Y6,-31.947273,115.726659,N,232,13.0,16.84000015258789,34.675716400146484,16.739999771118164,34.74789810180664,17.21,35.393,17.197,35.394,roms,16.6628360748291,35.3636589050293,16.642610549926758,35.360252380371094,fv,0.3699998474121102,0.7172835998535163,0.4570002288818351,0.6461018981933577,-0.17716407775878906,0.6879425048828125,-0.09738922119140625,0.6123542785644531
1991,1991-08-20,0910,Y8,-31.920447,115.727822,N,232,15.300000190734863,17.04599952697754,34.842567443847656,16.68166732788086,35.146484375,17.277,35.39149999999999,17.264,35.393,roms,16.695999145507812,35.3454475402832,16.684724807739258,35.342288970947266,fv,0.23100047302246196,0.5489325561523373,0.58233267211914,0.24651562500000068,-0.35000038146972656,0.5028800964355469,0.0030574798583984375,0.19580459594726562
1991,1991-08-20,0920,MN26,-32.333443,115.616662,SW,232,27.0,16.399999618530273,34.90999984741211,16.399999618530273,34.90999984741211,17.994,35.408500000000004,17.852,35.409,roms,16.982742309570312,34.979610443115234,16.95037078857422,34.974464416503906,fv,1.5940003814697263,0.49850015258789426,1.4520003814697269,0.49900015258788954,0.5827426910400391,0.069610595703125,0.5503711700439453,0.06446456909179688
1991,1991-08-20,0920,Y9,-31.893443,115.729156,N,232,16.100000381469727,16.357500076293945,34.915287017822266,16.799999237060547,35.33209991455078,17.277,35.39149999999999,17.264,35.393,roms,16.609159469604492,35.29159164428711,16.571244980299163,35.28381180269668,fv,0.9194999237060557,0.4762129821777279,0.46400076293945247,0.06090008544921943,0.2516593933105469,0.37630462646484375,-0.22875425676138406,-0.04828811185409876
1991,1991-08-20,0935,Y11,-31.877275,115.731662,N,232,10.300000190734863,17.397499084472656,35.40183639526367,17.40999984741211,35.39185333251953,17.334,35.39149999999999,17.314,35.391,roms,16.7408447265625,35.02560043334961,16.73717269883491,35.020211028982885,fv,-0.06349908447265662,-0.010336395263678355,-0.09599984741210932,-0.0008533325195330121,-0.6566543579101562,-0.3762359619140625,-0.6728271485771984,-0.37164230353664607
1991,1991-08-20,0945,Y12,-31.87678,115.719162,N,232,17.399999618530273,17.43000030517578,35.37764358520508,17.435001373291016,35.38043975830078,17.57,35.394499999999994,17.545,35.394999999999996,roms,16.748685836791992,35.11563491821289,16.733469009399414,35.10775375366211,fv,0.13999969482421903,0.01685641479491551,0.10999862670898608,0.014560241699214771,-0.6813144683837891,-0.2620086669921875,-0.7015323638916016,-0.2726860046386719
1991,1991-08-20,1000,Y13,-31.876776,115.698325,N,232,18.799999237060547,17.408000946044922,35.397010803222656,17.260000228881836,35.381187438964844,17.57,35.394499999999994,17.545,35.394999999999996,roms,16.90620994567871,35.178955078125,16.896650314331055,35.170753479003906,fv,0.1619990539550784,-0.0025108032226626165,0.28499977111816577,0.013812561035152271,-0.5017910003662109,-0.21805572509765625,-0.36334991455078125,-0.2104339599609375
1991,1991-08-20,1025,Y15,-31.876778,115.646662,N,232,30.200000762939453,17.364002227783203,35.29664993286133,16.8700008392334,35.22419357299805,18.064500000000002,35.397999999999996,18.074,35.399,roms,17.11263084411621,35.3752326965332,17.083932876586914,35.37255859375,fv,0.7004977722167993,0.10135006713866801,1.2039991607666032,0.17480642700195403,-0.2513713836669922,0.078582763671875,0.21393203735351562,0.14836502075195312
1991,1991-08-20,1035,Y16,-31.876274,115.614162,N,232,29.799999237060547,17.739999771118164,35.38943862915039,17.209999084472656,35.28166198730469,18.2495,35.400499999999994,18.204,35.397999999999996,roms,17.189573287963867,35.3848876953125,17.170007705688477,35.380767822265625,fv,0.5095002288818371,0.011061370849603236,0.9940009155273444,0.11633801269530863,-0.5504264831542969,-0.004550933837890625,-0.03999137878417969,0.0991058349609375
1991,1991-08-20,1040,MN39,-32.433445,115.599992,S,232,25.0,16.649999618530273,35.119998931884766,16.649999618530273,35.119998931884766,18.014499999999998,35.406499999999994,18.025,35.41,roms,17.360891342163086,34.95505142211914,17.325337170872483,34.95475614258482,fv,1.3645003814697247,0.28650106811522846,1.3750003814697251,0.29000106811523096,0.7108917236328125,-0.164947509765625,0.67533755234221,-0.16524278929994551
1991,1991-08-20,1050,Y18,-31.899276,115.603328,N,232,32.599998474121094,18.373334884643555,35.4548225402832,18.156667709350586,35.45610046386719,18.354999999999997,35.4025,18.215,35.397999999999996,roms,17.40190315246582,35.394779205322266,17.235944747924805,35.38882064819336,fv,-0.018334884643557814,-0.052322540283199714,0.05833229064941392,-0.058100463867191365,-0.9714317321777344,-0.0600433349609375,-0.9207229614257812,-0.06727981567382812
1991,1991-08-20,1051,MN40,-32.433442,115.633325,S,232,20.0,16.399999618530273,35.029998779296875,16.399999618530273,35.04999923706055,17.862499999999997,35.407,17.915,35.409,roms,17.192794799804688,34.95400619506836,17.158647537231445,34.95217514038086,fv,1.4625003814697237,0.3770012207031215,1.5150003814697257,0.35900076293945204,0.7927951812744141,-0.07599258422851562,0.7586479187011719,-0.0978240966796875
1991,1991-08-20,1100,MN21,-32.433449,115.65833,S,232,11.0,16.399999618530273,35.040000915527344,16.399999618530273,35.119998931884766,17.6605,35.406499999999994,17.674500000000002,35.409,roms,17.017908096313477,34.957862854003906,17.00086511731902,34.95654437849822,fv,1.2605003814697255,0.36649908447265034,1.2745003814697284,0.2890010681152333,0.6179084777832031,-0.0821380615234375,0.6008654987887461,-0.16345455338654347
1991,1991-08-20,1106,MN20,-32.433447,115.668328,S,232,16.0,16.200000762939453,34.84000015258789,16.200000762939453,34.92499923706055,17.390500000000003,35.406,17.403,35.408,roms,16.970590591430664,34.95768356323242,16.943532943725586,34.956878662109375,fv,1.1904992370605498,0.5659998474121082,1.2029992370605456,0.4830007629394544,0.7705898284912109,0.11768341064453125,0.7435321807861328,0.031879425048828125
1991,1991-08-20,1110,Y20,-31.944281,115.639156,N,232,29.100000381469727,18.27250099182129,35.469520568847656,18.166000366210938,35.481773376464844,17.9135,35.399,17.839,35.397,roms,17.14292335510254,35.3941764831543,17.146007537841797,35.39216613769531,fv,-0.35900099182128997,-0.07052056884765534,-0.32700036621093886,-0.08477337646484528,-1.12957763671875,-0.07534408569335938,-1.0199928283691406,-0.08960723876953125
1991,1991-08-20,1125,MN15,-32.433449,115.744994,S,232,13.0,16.079999923706055,32.66999816894531,16.049999237060547,34.60499954223633,16.61,35.362,16.609,35.363,roms,15.84099292755127,34.822723388671875,15.791099811739317,34.839567813080365,fv,0.5300000762939447,2.6920018310546894,0.5590007629394549,0.7580004577636714,-0.23900699615478516,2.1527252197265625,-0.2588994253212302,0.23456827084403642
1991,1991-08-20,1139,MN13,-32.45011,115.705827,S,232,15.0,16.06999969482422,34.75,16.200000762939453,34.83000183105469,17.036,35.403,17.005,35.403999999999996,roms,16.68705177307129,34.970794677734375,16.656301498413086,34.97053909301758,fv,0.9660003051757826,0.6529999999999987,0.8049992370605459,0.5739981689453089,0.6170520782470703,0.220794677734375,0.4563007354736328,0.14053726196289062
1991,1991-08-20,1154,MN10,-32.475115,115.682496,S,232,15.0,16.25,34.84000015258789,16.299999237060547,34.900001525878906,17.287,35.403999999999996,17.238,35.406,roms,17.24189567565918,34.95147705078125,17.168581008911133,34.94961166381836,fv,1.036999999999999,0.5639998474121057,0.9380007629394527,0.5059984741210926,0.9918956756591797,0.11147689819335938,0.8685817718505859,0.049610137939453125
1991,1991-08-20,1209,MN4,-32.512609,115.708328,S,232,8.0,15.899998664855957,31.51999855041504,16.200000762939453,34.709999084472656,16.9635,35.400499999999994,16.951999999999998,35.403,roms,16.3992977142334,34.70849609375,16.413433074951172,34.710018157958984,fv,1.0635013351440428,3.880501449584955,0.7519992370605451,0.6930009155273424,0.4992990493774414,3.188497543334961,0.21343231201171875,1.9073486328125e-05
1991,1991-08-20,1235,Y29,-32.026776,115.615828,NW,232,8.800000190734863,18.18833351135254,35.41444778442383,18.192501068115234,35.41264343261719,18.134,35.403999999999996,18.088,35.402,roms,16.85003662109375,35.373348236083984,16.846410456139655,35.37194069993597,fv,-0.05433351135253872,-0.010447784423831763,-0.10450106811523341,-0.010643432617186477,-1.338296890258789,-0.04109954833984375,-1.3460906119755798,-0.04070273268121838
1991,1991-08-20,1245,Y30,-32.035113,115.58333,NW,232,17.399999618530273,18.29400062561035,35.45088195800781,18.27666664123535,35.43742752075195,18.342,35.403999999999996,18.32,35.403,roms,16.784339904785156,35.32565689086914,16.766277313370665,35.32527427669993,fv,0.04799937438964719,-0.04688195800781614,0.04333335876464872,-0.03442752075195443,-1.5096607208251953,-0.12522506713867188,-1.5103893278646865,-0.11215324405202409
1991,1991-08-20,1300,Y31,-32.04844,115.554158,NW,232,28.0,18.398334503173828,35.451351165771484,18.389999389648438,35.456825256347656,18.535,35.403999999999996,18.512,35.402,roms,16.879045486450195,35.3252067565918,16.856534957885742,35.324867248535156,fv,0.13666549682617202,-0.04735116577148801,0.12200061035156295,-0.05482525634765523,-1.5192890167236328,-0.1261444091796875,-1.5334644317626953,-0.1319580078125
1991,1991-08-20,1310,Y32,-32.059279,115.527994,NW,232,32.29999923706055,18.510000228881836,35.47084426879883,18.489999771118164,35.474098205566406,18.7525,35.403999999999996,18.812,35.403,roms,16.83222770690918,35.257572174072266,16.7910099029541,35.26899719238281,fv,0.24249977111816534,-0.06684426879883176,0.3220002288818371,-0.07109820556640756,-1.6777725219726562,-0.2132720947265625,-1.6989898681640625,-0.20510101318359375
1991,1991-08-20,1325,Y33,-32.07178,115.501659,NW,232,44.79999923706055,18.56599998474121,35.480613708496094,18.40999984741211,35.43670654296875,18.8395,35.4035,18.935,35.403,roms,16.884004592895508,35.214134216308594,16.83863639831543,35.23584747314453,fv,0.2735000152587901,-0.07711370849609267,0.5250001525878893,-0.03370654296875131,-1.6819953918457031,-0.2664794921875,-1.5713634490966797,-0.20085906982421875
1991,1991-08-20,1340,Y34,-32.085108,115.474159,NW,232,45.599998474121094,18.770000457763672,35.51438903808594,18.729999542236328,35.49901580810547,18.863500000000002,35.4015,18.977,35.403999999999996,roms,16.85983657836914,35.202449798583984,16.845239639282227,35.22691345214844,fv,0.09349954223633006,-0.11288903808593886,0.2470004577636722,-0.09501580810547239,-1.9101638793945312,-0.3119392395019531,-1.8847599029541016,-0.27210235595703125
1991,1991-08-20,1350,Y35,-32.098446,115.444987,NW,232,45.79999923706055,18.790000915527344,35.5268440246582,18.760000228881836,35.50696563720703,18.8945,35.400499999999994,19.134680015563966,35.402319999694825,roms,16.88140106201172,35.2262077331543,16.851255416870117,35.22626876831055,fv,0.10449908447265699,-0.12634402465820926,0.37467978668212965,-0.10464563751220624,-1.908599853515625,-0.30063629150390625,-1.9087448120117188,-0.2806968688964844
1991,1991-08-20,1400,Y36,-32.105107,115.474992,NW,232,41.70000076293945,18.586000442504883,35.500789642333984,18.56999969482422,35.46925354003906,18.838,35.4025,19.082020000457764,35.40434000015259,roms,16.86477279663086,35.19028091430664,16.874629974365234,35.256282806396484,fv,0.25199955749511815,-0.09828964233398096,0.5120203056335448,-0.06491353988647575,-1.7212276458740234,-0.31050872802734375,-1.6953697204589844,-0.21297073364257812
1991,1991-08-20,1415,Y37,-32.111777,115.506327,NW,232,39.20000076293945,18.453332901000977,35.471805572509766,18.399999618530273,35.45865249633789,18.8175,35.403999999999996,18.742279960632324,35.40515999984741,roms,16.886144638061523,35.15237808227539,16.88180923461914,35.16899871826172,fv,0.36416709899902244,-0.06780557250976926,0.3422803421020504,-0.05349249649047749,-1.5671882629394531,-0.319427490234375,-1.5181903839111328,-0.2896537780761719
1991,1991-08-20,1425,Y38,-32.117607,115.537488,NW,232,36.79999923706055,18.461999893188477,35.48578643798828,18.375,35.459999084472656,18.7655,35.4045,18.778,35.405,roms,16.892492294311523,35.155662536621094,16.91412353515625,35.208778381347656,fv,0.30350010681152284,-0.0812864379882825,0.4029999999999987,-0.05499908447265511,-1.5695075988769531,-0.3301239013671875,-1.46087646484375,-0.251220703125
1991,1991-08-20,1435,Y39,-32.124274,115.568323,NW,232,35.5,18.389999389648438,35.45280838012695,18.34000015258789,35.43259811401367,18.5885,35.403999999999996,18.591,35.403,roms,16.865575790405273,35.16880798339844,16.958885192871094,35.274810791015625,fv,0.1985006103515623,-0.04880838012695676,0.25099984741211046,-0.029598114013673182,-1.524423599243164,-0.2840003967285156,-1.3811149597167969,-0.15778732299804688
1991,1991-08-20,1450,Y40,-32.12928,115.591661,NW,232,18.5,18.28999900817871,35.47137451171875,18.262500762939453,35.446571350097656,18.4065,35.402499999999996,18.399,35.403,roms,16.847999572753906,35.16399002075195,16.851253509521484,35.1711540222168,fv,0.11650099182129026,-0.0688745117187537,0.13649923706054778,-0.04357135009765756,-1.4419994354248047,-0.3073844909667969,-1.4112472534179688,-0.2754173278808594
1991,1991-08-21,0700,MA6,-32.16511,115.594991,W,233,22.0,17.899999618530273,35.40999984741211,17.899999618530273,35.40999984741211,18.4945,35.406,18.519,35.405,roms,16.562284469604492,35.05275344848633,16.715307177780435,35.14483740467267,fv,0.5945003814697252,-0.003999847412110569,0.6190003814697249,-0.004999847412108238,-1.3377151489257812,-0.35724639892578125,-1.1846924407498385,-0.2651624427394381
1991,1991-08-21,0710,MA7,-32.17928,115.568322,W,233,34.0,17.883333206176758,35.413333892822266,17.899999618530273,35.41999816894531,18.653,35.4075,18.642,35.406,roms,16.750303268432617,35.01133346557617,16.81381607055664,35.22817611694336,fv,0.7696667938232409,-0.005833892822266762,0.742000381469726,-0.013998168945313694,-1.1330299377441406,-0.40200042724609375,-1.0861835479736328,-0.19182205200195312
1991,1991-08-21,0740,MA13,-32.249278,115.499993,W,233,40.0,17.25,35.2599983215332,17.25,35.2599983215332,18.648,35.4075,18.795,35.409,roms,17.20709991455078,35.13348388671875,16.791301727294922,35.22429656982422,fv,1.3979999999999997,0.14750167846679574,1.5450000000000017,0.1490016784667958,-0.04290008544921875,-0.12651443481445312,-0.4586982727050781,-0.035701751708984375
1991,1991-08-21,0750,MA14,-32.249282,115.533322,W,233,36.0,17.229999542236328,35.2400016784668,17.229999542236328,35.2599983215332,18.598,35.4085,18.6306,35.4096,roms,17.14849281311035,35.08903121948242,16.797815322875977,35.22915267944336,fv,1.3680004577636709,0.16849832153319966,1.400600457763673,0.1496016784667944,-0.08150672912597656,-0.150970458984375,-0.43218421936035156,-0.03084564208984375
1991,1991-08-21,0800,MA15,-32.249277,115.568328,W,233,34.0,17.25,35.27000045776367,17.25,35.27000045776367,18.539499999999997,35.409499999999994,18.4906,35.4064,roms,17.045394897460938,35.01051712036133,16.800134658813477,35.27633285522461,fv,1.2894999999999968,0.13949954223632233,1.2406000000000006,0.136399542236326,-0.2046051025390625,-0.25948333740234375,-0.44986534118652344,0.0063323974609375
1991,1991-08-21,0810,MA16,-32.249281,115.602496,W,233,27.0,16.799999237060547,35.099998474121094,16.799999237060547,35.099998474121094,18.43,35.408,18.288,35.405,roms,16.846961975097656,34.99342346191406,16.705299377441406,35.11085510253906,fv,1.6300007629394528,0.3080015258789075,1.4880007629394534,0.3050015258789074,0.046962738037109375,-0.10657501220703125,-0.09469985961914062,0.01085662841796875
1991,1991-08-21,0825,V1,-31.859426,115.730226,N,233,12.0,16.861665725708008,35.02632522583008,17.200000762939453,35.424739837646484,17.381,35.394999999999996,17.378,35.396,roms,16.802370071411133,35.020931243896484,16.73447608947754,35.01644515991211,fv,0.5193342742919924,0.3686747741699179,0.177999237060547,-0.02873983764648358,-0.059295654296875,-0.00539398193359375,-0.46552467346191406,-0.408294677734375
1991,1991-08-21,0850,V1A,-31.858947,115.685692,N,233,14.800000190734863,16.899999618530273,35.007320404052734,17.209999084472656,35.385093688964844,17.872999999999998,35.400499999999994,17.864,35.400999999999996,roms,16.971174240112305,35.234249114990234,16.897557449323358,35.23764076231964,fv,0.9730003814697241,0.3931795959472595,0.6540009155273445,0.0159063110351525,0.07117462158203125,0.2269287109375,-0.31244163514929824,-0.14745292664520093
1991,1991-08-21,0900,V2,-31.859356,115.666956,N,233,20.200000762939453,16.92833137512207,35.049686431884766,16.920000076293945,35.28350830078125,18.1,35.403,18.111,35.402,roms,16.95792579650879,35.34170913696289,16.884403037991433,35.33731231690035,fv,1.171668624877931,0.35331356811523307,1.1909999237060553,0.11849169921875102,0.02959442138671875,0.292022705078125,-0.035597038302512374,0.053804016119102016
1991,1991-08-21,0905,MN26,-32.333443,115.616662,SW,233,27.0,16.450000762939453,35.03333282470703,16.75,35.16999816894531,18.1015,35.409499999999994,18.011,35.408,roms,17.129236221313477,34.98393249511719,17.03925323486328,34.9893684387207,fv,1.6514992370605484,0.37616717529296295,1.2609999999999992,0.23800183105468875,0.6792354583740234,-0.04940032958984375,0.28925323486328125,-0.18062973022460938
1991,1991-08-21,0920,V3,-31.859462,115.58818,N,233,34.79999923706055,18.691431045532227,35.51472473144531,17.0674991607666,35.29556655883789,18.445,35.4035,18.342,35.400999999999996,roms,17.236501693725586,35.3662223815918,17.18060302734375,35.37434005737305,fv,-0.24643104553222628,-0.11122473144531142,1.2745008392333972,0.10543344116210562,-1.4549293518066406,-0.14850234985351562,0.11310386657714844,0.07877349853515625
1991,1991-08-21,0940,V4,-31.859125,115.508111,N,233,41.400001525878906,19.273332595825195,35.49711608886719,18.125,35.44606018066406,18.813499999999998,35.403999999999996,18.762999999999998,35.399,roms,17.657806396484375,35.33607864379883,17.576404571533203,35.32931900024414,fv,-0.45983259582519764,-0.09311608886719114,0.6379999999999981,-0.04706018066406159,-1.6155261993408203,-0.16103744506835938,-0.5485954284667969,-0.11674118041992188
1991,1991-08-21,1005,V5,-31.859494,115.429354,N,233,47.0,19.57666778564453,35.542964935302734,18.6299991607666,35.48350524902344,18.991500000000002,35.165,19.272,35.162,roms,18.069740295410156,35.422733306884766,17.840665817260742,35.40278625488281,fv,-0.5851677856445292,-0.3779649353027352,0.6420008392333969,-0.32150524902343847,-1.506927490234375,-0.12023162841796875,-0.7893333435058594,-0.080718994140625
1991,1991-08-21,1025,V6,-31.859276,115.350175,N,233,50.599998474121094,19.678333282470703,35.53929138183594,18.809999465942383,35.506080627441406,19.0175,35.445499999999996,19.447,35.438,roms,,,,,fv,-0.6608332824707048,-0.09379138183594193,0.6370005340576164,-0.06808062744140386,,,,
1991,1991-08-21,1030,MN39,-32.433445,115.599992,S,233,25.0,17.25,35.31666946411133,17.200000762939453,35.31999969482422,18.054499999999997,35.411500000000004,18.044,35.411,roms,17.48724365234375,34.94561004638672,17.437629593288342,34.94301878502095,fv,0.8044999999999973,0.09483053588867563,0.8439992370605474,0.09100030517578261,0.23724365234375,-0.3710594177246094,0.23762883034888915,-0.37698090980326526
1991,1991-08-21,1045,MN40,-32.433442,115.633325,S,233,20.0,16.46666717529297,35.06999969482422,16.399999618530273,35.06999969482422,17.9375,35.411500000000004,17.954,35.413,roms,17.4705753326416,34.973270416259766,17.431777954101562,34.976139068603516,fv,1.4708328247070312,0.341500305175785,1.5540003814697272,0.34300030517577795,1.0039081573486328,-0.09672927856445312,1.031778335571289,-0.09386062622070312
1991,1991-08-21,1100,MN21,-32.433449,115.65833,S,233,11.0,16.200000762939453,34.900001525878906,16.200000762939453,34.915000915527344,17.746499999999997,35.4105,17.7545,35.412499999999994,roms,17.334548950195312,34.97886276245117,17.317522545877022,34.97869112851935,fv,1.5464992370605444,0.5104984741210927,1.554499237060547,0.49749908447265057,1.1345481872558594,0.07886123657226562,1.117521782937569,0.06369021299200739
1991,1991-08-21,1110,MN20,-32.433447,115.668328,S,233,16.0,16.100000381469727,34.79999923706055,16.0,34.84000015258789,17.4795,35.408,17.502,35.41,roms,17.370590209960938,34.97940444946289,17.367673873901367,34.98076629638672,fv,1.379499618530275,0.6080007629394544,1.501999999999999,0.569999847412106,1.270589828491211,0.17940521240234375,1.3676738739013672,0.14076614379882812
1991,1991-08-21,1110,V7,-31.858577,115.271111,N,233,117.19999694824219,20.00749969482422,35.54042434692383,19.030000686645508,35.518157958984375,19.032,35.448,19.581,35.44,roms,,,,,fv,-0.9754996948242187,-0.09242434692382773,0.5509993133544917,-0.07815795898437727,,,,
1991,1991-08-21,1130,MN15,-32.433449,115.744994,S,233,13.0,15.850001335144043,29.670000076293945,16.049999237060547,34.720001220703125,16.661,35.3615,16.665,35.363,roms,15.925926208496094,34.661312103271484,15.845788734920447,34.79590168737576,fv,0.8109986648559584,5.691499923706054,0.6150007629394523,0.6429987792968745,0.07592487335205078,4.991312026977539,-0.20421050214009995,0.0759004666726355
1991,1991-08-21,1145,MN13,-32.45011,115.705827,S,233,15.0,16.133333206176758,34.650001525878906,16.049999237060547,34.74500274658203,17.1215,35.4045,17.1,35.407,roms,17.310304641723633,34.97373962402344,17.09788703918457,34.96424865722656,fv,0.9881667938232432,0.7544984741210925,1.0500007629394545,0.6619972534179652,1.176971435546875,0.32373809814453125,1.0478878021240234,0.21924591064453125
1991,1991-08-21,1150,V8,-31.859209,115.191423,N,233,154.39999389648438,20.06999969482422,35.55873489379883,19.564998626708984,35.755035400390625,19.023,35.41,19.439360087585452,35.40628000030517,roms,,,,,fv,-1.046999694824219,-0.14873489379883154,-0.12563853912353196,-0.3487554000854516,,,,
1991,1991-08-21,1200,MN10,-32.475115,115.682496,S,233,15.0,16.350000381469727,34.97999954223633,16.25,34.97999954223633,17.314999999999998,35.406,17.278,35.409,roms,17.253366470336914,34.949951171875,17.19318199157715,34.94791030883789,fv,0.9649996185302712,0.4260004577636707,1.0279999999999987,0.4290004577636708,0.9033660888671875,-0.030048370361328125,0.9431819915771484,-0.0320892333984375
1991,1991-08-21,1230,V9,-31.858331,115.111173,N,233,199.6999969482422,20.270000457763672,35.55238723754883,19.303333282470703,35.805233001708984,19.038,35.41,19.32719500198364,35.407,roms,,,,,fv,-1.2320004577636716,-0.14238723754883154,0.023861719512936475,-0.3982330017089879,,,,
1991,1991-08-21,1320,V10,-31.85968,115.032391,N,233,198.8000030517578,20.272499084472656,35.539459228515625,19.16499900817871,35.878883361816406,19.1115,35.406,19.423100025177003,35.414880000305175,roms,,,,,fv,-1.1609990844726568,-0.1334592285156262,0.25810101699829247,-0.46400336151123156,,,,
1991,1991-08-21,1415,V11,-31.859142,114.952075,N,233,198.89999389648438,20.255001068115234,35.56101989746094,19.119998931884766,35.873268127441406,19.344,35.382,19.34520497894287,35.42294499969483,roms,,,,,fv,-0.9110010681152332,-0.1790198974609396,0.22520604705810499,-0.4503231277465787,,,,
1991,1991-08-22,0710,MA6,-32.16511,115.594991,W,234,22.0,17.860000610351562,35.40999984741211,17.860000610351562,35.40999984741211,18.428,35.407,18.479,35.405,roms,16.463043212890625,35.03092956542969,16.840908648087517,35.237041555201024,fv,0.5679993896484383,-0.0029998474121128993,0.6189993896484367,-0.004999847412108238,-1.3969573974609375,-0.3790702819824219,-1.0190919622640457,-0.17295829221108505
1991,1991-08-22,0720,MA7,-32.17928,115.568322,W,234,34.0,17.850000381469727,35.40999984741211,17.850000381469727,35.40999984741211,18.591,35.4075,18.601,35.403999999999996,roms,16.759246826171875,35.02077865600586,16.897294998168945,35.26329803466797,fv,0.7409996185302745,-0.002499847412110512,0.7509996185302725,-0.005999847412113013,-1.0907535552978516,-0.38922119140625,-0.9527053833007812,-0.14670181274414062
1991,1991-08-22,0745,MA13,-32.249278,115.499993,W,234,40.0,17.049999237060547,35.22999954223633,17.0,35.244998931884766,18.615000000000002,35.41,18.843,35.407,roms,17.211748123168945,35.12582015991211,16.818645477294922,35.21328353881836,fv,1.5650007629394551,0.18000045776366846,1.843,0.16200106811523085,0.16174888610839844,-0.10417938232421875,-0.18135452270507812,-0.03171539306640625
1991,1991-08-22,0800,MA14,-32.249282,115.533322,W,234,36.0,17.023334503173828,35.220001220703125,17.0,35.220001220703125,18.5575,35.409,18.656399999999998,35.4066,roms,17.152143478393555,35.06802749633789,16.798690795898438,35.22737121582031,fv,1.5341654968261729,0.18899877929687392,1.6563999999999979,0.1865987792968724,0.12880897521972656,-0.15197372436523438,-0.2013092041015625,0.0073699951171875
1991,1991-08-22,0805,MA15,-32.249277,115.568328,W,234,34.0,16.649999618530273,35.08000183105469,16.649999618530273,35.099998474121094,18.493000000000002,35.4085,18.514,35.404399999999995,roms,17.137954711914062,35.00204849243164,16.825733184814453,35.253204345703125,fv,1.8430003814697287,0.32849816894530903,1.864000381469726,0.3044015258789017,0.48795509338378906,-0.07795333862304688,0.1757335662841797,0.15320587158203125
1991,1991-08-22,0810,Y41,-32.135113,115.618329,NW,234,21.899999618530273,17.843334197998047,35.43140411376953,17.84000015258789,35.441070556640625,18.194000000000003,35.406499999999994,18.221,35.406,roms,16.256004333496094,35.089534759521484,16.30582046508789,35.154396057128906,fv,0.35066580200195574,-0.02490411376953716,0.38099984741210946,-0.035070556640626194,-1.5873298645019531,-0.3418693542480469,-1.5341796875,-0.28667449951171875
1991,1991-08-22,0815,MA16,-32.249281,115.602496,W,234,27.0,16.433332443237305,35.06999969482422,16.549999237060547,35.06999969482422,18.375500000000002,35.406,18.292,35.400999999999996,roms,16.920988082885742,34.99110794067383,16.804637908935547,35.19266128540039,fv,1.9421675567626977,0.33600030517578006,1.7420007629394547,0.3310003051757775,0.4876556396484375,-0.07889175415039062,0.254638671875,0.12266159057617188
1991,1991-08-22,0815,Y40,-32.12928,115.591661,NW,234,14.199999809265137,18.01000213623047,35.44087600708008,18.030000686645508,35.444602966308594,18.4305,35.4075,18.45740000152588,35.406,roms,16.63600730895996,35.118438720703125,16.714681236881006,35.18326529917613,fv,0.4204978637695298,-0.03337600708007926,0.42739931488037186,-0.038602966308594944,-1.3739948272705078,-0.3224372863769531,-1.3153194497645018,-0.26133766713246587
1991,1991-08-22,0825,Y39,-32.124274,115.568323,NW,234,35.5,18.17333221435547,35.44442367553711,18.190000534057617,35.46018600463867,18.618499999999997,35.407,18.662,35.405,roms,16.615232467651367,35.074520111083984,16.832334518432617,35.277862548828125,fv,0.44516778564452864,-0.0374236755371129,0.47199946594238185,-0.05518600463867074,-1.5580997467041016,-0.369903564453125,-1.357666015625,-0.18232345581054688
1991,1991-08-22,0835,Y38,-32.117607,115.537488,NW,234,44.599998474121094,18.568750381469727,35.48100280761719,18.287500381469727,35.34000015258789,18.743000000000002,35.407,18.795,35.403999999999996,roms,16.661909103393555,35.0868034362793,16.852916717529297,35.233821868896484,fv,0.17424961853027554,-0.07400280761719102,0.5074996185302751,0.06399984741210574,-1.9068412780761719,-0.3941993713378906,-1.4345836639404297,-0.10617828369140625
1991,1991-08-22,0905,MN26,-32.333443,115.616662,SW,234,27.0,16.399999618530273,34.970001220703125,16.599998474121094,35.095001220703125,18.055,35.403999999999996,18.012,35.403999999999996,roms,17.308019638061523,34.978031158447266,17.173433303833008,34.99829864501953,fv,1.6550003814697263,0.43399877929687136,1.4120015258789067,0.30899877929687136,0.90802001953125,0.008029937744140625,0.5734348297119141,-0.09670257568359375
1991,1991-08-22,0910,Y35,-32.098446,115.444987,NW,234,47.099998474121094,19.15999984741211,35.52886199951172,18.31999969482422,35.459999084472656,18.893,35.406,19.150200027465818,35.401419999694824,roms,16.789709091186523,35.17142105102539,16.883750915527344,35.25708770751953,fv,-0.2669998474121087,-0.12286199951171994,0.8302003326415992,-0.05857908477783269,-2.370290756225586,-0.3574409484863281,-1.436248779296875,-0.202911376953125
1991,1991-08-22,0920,Y34,-32.085108,115.474159,NW,234,46.0,19.136249542236328,35.521202087402344,18.219999313354492,35.43452835083008,18.862000000000002,35.4075,19.021,35.402,roms,16.757917404174805,35.12138748168945,16.849578857421875,35.2581901550293,fv,-0.27424954223632625,-0.11370208740234489,0.8010006866455086,-0.0325283508300771,-2.3783321380615234,-0.3998146057128906,-1.3704204559326172,-0.17633819580078125
1991,1991-08-22,0930,Y33,-32.07178,115.501659,NW,234,45.20000076293945,19.063331604003906,35.5258674621582,18.31166648864746,35.4900016784668,18.8375,35.407,18.982,35.403,roms,16.75133514404297,35.164974212646484,16.889080047607422,35.289329528808594,fv,-0.22583160400390767,-0.11886746215820665,0.6703335113525384,-0.08700167846679818,-2.3119964599609375,-0.36089324951171875,-1.422586441040039,-0.20067214965820312
1991,1991-08-22,0940,Y32,-32.059279,115.527994,NW,234,34.099998474121094,18.821428298950195,35.520774841308594,18.48200035095215,35.5,18.767,35.4065,18.863,35.403,roms,16.735517501831055,35.18543243408203,17.01125717163086,35.33987045288086,fv,-0.05442829895019585,-0.11427484130859256,0.3809996490478511,-0.09700000000000131,-2.0859107971191406,-0.3353424072265625,-1.470743179321289,-0.16012954711914062
1991,1991-08-22,0945,Y31,-32.04844,115.554158,NW,234,28.100000381469727,18.564998626708984,35.555973052978516,18.59749984741211,35.54999923706055,18.585,35.406499999999994,18.61,35.406,roms,16.790306091308594,35.26088333129883,16.840417861938477,35.29413604736328,fv,0.020001373291016478,-0.14947305297852154,0.012500152587890057,-0.14399923706054807,-1.7746925354003906,-0.2950897216796875,-1.7570819854736328,-0.2558631896972656
1991,1991-08-22,0955,Y30,-32.035113,115.58333,NW,234,20.100000381469727,18.584999084472656,35.58980941772461,18.6200008392334,35.56999969482422,18.3755,35.407,18.401,35.407,roms,16.728498458862305,35.27257537841797,16.738346099853516,35.30279541015625,fv,-0.20949908447265742,-0.1828094177246129,-0.21900083923339864,-0.16299969482422227,-1.8565006256103516,-0.3172340393066406,-1.8816547393798828,-0.26720428466796875
1991,1991-08-22,1010,Y29,-32.026776,115.615828,NW,234,9.300000190734863,18.523332595825195,35.60327911376953,18.549999237060547,35.599998474121094,18.1475,35.409,18.162,35.409,roms,16.6581974029541,35.209232330322266,16.666290043784763,35.21552852231087,fv,-0.37583259582519446,-0.19427911376953233,-0.38799923706054784,-0.19099847412109483,-1.8651351928710938,-0.3940467834472656,-1.8837091932757843,-0.3844699518102246
1991,1991-08-22,1025,MN39,-32.433445,115.599992,S,234,25.0,17.299999237060547,35.369998931884766,17.299999237060547,35.38999938964844,18.0395,35.411,18.131,35.41,roms,17.49526023864746,34.94337844848633,17.457356841097273,34.941709593471366,fv,0.7395007629394534,0.04100106811523574,0.8310007629394534,0.02000061035155909,0.19526100158691406,-0.4266204833984375,0.15735760403672572,-0.44828979617707176
1991,1991-08-22,1040,MN40,-32.433442,115.633325,S,234,20.0,16.399999618530273,35.04999923706055,16.399999618530273,35.04999923706055,17.928,35.4105,18.033,35.411,roms,17.30595588684082,34.94834518432617,17.28033447265625,34.947139739990234,fv,1.5280003814697274,0.3605007629394521,1.6330003814697278,0.3610007629394545,0.9059562683105469,-0.101654052734375,0.8803348541259766,-0.1028594970703125
1991,1991-08-22,1045,MN21,-32.433449,115.65833,S,234,11.0,16.299999237060547,35.04999923706055,16.329999923706055,35.060001373291016,17.752000000000002,35.408,17.816499999999998,35.4105,roms,17.235475540161133,34.954898834228516,17.229404594626242,34.95403780462287,fv,1.4520007629394556,0.3580007629394544,1.486500076293943,0.35049862670898335,0.9354763031005859,-0.09510040283203125,0.8994046709201875,-0.1059635686681446
1991,1991-08-22,1055,MN20,-32.433447,115.668328,S,234,16.0,16.100000381469727,34.7599983215332,16.049999237060547,34.810001373291016,17.4765,35.406499999999994,17.519,35.41,roms,17.23176383972168,34.954280853271484,17.22327995300293,34.95340347290039,fv,1.376499618530275,0.646501678466791,1.4690007629394515,0.599998626708981,1.1317634582519531,0.19428253173828125,1.1732807159423828,0.143402099609375
1991,1991-08-22,1110,MN15,-32.433449,115.744994,S,234,13.0,16.049999237060547,29.920000076293945,16.18000030517578,34.70000076293945,16.611,35.357,16.619,35.358000000000004,roms,16.03534698486328,34.71248245239258,15.949010553884511,34.70835428115718,fv,0.5610007629394538,5.436999923706054,0.4389996948242185,0.657999237060551,-0.014652252197265625,4.792482376098633,-0.2309897512912702,0.008353518217724343
1991,1991-08-22,1125,MN13,-32.45011,115.705827,S,234,15.0,16.5,34.34000015258789,16.100000381469727,34.79999923706055,17.076,35.402,17.069,35.405,roms,17.13744354248047,34.964569091796875,17.10611343383789,34.96430969238281,fv,0.5760000000000005,1.0619998474121104,0.9689996185302725,0.6050007629394543,0.6374435424804688,0.6245689392089844,1.006113052368164,0.16431045532226562
1991,1991-08-22,1135,Y20,-31.944281,115.639156,N,234,31.100000381469727,18.600000381469727,35.55030822753906,17.799999237060547,35.4900016784668,17.9015,35.403999999999996,17.88,35.403999999999996,roms,16.768112182617188,35.38748550415039,16.78434181213379,35.39769744873047,fv,-0.6985003814697279,-0.14630822753906614,0.08000076293945213,-0.08600167846680051,-1.831888198852539,-0.16282272338867188,-1.0156574249267578,-0.09230422973632812
1991,1991-08-22,1140,MN10,-32.475115,115.682496,S,234,15.0,16.399999618530273,35.939998626708984,16.3700008392334,35.939998626708984,17.329,35.402,17.29,35.405,roms,17.128889083862305,34.95555114746094,17.11676788330078,34.95337677001953,fv,0.9290003814697272,-0.5379986267089834,0.9199991607666007,-0.5349986267089832,0.7288894653320312,-0.9844474792480469,0.7467670440673828,-0.9866218566894531
1991,1991-08-22,1145,Y19,-31.920444,115.620322,N,234,32.79999923706055,18.366666793823242,35.54999923706055,17.304000854492188,35.38999938964844,18.171,35.4045,18.146,35.403,roms,16.850317001342773,35.4019775390625,16.860170364379883,35.401580810546875,fv,-0.1956667938232428,-0.14549923706054813,0.8419991455078133,0.013000610351561193,-1.5163497924804688,-0.14802169799804688,-0.4438304901123047,0.0115814208984375
1991,1991-08-22,1150,MN4,-32.512609,115.708328,S,234,8.0,16.100000381469727,34.84333419799805,16.100000381469727,34.849998474121094,16.9645,35.397,16.972,35.400999999999996,roms,16.64375877380371,34.7255973815918,16.65743637084961,34.735408782958984,fv,0.8644996185302745,0.5536658020019516,0.8719996185302747,0.5510015258789025,0.5437583923339844,-0.11773681640625,0.5574359893798828,-0.11458969116210938
1991,1991-08-22,1150,Y18,-31.899276,115.603328,N,234,33.099998474121094,18.339998245239258,35.56410598754883,17.520000457763672,35.37108612060547,18.3245,35.405,18.265,35.403,roms,17.131893157958984,35.400299072265625,17.112232208251953,35.3934326171875,fv,-0.015498245239257358,-0.159105987548827,0.7449995422363287,0.03191387939452994,-1.2081050872802734,-0.16380691528320312,-0.40776824951171875,0.02234649658203125
1991,1991-08-22,1200,Y17,-31.87594,115.584662,N,234,35.20000076293945,18.531999588012695,35.5099983215332,17.350000381469727,35.369998931884766,18.381999999999998,35.403999999999996,18.371,35.402,roms,17.179702758789062,35.39670181274414,17.182357788085938,35.39369583129883,fv,-0.14999958801269742,-0.10599832153320676,1.020999618530272,0.0320010681152354,-1.3522968292236328,-0.1132965087890625,-0.16764259338378906,0.0236968994140625
1991,1991-08-22,1215,Y16,-31.876274,115.614162,N,234,31.299999237060547,17.126665115356445,35.38999938964844,16.75,35.332828521728516,18.235,35.403999999999996,18.246,35.402,roms,17.0505313873291,35.396087646484375,17.053306579589844,35.39393615722656,fv,1.1083348846435541,0.014000610351558862,1.4959999999999987,0.0691714782714854,-0.07613372802734375,0.0060882568359375,0.30330657958984375,0.061107635498046875
1991,1991-08-22,1220,Y15,-31.876778,115.646662,N,234,30.200000762939453,16.957500457763672,35.234130859375,16.80500030517578,35.35748291015625,18.0465,35.402499999999996,18.076,35.402,roms,16.94537353515625,35.401241302490234,16.949626922607422,35.39785385131836,fv,1.0889995422363299,0.1683691406249963,1.2709996948242193,0.04451708984375102,-0.012126922607421875,0.16711044311523438,0.14462661743164062,0.040370941162109375
1991,1991-08-22,1230,Y14,-31.877273,115.679162,N,234,25.700000762939453,16.724998474121094,35.06441116333008,17.18000030517578,35.380001068115234,17.810000000000002,35.399,17.798000000000002,35.397999999999996,roms,16.826223373413086,35.34245300292969,16.83011817932129,35.33713150024414,fv,1.0850015258789085,0.3345888366699228,0.6179996948242206,0.01799893188476176,0.10122489929199219,0.2780418395996094,-0.3498821258544922,-0.04286956787109375
1991,1991-08-22,1235,Y13,-31.876776,115.698325,N,234,18.799999237060547,16.744998931884766,34.99375534057617,17.15999984741211,35.399314880371094,17.5595,35.394,17.543,35.393,roms,16.793893814086914,35.279544830322266,16.799755096435547,35.27585220336914,fv,0.8145010681152343,0.4002446594238265,0.3830001525878899,-0.006314880371093068,0.04889488220214844,0.28578948974609375,-0.3602447509765625,-0.12346267700195312
1991,1991-08-22,1245,Y12,-31.87678,115.719162,N,234,11.5,17.001428604125977,35.060001373291016,17.02666664123535,35.14039993286133,17.5595,35.394,17.543,35.393,roms,16.707487106323242,35.10987091064453,16.71199607849121,35.1078987121582,fv,0.5580713958740233,0.3339986267089827,0.5163333587646477,0.25260006713867256,-0.2939414978027344,0.049869537353515625,-0.3146705627441406,-0.032501220703125
1991,1991-08-22,1250,Y11,-31.877275,115.731662,N,234,14.100000381469727,17.0,34.64249038696289,17.42333221435547,35.349998474121094,17.334,35.39149999999999,17.317,35.391,roms,16.668846130371094,35.04129409790039,16.670576095581055,35.03920364379883,fv,0.33399999999999963,0.7490096130371029,-0.10633221435546858,0.04100152587890449,-0.33115386962890625,0.3988037109375,-0.7527561187744141,-0.3107948303222656
1991,1991-08-22,1255,Y10,-31.877941,115.743324,N,234,15.899999618530273,16.908571243286133,34.996925354003906,17.145000457763672,35.40999984741211,17.334,35.39149999999999,17.317,35.391,roms,16.564002990722656,35.03641128540039,16.571523666381836,35.03574752807617,fv,0.4254287567138668,0.39457464599608727,0.1719995422363283,-0.018999847412111137,-0.34456825256347656,0.039485931396484375,-0.5734767913818359,-0.3742523193359375
1991,1991-08-22,1300,Y9,-31.893443,115.729156,N,234,18.200000762939453,16.524999618530273,34.701541900634766,17.156665802001953,35.349998474121094,17.2775,35.3925,17.27,35.391999999999996,roms,16.657516479492188,35.145748138427734,16.63068389892578,35.179466247558594,fv,0.7525003814697264,0.6909580993652327,0.11333419799804645,0.04200152587890216,0.13251686096191406,0.44420623779296875,-0.5259819030761719,-0.1705322265625
1991,1991-08-22,1310,Y8,-31.920447,115.727822,N,234,15.300000190734863,16.593334197998047,34.70955276489258,16.873334884643555,35.2599983215332,17.2775,35.3925,17.27,35.391999999999996,roms,16.419485092163086,35.328311920166016,16.412778854370117,35.32176208496094,fv,0.684165802001953,0.6829472351074202,0.3966651153564449,0.13200167846679278,-0.17384910583496094,0.6187591552734375,-0.4605560302734375,0.061763763427734375
1991,1991-08-22,1320,Y7,-31.939614,115.747489,N,234,9.100000381469727,16.40250015258789,34.54007339477539,16.399999618530273,34.540016174316406,17.2275,35.3935,17.222,35.393,roms,16.30069923400879,35.2667121887207,16.300993341880154,35.26456552318727,fv,0.8249998474121085,0.8534266052246124,0.8220003814697279,0.8529838256835944,-0.10180091857910156,0.7266387939453125,-0.09900627665011896,0.7245493488708661
1991,1991-08-22,1325,Y6,-31.947273,115.726659,N,234,13.0,16.802499771118164,34.80027770996094,17.125001907348633,35.380001068115234,17.2275,35.3935,17.222,35.393,roms,16.564170837402344,35.386932373046875,16.556718826293945,35.383296966552734,fv,0.4250002288818351,0.5932222900390656,0.0969980926513685,0.012998931884766307,-0.2383289337158203,0.5866546630859375,-0.5682830810546875,0.0032958984375
1992,1992-03-09,1135,Y6,-31.947273,115.726659,N,69,12.65999984741211,23.510467529296875,36.14962387084961,22.76972007751465,36.30633544921875,23.0075,35.938,22.886,35.942,roms,22.771345138549805,36.08192443847656,22.174517753369077,36.10258285980769,fv,-0.5029675292968747,-0.211623870849607,0.1162799224853508,-0.36433544921874983,-0.7391223907470703,-0.06769943237304688,-0.5952023241455713,-0.20375258941106011
1992,1992-03-09,1143,Y7,-31.939614,115.747489,N,69,10.619999885559082,23.59188461303711,36.24127960205078,23.11600112915039,36.23574447631836,23.0075,35.938,22.886,35.942,roms,23.154348373413086,36.0758171081543,22.70372772216797,36.05629348754883,fv,-0.5843846130371091,-0.30327960205077886,-0.2300011291503914,-0.2937444763183592,-0.43753623962402344,-0.16546249389648438,-0.4122734069824219,-0.17945098876953125
1992,1992-03-09,1212,OA50,-32.099116,115.616996,NW,69,18.30341148376465,23.04918098449707,36.160247802734375,22.417999267578125,36.15251541137695,22.570999999999998,35.7315,22.471,35.727000000000004,roms,22.856718063354492,36.65082931518555,22.304872620456365,36.773256239210596,fv,-0.47818098449707236,-0.42874780273437807,0.053000732421875085,-0.42551541137694926,-0.19246292114257812,0.4905815124511719,-0.11312664712176002,0.620740827833643
1992,1992-03-09,1237,Y11,-31.877275,115.731662,N,69,12.719999313354492,23.658353805541992,36.11445617675781,22.60174560546875,36.13725662231445,23.038,35.942,22.924,35.942,roms,22.975114822387695,36.04506301879883,22.31370766688823,36.01841633504648,fv,-0.6203538055419919,-0.17245617675781233,0.3222543945312495,-0.19525662231445295,-0.6832389831542969,-0.06939315795898438,-0.2880379385805192,-0.11884028726797169
1992,1992-03-09,1331,Y16,-31.876274,115.614162,N,69,29.15999984741211,23.1484317779541,36.14570236206055,21.21213150024414,35.93571853637695,22.5985,35.689,22.012999999999998,35.624,roms,22.357505798339844,36.15625,22.197505950927734,36.32139205932617,fv,-0.5499317779541002,-0.4567023620605468,0.8008684997558575,-0.3117185363769508,-0.7909259796142578,0.010547637939453125,0.9853744506835938,0.38567352294921875
1992,1992-03-09,1530,MN70,-32.40011,115.658324,S,69,19.0,23.3799991607666,36.33000183105469,22.649999618530273,36.40999984741211,22.7255,35.908,22.588,35.894,roms,22.69013214111328,36.854793548583984,22.347633361816406,36.85859680175781,fv,-0.6544991607666013,-0.42200183105468625,-0.06199961853027247,-0.515999847412111,-0.6898670196533203,0.5247917175292969,-0.3023662567138672,0.4485969543457031
1992,1992-03-09,1600,MN72,-32.43345,115.649992,S,69,14.0,23.5,36.40999984741211,22.850000381469727,36.45000076293945,22.636499999999998,35.8845,22.522,35.883,roms,22.71369171142578,36.83083724975586,22.416017532348633,36.83793258666992,fv,-0.8635000000000019,-0.5254998474121066,-0.3280003814697281,-0.5670007629394505,-0.7863082885742188,0.42083740234375,-0.43398284912109375,0.38793182373046875
1992,1992-03-09,1607,Y31,-32.04844,115.554158,NW,69,26.3799991607666,22.558412551879883,36.01611328125,21.867637634277344,35.982505798339844,22.397,35.681,22.185,35.666,roms,22.658559799194336,36.6518669128418,22.249601364135742,36.73539352416992,fv,-0.16141255187988435,-0.3351132812500026,0.31736236572265497,-0.31650579833984693,0.10014724731445312,0.6357536315917969,0.38196372985839844,0.7528877258300781
1992,1992-03-09,1620,MN75,-32.416777,115.694989,S,69,10.0,23.44999885559082,36.4900016784668,23.25,36.529998779296875,22.813499999999998,35.959,22.729,35.951,roms,22.850820541381836,36.87434005737305,22.61060333251953,36.87165832519531,fv,-0.6364988555908226,-0.5310016784667937,-0.5210000000000008,-0.5789987792968745,-0.5991783142089844,0.38433837890625,-0.6393966674804688,0.3416595458984375
1992,1992-03-09,1630,MN80,-32.416781,115.71999,S,69,13.0,23.799997329711914,36.56999969482422,23.21500015258789,36.56999969482422,22.9125,36.0035,22.852,36.001000000000005,roms,22.92559242248535,36.64305114746094,22.686058044433594,36.8570671081543,fv,-0.8874973297119126,-0.5664996948242162,-0.3630001525878903,-0.568999694824214,-0.8744049072265625,0.07305145263671875,-0.5289421081542969,0.2870674133300781
1992,1992-03-09,1710,MN13,-32.45011,115.705827,S,69,15.0,23.44999885559082,36.529998779296875,23.100000381469727,36.58000183105469,22.799,35.971000000000004,22.727,35.964,roms,22.841079711914062,36.88473129272461,22.438068389892578,36.88697814941406,fv,-0.6509988555908208,-0.5589987792968714,-0.37300038146972625,-0.6160018310546889,-0.6089191436767578,0.3547325134277344,-0.6619319915771484,0.306976318359375
1992,1992-03-09,1730,MN9,-32.483443,115.699997,S,69,13.0,23.3799991607666,36.516666412353516,22.94999885559082,36.59000015258789,22.741,35.961,22.645,35.947,roms,22.8465518951416,36.88656234741211,22.492441177368164,36.87322235107422,fv,-0.6389991607666019,-0.5556664123535171,-0.30499885559082074,-0.6430001525878879,-0.533447265625,0.36989593505859375,-0.45755767822265625,0.2832221984863281
1992,1992-03-09,1750,MN2,-32.500114,115.694989,S,69,12.0,23.44999885559082,36.59000015258789,23.066665649414062,36.61000061035156,22.654,35.926500000000004,22.563,35.925,roms,22.8862361907959,36.90083312988281,22.49324387129369,36.87167589042765,fv,-0.7959988555908204,-0.6635001525878863,-0.5036656494140637,-0.6850006103515653,-0.5637626647949219,0.3108329772949219,-0.5734217781203732,0.26167528007609064
1992,1992-03-09,1800,MN3,-32.512613,115.700823,S,69,11.0,23.600000381469727,36.63999938964844,23.110000610351562,36.619998931884766,22.741,35.961,22.645,35.947,roms,22.98291015625,36.91645431518555,22.53432649844244,36.88894658048628,fv,-0.8590003814697269,-0.678999389648439,-0.4650006103515629,-0.6729989318847629,-0.6170902252197266,0.2764549255371094,-0.5756741119091231,0.268947648601511
1992,1992-03-09,1805,MN4,-32.512609,115.708328,S,69,8.0,23.600000381469727,36.630001068115234,23.489999771118164,36.62000274658203,22.741,35.961,22.645,35.947,roms,23.06462287902832,36.92628479003906,22.865222930908203,36.91423416137695,fv,-0.8590003814697269,-0.6690010681152359,-0.8449997711181645,-0.6730027465820285,-0.5353775024414062,0.2962837219238281,-0.6247768402099609,0.2942314147949219
1992,1992-03-10,0900,MN26,-32.333443,115.616662,SW,70,27.0,22.149999618530273,36.12999725341797,22.149999618530273,36.13999938964844,22.6145,35.8505,22.503,35.847,roms,22.335569381713867,36.803192138671875,22.3526611328125,36.79935073852539,fv,0.46450038146972616,-0.27949725341797205,0.3530003814697267,-0.2929993896484362,0.18556976318359375,0.6731948852539062,0.20266151428222656,0.6593513488769531
1992,1992-03-10,0915,MN90,-32.333446,115.591663,SW,70,36.0,22.049997329711914,36.119998931884766,22.0,36.11000061035156,22.499,35.806,22.299,35.786,roms,22.36541175842285,36.77214050292969,22.385221481323242,36.769622802734375,fv,0.4490026702880847,-0.31399893188476824,0.2989999999999995,-0.32400061035156114,0.3154144287109375,0.6521415710449219,0.3852214813232422,0.6596221923828125
1992,1992-03-10,0940,MN85,-32.291775,115.558326,SW,70,37.0,22.0,36.03999710083008,21.93000030517578,36.06999969482422,22.4105,35.7535,22.05,35.717,roms,22.295583724975586,36.748233795166016,22.311954498291016,36.74592590332031,fv,0.410499999999999,-0.2864971008300756,0.11999969482421946,-0.35299969482422,0.29558372497558594,0.7082366943359375,0.3819541931152344,0.6759262084960938
1992,1992-03-10,1005,GI40,-32.250112,115.53333,SW,70,36.0,21.850000381469727,36.03999710083008,21.850000381469727,36.03999710083008,22.372500000000002,35.718500000000006,21.9284,35.676199999999994,roms,22.3253231048584,36.7464714050293,22.3409423828125,36.74383544921875,fv,0.5224996185302757,-0.3214971008300722,0.07839961853027333,-0.36379710083008376,0.4753227233886719,0.7064743041992188,0.49094200134277344,0.7038383483886719
1992,1992-03-10,1025,GI35,-32.250111,115.558327,SW,70,34.0,22.049997329711914,36.03999710083008,22.0,36.03999710083008,22.403,35.7355,22.0074,35.693000000000005,roms,22.3759822845459,36.76706314086914,22.395526885986328,36.76486587524414,fv,0.35300267028808463,-0.3044971008300763,0.007400000000000517,-0.3469971008300732,0.3259849548339844,0.7270660400390625,0.3955268859863281,0.7248687744140625
1992,1992-03-10,1045,GI30,-32.25011,115.599989,SW,70,28.0,22.149999618530273,36.11000061035156,22.149999618530273,36.12999725341797,22.485500000000002,35.762,22.219,35.74,roms,22.345178604125977,36.804412841796875,22.359712600708008,36.8021240234375,fv,0.3355003814697284,-0.34800061035156205,0.06900038146972776,-0.38999725341796676,0.19517898559570312,0.6944122314453125,0.20971298217773438,0.6721267700195312
1992,1992-03-10,1105,GI15,-32.250114,115.615826,SW,70,14.0,22.350000381469727,36.14999771118164,22.350000381469727,36.15999984741211,22.616,35.8035,22.457,35.785,roms,22.440710067749023,36.837032318115234,22.453454971313477,36.83580017089844,fv,0.2659996185302731,-0.34649771118164097,0.10699961853027418,-0.3749998474121128,0.09070968627929688,0.6870346069335938,0.10345458984375,0.6758003234863281
1992,1992-03-11,0800,GI1,-32.133444,115.623326,NW,71,18.0,22.14000129699707,36.060001373291016,22.14000129699707,36.060001373291016,22.4925,35.7565,22.428,35.752,roms,22.251218795776367,36.82247543334961,22.218704223632812,36.82820510864258,fv,0.3524987030029294,-0.303501373291013,0.2879987030029305,-0.3080013732910132,0.11121749877929688,0.7624740600585938,0.07870292663574219,0.7682037353515625
1992,1992-03-11,0810,GI2,-32.133442,115.606661,NW,71,8.0,21.989999771118164,36.06999969482422,21.989999771118164,36.06999969482422,22.404,35.718500000000006,22.319,35.708,roms,22.17491340637207,36.88565444946289,22.081270217895508,36.88319778442383,fv,0.41400022888183585,-0.35149969482421284,0.329000228881835,-0.36199969482422034,0.18491363525390625,0.8156547546386719,0.09127044677734375,0.8131980895996094
1992,1992-03-11,0825,V1,-31.859426,115.730226,N,71,11.199999809265137,22.7450008392334,36.12461471557617,22.72166633605957,36.275638580322266,23.0035,35.952,22.892,35.951,roms,22.237276077270508,36.14372253417969,22.15751551458944,36.151324389411144,fv,0.2584991607666005,-0.1726147155761737,0.17033366394042915,-0.3246385803222651,-0.5077247619628906,0.019107818603515625,-0.564150821470129,-0.12431419091112161
1992,1992-03-11,0845,GI5,-32.133442,115.57666,NW,71,28.0,21.89000129699707,36.060001373291016,21.89000129699707,36.06999969482422,22.3645,35.6905,22.139,35.665,roms,22.187108993530273,36.8157844543457,22.150638077159893,36.80954366640735,fv,0.4744987030029293,-0.3695013732910155,0.24899870300292903,-0.4049996948242196,0.2971076965332031,0.7557830810546875,0.2606367801628231,0.7395439715831316
1992,1992-03-11,0850,GI6,-32.133447,115.53749,NW,71,33.0,21.590002059936523,36.060001373291016,21.590002059936523,36.060001373291016,22.3545,35.671,21.978,35.63,roms,22.219655990600586,36.789337158203125,22.17532730102539,36.782718658447266,fv,0.7644979400634782,-0.38900137329101625,0.3879979400634781,-0.43000137329101307,0.6296539306640625,0.7293357849121094,0.5853252410888672,0.72271728515625
1992,1992-03-11,0900,GI7,-32.133448,115.49833,NW,71,36.0,21.590002059936523,36.060001373291016,21.440000534057617,36.08000183105469,22.3345,35.658500000000004,21.9244,35.6148,roms,22.18999671936035,36.76332473754883,22.148828506469727,36.7584342956543,fv,0.744497940063475,-0.401501373291012,0.48439946594238137,-0.46520183105468504,0.5999946594238281,0.7033233642578125,0.7088279724121094,0.6784324645996094
1992,1992-03-11,0900,V2,-31.859356,115.666956,N,71,23.700000762939453,21.76999855041504,36.1408576965332,21.760000228881836,36.1206169128418,22.671,35.728500000000004,22.51,35.708,roms,22.114614486694336,36.3228874206543,22.137678546709747,36.41921770835567,fv,0.9010014495849603,-0.4123576965331992,0.7499997711181656,-0.41261691284179847,0.3446159362792969,0.18202972412109375,0.37767831782791106,0.2986007955138703
1992,1992-03-11,0901,Y30,-32.035113,115.58333,NW,71,17.940000534057617,21.68519401550293,35.99409103393555,21.69052505493164,35.996253967285156,22.4295,35.710499999999996,22.349,35.701,roms,22.05722999572754,36.801876068115234,22.011500091342896,36.792023315356346,fv,0.7443059844970712,-0.28359103393555074,0.6584749450683596,-0.29525396728515574,0.3720359802246094,0.8077850341796875,0.32097503641125513,0.7957693480711896
1992,1992-03-11,0912,Y31,-32.04844,115.554158,NW,71,30.979999542236328,21.642356872558594,35.96382522583008,21.651103973388672,35.979068756103516,22.369,35.682,22.255,35.672,roms,22.126733779907227,36.78742218017578,22.08974838256836,36.78396224975586,fv,0.726643127441406,-0.28182522583007596,0.6038960266113271,-0.3070687561035186,0.4843769073486328,0.8235969543457031,0.4386444091796875,0.8048934936523438
1992,1992-03-11,0920,GI8,-32.133448,115.459987,NW,71,45.0,21.290000915527344,36.06999969482422,21.190000534057617,36.08000183105469,22.335500000000003,35.638999999999996,21.904,35.582,roms,22.180917739868164,36.75196838378906,22.13895034790039,36.74685287475586,fv,1.0454990844726595,-0.43099969482422296,0.7139994659423827,-0.49800183105468676,0.8909168243408203,0.6819686889648438,0.9489498138427734,0.6668510437011719
1992,1992-03-11,0920,V3,-31.859462,115.58818,N,71,22.0,21.616003036499023,36.02626037597656,21.602500915527344,36.039405822753906,22.5165,35.677,22.1652,35.6428,roms,22.104082107543945,36.438602447509766,22.054677963256836,36.4361515045166,fv,0.9004969635009772,-0.3492603759765629,0.5626990844726549,-0.3966058227539051,0.4880790710449219,0.4123420715332031,0.4521770477294922,0.3967456817626953
1992,1992-03-11,0937,Y33,-32.07178,115.501659,NW,71,37.23999786376953,21.632015228271484,35.975013732910156,21.596689224243164,35.9672737121582,22.352,35.6545,22.032,35.616,roms,22.19542121887207,36.7873420715332,22.16077367230936,36.781549679729004,fv,0.7199847717285159,-0.3205137329101575,0.43531077575683597,-0.35127371215820347,0.5634059906005859,0.8123283386230469,0.5640844480661968,0.8142759675708007
1992,1992-03-11,0945,GI9,-32.133442,115.419991,NW,71,46.0,21.290000915527344,36.08000183105469,21.190000534057617,36.06999969482422,22.3475,35.6355,21.9602,35.5686,roms,22.142717361450195,36.739105224609375,22.100858688354492,36.73382568359375,fv,1.0574990844726564,-0.4445018310546871,0.7701994659423832,-0.5013996948242152,0.8527164459228516,0.6591033935546875,0.910858154296875,0.6638259887695312
1992,1992-03-11,0950,V4,-31.859125,115.508111,N,71,29.0,20.913997650146484,35.94049072265625,20.895000457763672,35.93187713623047,22.347,35.637,21.5462,35.5432,roms,21.957534790039062,36.38290786743164,22.20813851517667,36.67620972756286,fv,1.433002349853517,-0.30349072265624955,0.651199542236327,-0.38867713623046996,1.0435371398925781,0.4424171447753906,1.3131380574129992,0.7443325913323946
1992,1992-03-11,1015,GI10,-32.150108,115.453324,W,71,40.0,21.290000915527344,36.09000015258789,21.020000457763672,36.11000061035156,22.33,35.645,21.979,35.593,roms,22.1845703125,36.748661041259766,22.14101315234118,36.74386190866916,fv,1.0399990844726545,-0.4450001525878875,0.9589995422363273,-0.517000610351559,0.8945693969726562,0.658660888671875,1.1210126945775087,0.6338612983175977
1992,1992-03-11,1015,V5,-31.859494,115.429354,N,71,29.0,20.913997650146484,35.94049072265625,20.895000457763672,35.93187713623047,22.3745,36.1345,21.6596,36.0446,roms,22.12792205810547,36.644840240478516,22.107468032836913,36.65810623168945,fv,1.4605023498535168,0.19400927734375273,0.7645995422363292,0.11272286376953389,1.2139244079589844,0.7043495178222656,1.2124675750732408,0.726229095458983
1992,1992-03-11,1030,GI11,-32.169281,115.485823,W,71,37.0,21.440000534057617,36.086666107177734,21.240001678466797,36.095001220703125,22.319000000000003,35.6525,21.973399999999998,35.6086,roms,22.203384399414062,36.76300048828125,22.155012130737305,36.7566032409668,fv,0.8789994659423854,-0.43416610717773096,0.7333983215332012,-0.4864012207031223,0.7633838653564453,0.6763343811035156,0.9150104522705078,0.6616020202636719
1992,1992-03-11,1110,GI13,-32.208442,115.551664,W,71,31.0,21.790000915527344,36.130001068115234,21.790000915527344,36.17000198364258,22.3705,35.707,22.0326,35.672399999999996,roms,22.24750328063965,36.808414459228516,22.210359573364258,36.80571365356445,fv,0.5804990844726561,-0.42300106811523364,0.24259908447265488,-0.497601983642582,0.4575023651123047,0.6784133911132812,0.42035865783691406,0.635711669921875
1992,1992-03-11,1117,GI15,-32.250114,115.615826,SW,71,14.0,22.049997329711914,36.130001068115234,21.94999885559082,36.19000244140625,22.568,35.797,22.405,35.772999999999996,roms,22.050649642944336,36.8388671875,22.01807403564453,36.833763122558594,fv,0.5180026702880873,-0.33300106811523733,0.4550011444091808,-0.41700244140625387,0.000652313232421875,0.7088661193847656,0.06807518005371094,0.6437606811523438
1992,1992-03-11,1127,GI30,-32.25011,115.599989,SW,71,28.0,22.049997329711914,36.11000061035156,21.899999618530273,36.130001068115234,22.454,35.753,22.228,35.735,roms,22.133377075195312,36.81761169433594,22.085031509399414,36.81157684326172,fv,0.40400267028808656,-0.3570006103515624,0.3280003814697281,-0.39500106811523494,0.08337974548339844,0.707611083984375,0.18503189086914062,0.6815757751464844
1992,1992-03-11,1130,GI14,-32.228447,115.583331,W,71,32.0,22.02333641052246,36.15999984741211,21.940000534057617,36.19000244140625,22.454,35.753,22.228,35.735,roms,22.16669464111328,36.80517578125,22.116878509521484,36.800174713134766,fv,0.4306635894775397,-0.40699984741210926,0.28799946594238435,-0.45500244140625057,0.1433582305908203,0.6451759338378906,0.1768779754638672,0.6101722717285156
1992,1992-03-11,1150,GI35,-32.250111,115.558327,SW,71,34.0,21.94999885559082,36.04999923706055,21.75,36.10000228881836,22.3855,35.725,22.0392,35.690799999999996,roms,22.227956771850586,36.821475982666016,22.178794860839844,36.81691360473633,fv,0.4355011444091801,-0.32499923706054545,0.289200000000001,-0.4092022888183635,0.2779579162597656,0.7714767456054688,0.42879486083984375,0.7169113159179688
1992,1992-03-11,1207,GI40,-32.250112,115.53333,SW,71,18.0,22.049999237060547,36.040000915527344,21.850000381469727,36.11000061035156,22.3625,35.7115,22.1234,35.6786,roms,22.175500869750977,36.78348159790039,22.130281448364258,36.778018951416016,fv,0.31250076293945384,-0.32850091552734284,0.2733996185302736,-0.4314006103515595,0.1255016326904297,0.7434806823730469,0.28028106689453125,0.6680183410644531
1992,1992-03-11,1227,GI45,-32.250108,115.508322,SW,71,38.0,21.98333168029785,36.03000259399414,21.75,36.08000183105469,22.343,35.696,21.9006,35.6484,roms,22.18189239501953,36.77958297729492,22.137117385864258,36.77667236328125,fv,0.3596683197021484,-0.33400259399414267,0.15060000000000073,-0.4316018310546852,0.1985607147216797,0.7495803833007812,0.3871173858642578,0.6966705322265625
1992,1992-03-11,1245,GI50,-32.250108,115.483326,SW,71,40.0,22.899999618530273,36.08000183105469,21.649999618530273,36.04999923706055,22.335,35.679,21.882,35.629,roms,22.19580841064453,36.78028869628906,22.14703369140625,36.7748908996582,fv,-0.5649996185302726,-0.40100183105468545,0.232000381469728,-0.4209992370605491,-0.7041912078857422,0.700286865234375,0.49703407287597656,0.7248916625976562
1992,1992-03-11,1300,GI55,-32.250112,115.458329,SW,71,42.0,21.94999885559082,36.0333366394043,21.549999237060547,36.040000915527344,22.3335,35.668,21.8656,35.609,roms,22.183334350585938,36.76544189453125,22.13921356201172,36.759761810302734,fv,0.3835011444091805,-0.3653366394042976,0.3156007629394537,-0.431000915527342,0.2333354949951172,0.7321052551269531,0.5892143249511719,0.7197608947753906
1992,1992-03-11,1355,MN85,-32.291775,115.558326,SW,71,37.0,22.25,36.09000015258789,21.850000381469727,36.08000183105469,22.4005,35.744,22.087,35.713,roms,22.094192504882812,36.767494201660156,22.043292999267578,36.762081146240234,fv,0.15050000000000097,-0.34600015258789085,0.23699961853027318,-0.36700183105468653,-0.1558074951171875,0.6774940490722656,0.19329261779785156,0.6820793151855469
1992,1992-03-11,1415,MN88,-32.291782,115.59166,SW,71,34.0,22.350000381469727,36.116668701171875,21.899999618530273,36.14500045776367,22.4835,35.774,22.289,35.76,roms,22.085451126098633,36.78257751464844,22.027463912963867,36.778804779052734,fv,0.1334996185302728,-0.3426687011718741,0.38900038146972804,-0.38500045776367386,-0.26454925537109375,0.6659088134765625,0.12746429443359375,0.6338043212890625
1992,1992-03-11,1450,MN90,-32.333446,115.591663,SW,71,36.0,22.350000381469727,36.13999938964844,21.850000381469727,36.13999938964844,22.4915,35.792,22.323999999999998,35.78,roms,22.131933212280273,36.77796936035156,22.073097229003906,36.77257537841797,fv,0.14149961853027193,-0.3479993896484359,0.4739996185302715,-0.35999938964843636,-0.21806716918945312,0.637969970703125,0.2230968475341797,0.6325759887695312
1992,1992-03-11,1506,MN26,-32.333443,115.616662,SW,71,27.0,22.383333206176758,36.150001525878906,21.899999618530273,36.150001525878906,22.609,35.840500000000006,22.524,35.84,roms,22.204450607299805,36.83298873901367,22.11635971069336,36.821109771728516,fv,0.22566679382324395,-0.30950152587890045,0.6240003814697275,-0.31000152587890284,-0.17888259887695312,0.6829872131347656,0.21636009216308594,0.6711082458496094
1992,1992-03-12,0822,GI1,-32.133444,115.623326,NW,72,18.0,22.190000534057617,36.209999084472656,22.190000534057617,36.209999084472656,22.499000000000002,35.7765,22.421,35.772999999999996,roms,22.38372039794922,36.884246826171875,22.131437301635742,36.885074615478516,fv,0.30899946594238514,-0.4334990844726576,0.2309994659423822,-0.4369990844726601,0.19371986389160156,0.6742477416992188,-0.058563232421875,0.6750755310058594
1992,1992-03-12,0835,GI3,-32.133449,115.594989,NW,72,12.0,21.89000129699707,36.15999984741211,21.89000129699707,36.15999984741211,22.41,35.7345,22.279,35.724000000000004,roms,22.254470825195312,36.85605239868164,22.036979170514662,36.85034857447074,fv,0.5199987030029298,-0.42549984741211233,0.3889987030029296,-0.4359998474121056,0.3644695281982422,0.6960525512695312,0.14697787351759217,0.6903487270586339
1992,1992-03-12,0855,GI5,-32.133442,115.57666,NW,72,28.0,21.89000129699707,36.09666442871094,21.790000915527344,36.13999938964844,22.361,35.701,22.147,35.676,roms,22.330766677856445,36.825374603271484,22.1163799146562,36.820087628976225,fv,0.47099870300293034,-0.395664428710937,0.3569990844726547,-0.46399938964843557,0.440765380859375,0.7287101745605469,0.32637899912885615,0.6800882393277874
1992,1992-03-12,0905,GI6,-32.133447,115.53749,NW,72,33.0,21.790000915527344,36.076663970947266,21.290000915527344,36.1099967956543,22.346,35.6805,21.978,35.635,roms,22.360464096069336,36.80681610107422,22.15930938720703,36.79981994628906,fv,0.5559990844726563,-0.3961639709472635,0.6879990844726578,-0.47499679565429886,0.5704631805419922,0.7301521301269531,0.8693084716796875,0.6898231506347656
1992,1992-03-12,0921,Y29,-32.026776,115.615828,NW,72,10.719999313354492,21.894954681396484,36.02599334716797,21.84724235534668,36.02861785888672,22.552500000000002,35.7805,22.467,35.78,roms,22.21681022644043,36.65352249145508,22.025724411010742,36.82184600830078,fv,0.6575453186035176,-0.24549334716796523,0.6197576446533191,-0.2486178588867176,0.3218555450439453,0.6275291442871094,0.1784820556640625,0.7932281494140625
1992,1992-03-12,0925,GI7,-32.133448,115.49833,NW,72,36.0,21.790000915527344,36.05999755859375,21.190000534057617,36.05999755859375,22.3325,35.6665,21.9286,35.615,roms,22.35431671142578,36.78898620605469,22.163124084472656,36.779537200927734,fv,0.5424990844726558,-0.3934975585937508,0.7385994659423822,-0.444997558593748,0.5643157958984375,0.7289886474609375,0.9731235504150391,0.7195396423339844
1992,1992-03-12,0929,Y30,-32.035113,115.58333,NW,72,17.619998931884766,21.7961368560791,35.98420715332031,21.67947769165039,35.990928649902344,22.4425,35.736000000000004,22.353,35.730000000000004,roms,22.363126754760742,36.84872055053711,22.11752998639713,36.84466949517082,fv,0.6463631439208974,-0.2482071533203083,0.6735223083496109,-0.26092864990233977,0.5669898986816406,0.8645133972167969,0.4380522947467398,0.8537408452684758
1992,1992-03-12,0937,Y31,-32.04844,115.554158,NW,72,30.439998626708984,21.77387237548828,35.98701477050781,21.63730239868164,35.978904724121094,22.3705,35.699,22.248,35.688,roms,22.287446975708008,36.80389404296875,22.078407287597656,36.799739837646484,fv,0.5966276245117186,-0.28801477050781443,0.6106976013183605,-0.29090472412109136,0.5135746002197266,0.8168792724609375,0.4411048889160156,0.8208351135253906
1992,1992-03-12,0955,GI8,-32.133448,115.459987,NW,72,45.0,21.739999771118164,36.05999755859375,20.89000129699707,36.05999755859375,22.3445,35.650999999999996,21.913,35.578,roms,22.31614112854004,36.767147064208984,22.136947631835938,36.75922393798828,fv,0.604500228881836,-0.40899755859375375,1.02299870300293,-0.48199755859374704,0.576141357421875,0.7071495056152344,1.2469463348388672,0.6992263793945312
1992,1992-03-12,0956,Y33,-32.07178,115.501659,NW,72,35.70000076293945,21.69005012512207,35.965579986572266,21.06132698059082,35.9008674621582,22.3455,35.661500000000004,22.05,35.625,roms,22.342397689819336,36.796504974365234,22.14679146258485,36.78870236409136,fv,0.6554498748779309,-0.3040799865722619,0.9886730194091804,-0.2758674621582031,0.6523475646972656,0.8309249877929688,1.0854644819940305,0.8878349019331537
1992,1992-03-12,1010,Y37,-32.111777,115.506327,NW,72,32.55999755859375,21.830612182617188,35.99003601074219,21.17494010925293,35.91515350341797,22.3325,35.6665,22.002408044433594,35.621368005371096,roms,22.359827041625977,36.799381256103516,22.165806637680557,36.791925342414224,fv,0.5018878173828121,-0.3235360107421883,0.827467935180664,-0.2937854980468728,0.5292148590087891,0.8093452453613281,0.9908665284276275,0.8767718389962553
1992,1992-03-12,1025,GI15,-32.250114,115.615826,SW,72,14.0,22.100000381469727,36.13333511352539,22.049999237060547,36.14999771118164,22.5355,35.7975,22.363,35.778,roms,22.29967498779297,36.83041000366211,22.07696533203125,36.82541275024414,fv,0.4354996185302724,-0.3358351135253912,0.31300076293945267,-0.37199771118164193,0.1996746063232422,0.6970748901367188,0.026966094970703125,0.6754150390625
1992,1992-03-12,1032,Y39,-32.124274,115.568323,NW,72,33.39999771118164,22.006053924560547,36.02680969238281,21.79353904724121,36.011226654052734,22.361,35.701,22.147,35.676,roms,22.335580825805664,36.82011795043945,22.120548248291016,36.815216064453125,fv,0.3549460754394538,-0.325809692382812,0.3534609527587875,-0.33522665405273244,0.3295269012451172,0.7933082580566406,0.3270092010498047,0.8039894104003906
1992,1992-03-12,1035,GI30,-32.25011,115.599989,SW,72,28.0,22.086668014526367,36.130001068115234,22.0,36.130001068115234,22.441000000000003,35.7545,22.166,35.719,roms,22.30988121032715,36.80904769897461,22.086591720581055,36.80684280395508,fv,0.3543319854736353,-0.3755010681152342,0.16600000000000037,-0.4110010681152332,0.22321319580078125,0.679046630859375,0.08659172058105469,0.6768417358398438
1992,1992-03-12,1039,GI10,-32.150108,115.453324,W,72,40.0,21.590002059936523,36.05999755859375,20.790000915527344,36.06999969482422,22.3415,35.658,21.984,35.584,roms,22.317968368530273,36.7733268737793,22.14288300330813,36.763971991672015,fv,0.7514979400634765,-0.40199755859374875,1.193999084472658,-0.48599969482421557,0.72796630859375,0.7133293151855469,1.3528820877807846,0.6939722968477966
1992,1992-03-12,1040,Y40,-32.12928,115.591661,NW,72,20.85999870300293,22.11406898498535,36.064510345458984,22.00584602355957,36.0675048828125,22.41,35.7345,22.286,35.722,roms,22.26361846923828,36.854549407958984,22.0518798828125,36.85115051269531,fv,0.2959310150146486,-0.33001034545898733,0.28015397644043105,-0.3455048828124987,0.1495494842529297,0.7900390625,0.04603385925292969,0.7836456298828125
1992,1992-03-12,1052,Y41,-32.135113,115.618329,NW,72,20.479999542236328,22.255001068115234,36.15570831298828,22.01940155029297,36.094329833984375,22.499000000000002,35.7765,22.421,35.772999999999996,roms,22.382577896118164,36.89350128173828,22.11248210893973,36.88749267577077,fv,0.24399893188476796,-0.3792083129882826,0.4015984497070306,-0.32132983398437887,0.1275768280029297,0.73779296875,0.09308055864676135,0.7931628417863976
1992,1992-03-12,1055,GI35,-32.250111,115.558327,SW,72,34.0,21.933332443237305,36.06999969482422,21.75,36.06999969482422,22.387500000000003,35.730500000000006,21.986600000000003,35.6766,roms,22.25257682800293,36.76918411254883,22.056352615356445,36.76236343383789,fv,0.45416755676269815,-0.3394996948242124,0.2366000000000028,-0.3933996948242182,0.319244384765625,0.6991844177246094,0.3063526153564453,0.6923637390136719
1992,1992-03-12,1100,GI11,-32.169281,115.485823,W,72,37.0,21.790000915527344,36.05999755859375,21.240001678466797,36.05999755859375,22.333,35.664,21.9866,35.6032,roms,22.359214782714844,36.79873275756836,22.178585052490234,36.792476654052734,fv,0.5429990844726547,-0.3959975585937485,0.7465983215332024,-0.45679755859374893,0.5692138671875,0.7387351989746094,0.9385833740234375,0.7324790954589844
1992,1992-03-12,1115,GI40,-32.250112,115.53333,SW,72,36.0,22.029998779296875,36.06999969482422,21.850000381469727,36.099998474121094,22.3645,35.7175,21.934,35.6556,roms,22.23656463623047,36.75750732421875,22.049467086791992,36.752933502197266,fv,0.3345012207031246,-0.3524996948242176,0.08399961853027449,-0.444398474121094,0.20656585693359375,0.6875076293945312,0.19946670532226562,0.6529350280761719
1992,1992-03-12,1120,GI12,-32.188446,115.518324,W,72,35.0,21.840002059936523,36.05999755859375,21.739999771118164,36.15999984741211,22.341,35.6875,21.968,35.627,roms,22.31264305114746,36.798057556152344,22.129600524902344,36.79507064819336,fv,0.5009979400634776,-0.37249755859375,0.2280002288818359,-0.5329998474121069,0.4726409912109375,0.7380599975585938,0.3896007537841797,0.63507080078125
1992,1992-03-12,1130,GI45,-32.250108,115.508322,SW,72,38.0,22.029998779296875,36.0966682434082,21.799999237060547,36.09000015258789,22.3515,35.7035,21.8936,35.6306,roms,22.232894897460938,36.754886627197266,22.04967498779297,36.751434326171875,fv,0.3215012207031265,-0.3931682434082049,0.09360076293945241,-0.45940015258788947,0.2028961181640625,0.6582183837890625,0.24967575073242188,0.6614341735839844
1992,1992-03-12,1135,GI13,-32.208442,115.551664,W,72,31.0,21.89000129699707,36.05999755859375,21.739999771118164,36.15999984741211,22.3685,35.714,21.9876,35.6648,roms,22.27324676513672,36.78156661987305,22.06746482849121,36.778717041015625,fv,0.4784987030029306,-0.34599755859375136,0.24760022888183641,-0.49519984741210976,0.38324546813964844,0.7215690612792969,0.3274650573730469,0.6187171936035156
1992,1992-03-12,1145,GI50,-32.250108,115.483326,SW,72,40.0,21.899999618530273,36.05999755859375,21.649999618530273,36.05999755859375,22.3405,35.689,21.881,35.611000000000004,roms,22.24713134765625,36.757591247558594,22.07114028930664,36.75254821777344,fv,0.44050038146972526,-0.37099755859374994,0.2310003814697268,-0.4489975585937458,0.34713172912597656,0.6975936889648438,0.4211406707763672,0.6925506591796875
1992,1992-03-12,1200,GI55,-32.250112,115.458329,SW,72,42.0,21.75,36.05999755859375,21.600000381469727,36.05999755859375,22.3405,35.679500000000004,21.872999999999998,35.596000000000004,roms,22.224348068237305,36.741416931152344,22.053483963012695,36.741058349609375,fv,0.5904999999999987,-0.38049755859374557,0.272999618530271,-0.46399755859374636,0.4743480682373047,0.6814193725585938,0.45348358154296875,0.681060791015625
1992,1992-03-12,1215,GI15,-32.250114,115.615826,SW,72,14.0,21.89000129699707,36.12999725341797,21.89000129699707,36.12999725341797,22.5355,35.7975,22.363,35.778,roms,22.29967498779297,36.83041000366211,22.07696533203125,36.82541275024414,fv,0.6454987030029287,-0.3324972534179693,0.47299870300292923,-0.35199725341797006,0.40967369079589844,0.7004127502441406,0.1869640350341797,0.6954154968261719
1992,1992-03-12,1250,MN85,-32.291775,115.558326,SW,72,37.0,22.0,36.12666702270508,21.75,36.130001068115234,22.4035,35.747,22.028,35.694,roms,22.306480407714844,36.76725769042969,22.103687286376953,36.76104736328125,fv,0.4035000000000011,-0.37966702270507824,0.2779999999999987,-0.43600106811523176,0.30648040771484375,0.6405906677246094,0.3536872863769531,0.6310462951660156
1992,1992-03-12,1310,MN88,-32.291782,115.59166,SW,72,34.0,22.049997329711914,36.099998474121094,21.75,36.11000061035156,22.469,35.768,22.219,35.735,roms,22.272130966186523,36.78489303588867,22.07438850402832,36.77851867675781,fv,0.41900267028808713,-0.33199847412109307,0.4690000000000012,-0.37500061035156307,0.22213363647460938,0.6848945617675781,0.3243885040283203,0.66851806640625
1992,1992-03-12,1323,Y31,-32.04844,115.554158,NW,72,34.34000015258789,21.968542098999023,36.11146545410156,21.634653091430664,36.086002349853516,22.3705,35.699,22.248,35.688,roms,22.287446975708008,36.80389404296875,22.078407287597656,36.799739837646484,fv,0.4019579010009764,-0.41246545410156443,0.613346908569337,-0.39800234985351324,0.3189048767089844,0.6924285888671875,0.4437541961669922,0.7137374877929688
1992,1992-03-12,1330,MN90,-32.333446,115.591663,SW,72,36.0,22.0,36.09000015258789,21.670000076293945,36.09000015258789,22.475,35.781,22.259,35.752,roms,22.415285110473633,36.782997131347656,22.174266815185547,36.77690887451172,fv,0.4750000000000014,-0.3090001525878918,0.588999923706055,-0.3380001525878882,0.4152851104736328,0.6929969787597656,0.5042667388916016,0.6869087219238281
1992,1992-03-12,1400,MN26,-32.333443,115.616662,SW,72,27.0,22.149999618530273,36.14999771118164,21.93000030517578,36.14999771118164,22.566000000000003,35.8175,22.472,35.822,roms,22.287080764770508,36.79057312011719,22.042888641357422,36.78739547729492,fv,0.41600038146972906,-0.33249771118163807,0.5419996948242201,-0.3279977111816379,0.13708114624023438,0.6405754089355469,0.11288833618164062,0.6373977661132812
1992,1992-03-13,0815,MN26,-32.333443,115.616662,SW,73,27.0,22.295000076293945,36.34000015258789,22.295000076293945,36.349998474121094,22.497999999999998,35.8265,22.422,35.817,roms,22.066436767578125,36.847991943359375,22.024267196655273,36.84600830078125,fv,0.20299992370605224,-0.5135001525878877,0.12699992370605528,-0.5329984741210936,-0.2285633087158203,0.5079917907714844,-0.2707328796386719,0.49600982666015625
1992,1992-03-13,0830,MN90,-32.333446,115.591663,SW,73,36.0,21.9950008392334,36.20000076293945,21.96500015258789,36.20000076293945,22.412,35.79,22.222,35.738,roms,22.188629150390625,36.78885269165039,22.16887092590332,36.787899017333984,fv,0.4169991607666006,-0.410000762939454,0.2569998474121107,-0.4620007629394536,0.19362831115722656,0.5888519287109375,0.2038707733154297,0.5878982543945312
1992,1992-03-13,0900,MN85,-32.291775,115.558326,SW,73,37.0,21.595001220703125,36.08000183105469,21.595001220703125,36.09000015258789,22.3485,35.751,22.005,35.691,roms,22.297277450561523,36.837276458740234,22.26790428161621,36.8335075378418,fv,0.7534987792968764,-0.32900183105468983,0.409998779296874,-0.3990001525878881,0.7022762298583984,0.7572746276855469,0.6729030609130859,0.7435073852539062
1992,1992-03-13,0920,MN88,-32.291782,115.59166,SW,73,34.0,21.69499969482422,36.11000061035156,21.69499969482422,36.119998931884766,22.417,35.778999999999996,22.197,35.728,roms,22.268936157226562,36.8481330871582,22.18639373779297,36.844295501708984,fv,0.7220003051757828,-0.33100061035156614,0.5020003051757804,-0.3919989318847641,0.5739364624023438,0.7381324768066406,0.49139404296875,0.7242965698242188
1992,1992-03-13,0940,GI15,-32.250114,115.615826,SW,73,14.0,21.89000129699707,36.15999984741211,21.89000129699707,36.19000244140625,22.488,35.803,22.366,35.781,roms,21.93037223815918,36.86253356933594,21.90831756591797,36.85782241821289,fv,0.5979987030029292,-0.3569998474121121,0.47599870300292935,-0.4090024414062512,0.040370941162109375,0.7025337219238281,0.018316268920898438,0.6678199768066406
1992,1992-03-13,0950,GI14,-32.228447,115.583331,W,73,32.0,21.790000915527344,36.11000061035156,21.690000534057617,36.1400032043457,22.402,35.7665,22.144,35.715,roms,22.126541137695312,36.81362533569336,22.103839874267578,36.80963134765625,fv,0.6119990844726573,-0.3435006103515619,0.45399946594238116,-0.4250032043456997,0.33654022216796875,0.7036247253417969,0.41383934020996094,0.6696281433105469
1992,1992-03-13,1010,GI13,-32.208442,115.551664,W,73,31.0,21.790000915527344,36.1400032043457,21.739999771118164,36.1400032043457,22.332,35.727000000000004,22.003600000000002,35.668,roms,22.253145217895508,36.82608413696289,22.23212242126465,36.82218551635742,fv,0.541999084472657,-0.41300320434569926,0.2636002288818382,-0.47200320434570386,0.46314430236816406,0.6860809326171875,0.4921226501464844,0.6821823120117188
1992,1992-03-13,1020,GI11,-32.169281,115.485823,W,73,37.0,21.690000534057617,36.13999938964844,21.14000129699707,36.13999938964844,22.3155,35.672,22.0064,35.6002,roms,22.1476993560791,36.766082763671875,22.100627899169922,36.76171112060547,fv,0.6254994659423829,-0.46799938964844046,0.866398703002929,-0.5397993896484365,0.4576988220214844,0.6260833740234375,0.9606266021728516,0.6217117309570312
1992,1992-03-13,1039,Y6,-31.947273,115.726659,N,73,12.399999618530273,22.946243286132812,36.379634857177734,22.85200309753418,36.39210891723633,22.7945,35.945,22.740000000000002,35.95,roms,22.100236892700195,36.41200637817383,22.095777584799002,36.41299057500255,fv,-0.15174328613281318,-0.4346348571777341,-0.1120030975341777,-0.4421089172363253,-0.8460063934326172,0.03237152099609375,-0.7562255127351776,0.020881657766224748
1992,1992-03-13,1047,Y7,-31.939614,115.747489,N,73,12.15999984741211,23.05065155029297,36.371707916259766,22.9050350189209,36.37491989135742,22.7945,35.945,22.740000000000002,35.95,roms,22.11901092529297,36.3122673034668,22.123132705688477,36.314979553222656,fv,-0.25615155029296943,-0.42670791625976534,-0.16503501892089645,-0.42491989135741903,-0.931640625,-0.05944061279296875,-0.7819023132324219,-0.059940338134765625
1992,1992-03-13,1059,Y8,-31.920447,115.727822,N,73,15.339999198913574,22.966835021972656,36.39235305786133,22.76413345336914,36.38910675048828,22.817999999999998,35.9305,22.761,35.932,roms,22.15920066833496,36.40883255004883,22.158910751342773,36.406768798828125,fv,-0.1488350219726584,-0.461853057861326,-0.0031334533691413924,-0.4571067504882791,-0.8076343536376953,0.0164794921875,-0.6052227020263672,0.01766204833984375
1992,1992-03-13,1112,Y10,-31.877941,115.743324,N,73,14.119999885559082,22.91702651977539,36.20170211791992,22.753013610839844,36.23163986206055,22.844,35.9215,22.797,35.926,roms,21.959238052368164,36.238948822021484,21.96683692932129,36.238094329833984,fv,-0.07302651977538943,-0.2802021179199201,0.04398638916015685,-0.30563986206054494,-0.9577884674072266,0.0372467041015625,-0.7861766815185547,0.0064544677734375
1992,1992-03-13,1115,GI15,-32.250114,115.615826,SW,73,14.0,21.94499969482422,36.14666748046875,21.895000457763672,36.13999938964844,22.488,35.803,22.366,35.781,roms,21.93037223815918,36.86253356933594,21.90831756591797,36.85782241821289,fv,0.5430003051757808,-0.34366748046875273,0.4709995422363278,-0.3589993896484387,-0.014627456665039062,0.7158660888671875,0.013317108154296875,0.7178230285644531
1992,1992-03-13,1117,Y11,-31.877275,115.731662,N,73,12.59999942779541,22.951614379882812,36.24878692626953,22.747802734375,36.269832611083984,22.844,35.9215,22.797,35.926,roms,22.1507625579834,36.348976135253906,22.154125213623047,36.355055279167956,fv,-0.1076143798828113,-0.3272869262695295,0.0491972656250006,-0.34383261108398244,-0.8008518218994141,0.100189208984375,-0.5936775207519531,0.08522266808397205
1992,1992-03-13,1120,GI9,-32.133442,115.419991,NW,73,46.0,21.290000915527344,36.040000915527344,20.34000015258789,36.040000915527344,22.346,35.646,21.989,35.5676,roms,22.043371200561523,36.754093170166016,22.022552490234375,36.75092315673828,fv,1.0559990844726563,-0.39400091552734295,1.6489998474121101,-0.472400915527345,0.7533702850341797,0.7140922546386719,1.6825523376464844,0.7109222412109375
1992,1992-03-13,1125,GI30,-32.25011,115.599989,SW,73,17.65999984741211,22.907657623291016,36.348114013671875,22.77435302734375,36.358177185058594,22.402,35.7665,22.225868001556396,35.73080800018311,roms,22.014101028442383,36.82465744018555,21.982717590370157,36.82020217896206,fv,-0.5056576232910146,-0.5816140136718744,-0.5484850257873539,-0.6273691848754837,-0.8935565948486328,0.4765434265136719,-0.7916354369735927,0.4620249939034693
1992,1992-03-13,1132,Y14,-31.877273,115.679162,N,73,22.5,22.940950393676758,36.373844146728516,21.91695785522461,36.17625427246094,22.6825,35.7615,22.572,35.744,roms,22.16160011291504,36.578006744384766,22.161680221557617,36.57587814331055,fv,-0.2584503936767568,-0.6123441467285176,0.6550421447753898,-0.4322542724609377,-0.7793502807617188,0.20416259765625,0.2447223663330078,0.3996238708496094
1992,1992-03-13,1141,Y15,-31.876778,115.646662,N,73,25.139999389648438,22.535852432250977,36.29515075683594,20.119892120361328,35.8240966796875,22.601,35.716,22.426000000000002,35.695,roms,22.142980575561523,36.6742057800293,22.141834813601516,36.67246816123656,fv,0.06514756774902253,-0.5791507568359364,2.306107879638674,-0.12909667968749972,-0.3928718566894531,0.3790550231933594,2.021942693240188,0.8483714815490586
1992,1992-03-13,1145,GI35,-32.250111,115.558327,SW,73,34.0,21.76500129699707,36.07666778564453,21.69499969482422,36.09000015258789,22.3395,35.7415,21.9838,35.678200000000004,roms,22.153844833374023,36.8356819152832,22.135042190551758,36.83183670043945,fv,0.5744987030029307,-0.3351677856445292,0.2888003051757799,-0.4118001525878867,0.3888435363769531,0.7590141296386719,0.44004249572753906,0.7418365478515625
1992,1992-03-13,1149,Y16,-31.876274,115.614162,N,73,27.5,22.263248443603516,36.22108840942383,19.860761642456055,35.800846099853516,22.5305,35.6965,22.135,35.656,roms,22.149917602539062,36.679317474365234,22.141896280994985,36.67641508972468,fv,0.26725155639648435,-0.5245884094238278,2.274238357543947,-0.14484609985351682,-0.11333084106445312,0.45822906494140625,2.28113463853893,0.8755689898711623
1992,1992-03-13,1200,GI40,-32.250112,115.53333,SW,73,36.0,21.64499855041504,36.02000045776367,21.4950008392334,36.02000045776367,22.323999999999998,35.7235,21.932,35.6558,roms,22.27762794494629,36.81632614135742,22.252155303955078,36.8116340637207,fv,0.679001449584959,-0.2965004577636705,0.43699916076660017,-0.3642004577636726,0.63262939453125,0.79632568359375,0.7571544647216797,0.7916336059570312
1992,1992-03-13,1201,Y17,-31.87594,115.584662,N,73,30.69999885559082,21.894105911254883,36.03715133666992,19.471179962158203,35.79970169067383,22.47,35.6855,22.004,35.644,roms,22.11212730407715,36.630611419677734,22.10087776184082,36.62504959106445,fv,0.575894088745116,-0.3516513366699243,2.532820037841798,-0.15570169067382977,0.21802139282226562,0.5934600830078125,2.629697799682617,0.825347900390625
1992,1992-03-13,1205,GI7,-32.133448,115.49833,NW,73,36.0,21.739999771118164,36.09000015258789,21.540000915527344,36.09000015258789,22.309,35.677,21.9238,35.6086,roms,22.082321166992188,36.771114349365234,22.042341232299805,36.76769256591797,fv,0.569000228881837,-0.413000152587891,0.3837990844726562,-0.48140015258788793,0.34232139587402344,0.6811141967773438,0.5023403167724609,0.6776924133300781
1992,1992-03-13,1215,GI45,-32.250108,115.508322,SW,73,38.0,21.65166664123535,36.060001373291016,21.545000076293945,36.060001373291016,22.318,35.709500000000006,21.900000000000002,35.6292,roms,22.274072647094727,36.80471420288086,22.24667739868164,36.79939651489258,fv,0.6663333587646498,-0.35050137329101005,0.3549999237060568,-0.4308013732910183,0.622406005859375,0.7447128295898438,0.7016773223876953,0.7393951416015625
1992,1992-03-13,1220,GI6,-32.133447,115.53749,NW,73,33.0,21.790000915527344,36.060001373291016,21.790000915527344,36.09000015258789,22.319,35.691,21.981,35.64,roms,22.126449584960938,36.783199310302734,22.07978630065918,36.7774658203125,fv,0.5289990844726553,-0.3690013732910131,0.1909990844726579,-0.45000015258789006,0.33644866943359375,0.7231979370117188,0.28978538513183594,0.6874656677246094
1992,1992-03-13,1230,GI50,-32.250108,115.483326,SW,73,40.0,21.625,36.029998779296875,21.4950008392334,36.029998779296875,22.3165,35.695,21.879,35.608000000000004,roms,22.234922409057617,36.780982971191406,22.202959060668945,36.77436828613281,fv,0.6915000000000013,-0.3349987792968747,0.3839991607666029,-0.4219987792968709,0.6099224090576172,0.7509841918945312,0.7079582214355469,0.7443695068359375
1992,1992-03-13,1240,GI5,-32.133442,115.57666,NW,73,28.0,21.89000129699707,36.09000015258789,21.840002059936523,36.09000015258789,22.3345,35.717,22.151,35.684,roms,22.059038162231445,36.80217361450195,22.022801619946225,36.79892911377625,fv,0.44449870300292815,-0.3730001525878919,0.31099794006347636,-0.4060001525878931,0.169036865234375,0.7121734619140625,0.18279956000970188,0.7089289611883629
1992,1992-03-13,1250,GI4,-32.133446,115.58583,NW,73,18.0,22.040000915527344,36.040000915527344,21.84000015258789,36.09000015258789,22.3845,35.748000000000005,22.285,35.726,roms,22.043142318725586,36.80558776855469,22.012039184570312,36.80323791503906,fv,0.3444990844726554,-0.2920009155273391,0.4449998474121095,-0.36400015258789153,0.0031414031982421875,0.7655868530273438,0.17203903198242188,0.7132377624511719
1992,1992-03-13,1310,GI1,-32.133444,115.623326,NW,73,18.0,22.090002059936523,36.073333740234375,21.989999771118164,36.09000015258789,22.465,35.789,22.415,35.782,roms,22.06013298034668,36.85245132446289,22.015886306762695,36.84480285644531,fv,0.3749979400634764,-0.2843337402343735,0.4250002288818351,-0.30800015258789415,-0.02986907958984375,0.7791175842285156,0.02588653564453125,0.7548027038574219
1992,1992-03-13,1336,Y29,-32.026776,115.615828,NW,73,15.239999771118164,22.156713485717773,36.0687255859375,22.125638961791992,36.07863998413086,22.473,35.778,22.422,35.775999999999996,roms,22.01484489440918,36.84211349487305,22.005409240722656,36.84071350097656,fv,0.31628651428222554,-0.2907255859375013,0.2963610382080084,-0.3026399841308631,-0.14186859130859375,0.7733879089355469,-0.12022972106933594,0.7620735168457031
1992,1992-03-13,1354,V6,-31.859276,115.350175,N,73,31.799999237060547,20.936668395996094,35.966583251953125,20.637500762939453,35.945953369140625,22.429499999999997,35.7425,22.030120012664796,35.651120001220704,roms,,,,,fv,1.4928316040039036,-0.22408325195312528,1.3926192497253425,-0.2948333679199209,,,,
1992,1992-03-13,1357,Y31,-32.04844,115.554158,NW,73,40.02000045776367,21.88176155090332,36.01411056518555,21.699426651000977,35.99968719482422,22.343,35.710499999999996,22.246,35.698,roms,22.101015090942383,36.82204818725586,22.074352264404297,36.818641662597656,fv,0.46123844909667966,-0.30361056518555074,0.5465733489990221,-0.30168719482421835,0.2192535400390625,0.8079376220703125,0.3749256134033203,0.8189544677734375
1992,1992-03-13,1418,V5,-31.859494,115.429354,N,73,47.099998474121094,20.71500015258789,35.97607421875,19.31399917602539,35.93016815185547,22.37,36.1505,21.651,36.039,roms,22.096908569335938,36.77504348754883,22.083742141723633,36.77168273925781,fv,1.6549998474121104,0.17442578125000097,2.337000823974609,0.10883184814453273,1.3819084167480469,0.7989692687988281,2.769742965698242,0.8415145874023438
1992,1992-03-13,1440,V4,-31.859125,115.508111,N,73,40.70000076293945,21.610000610351562,36.04191970825195,19.161666870117188,35.91827392578125,22.356,35.6625,21.585,35.559,roms,22.028579711914062,36.61460494995117,22.018840789794922,36.6285285949707,fv,0.7459993896484391,-0.3794197082519517,2.4233331298828134,-0.3592739257812525,0.4185791015625,0.5726852416992188,2.8571739196777344,0.7102546691894531
1992,1992-03-13,1501,V3,-31.859462,115.58818,N,73,21.700000762939453,22.002857208251953,36.15746307373047,21.113332748413086,36.02000045776367,22.47,35.6855,22.10959997558594,35.65257999801636,roms,22.105253219604492,36.6024055480957,22.095171737499186,36.596172332705464,fv,0.46714279174804574,-0.4719630737304712,0.9962672271728543,-0.36742045974731496,0.10239601135253906,0.4449424743652344,0.9818389890860999,0.5761718749417923
1992,1992-03-13,1522,V2,-31.859356,115.666956,N,73,26.0,23.116668701171875,36.424739837646484,20.573333740234375,35.962913513183594,22.601,35.716,22.426000000000002,35.695,roms,22.146841049194336,36.560001373291016,22.179269790649414,36.592445373535156,fv,-0.5156687011718759,-0.7087398376464833,1.852666259765627,-0.26791351318359347,-0.9698276519775391,0.13526153564453125,1.605936050415039,0.6295318603515625
1992,1992-03-13,1530,V1A,-31.858947,115.685692,N,73,22.0,23.177501678466797,36.39250183105469,21.942501068115234,36.261104583740234,22.6825,35.7615,22.572,35.744,roms,22.11522102355957,36.4908332824707,22.115697860717773,36.48727035522461,fv,-0.4950016784667959,-0.6310018310546894,0.6294989318847648,-0.5171045837402346,-1.0622806549072266,0.09833145141601562,0.17319679260253906,0.226165771484375
1992,1992-03-13,1542,V1,-31.859426,115.730226,N,73,11.100000381469727,23.174997329711914,36.304664611816406,22.809999465942383,36.298221588134766,22.844,35.9215,22.797,35.926,roms,22.114816665649414,36.33427047729492,22.117366475600154,36.33761150494734,fv,-0.33099732971191287,-0.3831646118164045,-0.012999465942382216,-0.3722215881347637,-1.0601806640625,0.029605865478515625,-0.6926329903422292,0.0393899168125742
1992,1992-03-20,1129,Y29,-32.026776,115.615828,NW,80,11.08985710144043,20.910676956176758,35.82148742675781,20.901058197021484,35.82341003417969,22.384,35.7595,22.32,35.755,roms,21.855966567993164,36.512481689453125,21.80914306640625,36.510929107666016,fv,1.4733230438232425,-0.06198742675780977,1.418941802978516,-0.06841003417968494,0.9452896118164062,0.6909942626953125,0.9080848693847656,0.6875190734863281
1992,1992-03-20,1138,Y30,-32.035113,115.58333,NW,80,19.405109405517578,20.92261505126953,35.84965133666992,20.86138916015625,35.84993362426758,22.35,35.733000000000004,22.275,35.723,roms,22.046844482421875,36.45139694213867,21.879325304105066,36.573657337458364,fv,1.4273849487304702,-0.11665133666991778,1.4136108398437486,-0.12693362426757915,1.1242294311523438,0.60174560546875,1.0179361439488162,0.7237237131907861
1992,1992-03-20,1149,Y31,-32.04844,115.554158,NW,80,28.229705810546875,21.444927215576172,35.84255599975586,20.74289321899414,35.836021423339844,22.323,35.7145,22.218,35.703,roms,22.154157638549805,36.27092361450195,21.920185089111328,36.60521697998047,fv,0.8780727844238285,-0.12805599975585835,1.4751067810058593,-0.1330214233398408,0.7092304229736328,0.42836761474609375,1.1772918701171875,0.769195556640625
1992,1992-03-20,1202,Y32,-32.059279,115.527994,NW,80,27.6998348236084,21.315908432006836,35.88791275024414,20.70595932006836,35.96665954589844,22.302999999999997,35.707499999999996,22.155,35.68,roms,22.135271072387695,36.24026107788086,21.80538359157425,36.7257379040074,fv,0.9870915679931613,-0.1804127502441446,1.4490406799316418,-0.2866595458984378,0.8193626403808594,0.35234832763671875,1.0994242715058924,0.7590783581089653
1992,1992-03-23,0825,GI2,-32.133442,115.606661,NW,83,8.0,20.790000915527344,36.03999710083008,20.790000915527344,36.03999710083008,22.198,35.7445,22.17,35.731,roms,22.155813217163086,36.413909912109375,21.91690158843994,36.412607192993164,fv,1.4079990844726566,-0.29549710083007596,1.379999084472658,-0.3089971008300765,1.3658123016357422,0.3739128112792969,1.1269006729125977,0.37261009216308594
1992,1992-03-23,0830,GI3,-32.133449,115.594989,NW,83,12.0,20.990001678466797,35.98999786376953,20.89000129699707,36.04999923706055,22.198,35.7445,22.142,35.729,roms,22.17669105529785,36.38697814941406,21.979374786912356,36.441660076628054,fv,1.2079983215332035,-0.2454978637695291,1.2519987030029291,-0.32099923706054767,1.1866893768310547,0.39698028564453125,1.0893734899152854,0.39166083956750697
1992,1992-03-23,0840,GI4,-32.133446,115.58583,NW,83,18.0,20.990001678466797,36.04999923706055,20.940000534057617,36.04666519165039,22.198,35.7445,22.14,35.726,roms,22.18768882751465,36.35084915161133,21.96274757385254,36.51588249206543,fv,1.2079983215332035,-0.3054992370605447,1.1999994659423834,-0.32066519165039153,1.1976871490478516,0.30084991455078125,1.0227470397949219,0.46921730041503906
1992,1992-03-23,0930,GI8,-32.133448,115.459987,NW,83,45.0,21.290000915527344,35.96999740600586,20.656667709350586,36.04999923706055,22.233,35.668,22.058,35.614000000000004,roms,22.120393753051758,36.517154693603516,21.826757431030273,36.81313705444336,fv,0.9429990844726568,-0.3019974060058601,1.401332290649414,-0.43599923706054255,0.8303928375244141,0.5471572875976562,1.1700897216796875,0.7631378173828125
1992,1992-03-23,0936,Y6,-31.947273,115.726659,N,83,13.920000076293945,21.551807403564453,36.03854751586914,21.49577522277832,36.03581619262695,22.321,35.942499999999995,22.29,35.942,roms,22.399499893188477,36.47027587890625,22.119163513183594,36.47611999511719,fv,0.7691925964355484,-0.09604751586914517,0.7942247772216788,-0.09381619262695295,0.8476924896240234,0.4317283630371094,0.6233882904052734,0.4403038024902344
1992,1992-03-23,0943,Y7,-31.939614,115.747489,N,83,11.399999618530273,22.03390884399414,36.1745719909668,21.998010635375977,36.17018127441406,22.321,35.942499999999995,22.29,35.942,roms,22.379568099975586,36.54170608520508,22.062950134277344,36.54534149169922,fv,0.2870911560058609,-0.23207199096680142,0.2919893646240226,-0.22818127441406233,0.3456592559814453,0.36713409423828125,0.06493949890136719,0.37516021728515625
1992,1992-03-23,0946,OA45,-32.077944,115.616997,NW,83,20.543903350830078,21.00602149963379,35.831581115722656,20.949390411376953,35.83464431762695,22.2115,35.775,22.188,35.765,roms,22.09938621520996,36.4651985168457,21.819807052612305,36.46145248413086,fv,1.2054785003662118,-0.05658111572265767,1.2386095886230457,-0.06964431762695256,1.0933647155761719,0.6336174011230469,0.8704166412353516,0.6268081665039062
1992,1992-03-23,0950,GI9,-32.133442,115.419991,NW,83,46.0,21.623334884643555,35.93000030517578,21.073333740234375,36.04999923706055,22.252,35.662,22.0976,35.5916,roms,22.129148483276367,36.49043655395508,21.817848205566406,36.80586624145508,fv,0.6286651153564442,-0.2680003051757822,1.024266259765625,-0.4583992370605472,0.5058135986328125,0.5604362487792969,0.7445144653320312,0.7558670043945312
1992,1992-03-23,1006,OA50,-32.099116,115.616996,NW,83,18.782251358032227,21.049848556518555,35.83842849731445,20.970273971557617,35.839317321777344,22.2115,35.775,22.188,35.765,roms,22.128206253051758,36.44873046875,21.841533660888672,36.44762420654297,fv,1.1616514434814462,-0.06342849731445455,1.2177260284423816,-0.07431732177734318,1.0783576965332031,0.6103019714355469,0.8712596893310547,0.608306884765625
1992,1992-03-23,1010,GI10,-32.150108,115.453324,W,83,39.0476188659668,21.39000129699707,35.94999694824219,20.956666946411133,36.04999923706055,22.2265,35.676500000000004,22.083619048309323,35.6138095237732,roms,22.092939376831055,36.5597038269043,21.800032648593096,36.81622716674177,fv,0.8364987030029312,-0.2734969482421832,1.1269521018981905,-0.436189713287348,0.7029380798339844,0.6097068786621094,0.8433657021819627,0.7662279296812216
1992,1992-03-23,1026,GI11,-32.169281,115.485823,W,83,37.0,21.4233341217041,35.95000076293945,20.790000915527344,36.04999923706055,22.214,35.686499999999995,22.0558,35.6348,roms,22.087385177612305,36.50022506713867,21.765092849731445,36.81377410888672,fv,0.7906658782958971,-0.2635007629394579,1.2657990844726577,-0.4151992370605484,0.6640510559082031,0.5502243041992188,0.9750919342041016,0.7637748718261719
1992,1992-03-23,1043,GI12,-32.188446,115.518324,W,83,35.0,21.290000915527344,35.94999694824219,20.72333526611328,36.03999710083008,22.195999999999998,35.716499999999996,22.019,35.661,roms,22.111635208129883,36.397769927978516,21.80813217163086,36.78316116333008,fv,0.9059990844726542,-0.23349694824219114,1.295664733886717,-0.37899710083007676,0.8216342926025391,0.4477729797363281,1.0847969055175781,0.7431640625
1992,1992-03-23,1140,GI15,-32.250114,115.615826,SW,83,14.0,20.790000915527344,35.89999771118164,20.790000915527344,35.89999771118164,22.2695,35.821,22.214,35.802,roms,22.07405662536621,36.61349105834961,21.784713745117188,36.61650848388672,fv,1.479499084472657,-0.07899771118164267,1.4239990844726549,-0.09799771118164102,1.2840557098388672,0.7134933471679688,0.9947128295898438,0.7165107727050781
1992,1992-03-23,1200,GI15,-32.250114,115.615826,SW,83,14.0,21.69499969482422,35.900001525878906,20.795000076293945,35.880001068115234,22.2695,35.821,22.214,35.802,roms,22.07405662536621,36.61349105834961,21.784713745117188,36.61650848388672,fv,0.574500305175782,-0.0790015258789083,1.4189999237060533,-0.07800106811523477,0.3790569305419922,0.7134895324707031,0.9897136688232422,0.7365074157714844
1992,1992-03-23,1210,GI30,-32.25011,115.599989,SW,83,28.0,21.311668395996094,35.900001525878906,20.645000457763672,35.900001525878906,22.2255,35.7855,22.128,35.769,roms,22.1385498046875,36.52662658691406,21.90123176574707,36.61156463623047,fv,0.9138316040039065,-0.11450152587890727,1.4829995422363282,-0.1310015258789079,0.8268814086914062,0.6266250610351562,1.2562313079833984,0.7115631103515625
1992,1992-03-23,1230,GI35,-32.250111,115.558327,SW,83,34.0,21.720001220703125,36.02000045776367,20.7450008392334,36.01000213623047,22.186999999999998,35.7595,22.0466,35.7282,roms,22.125703811645508,36.500614166259766,21.78486442565918,36.78795623779297,fv,0.4669987792968726,-0.26050045776366915,1.301599160766603,-0.2818021362304677,0.4057025909423828,0.48061370849609375,1.0398635864257812,0.7779541015625
1992,1992-03-23,1245,GI40,-32.250112,115.53333,SW,83,36.0,21.4950008392334,35.93000030517578,20.795000076293945,35.99666976928711,22.186999999999998,35.747,22.003800000000002,35.705200000000005,roms,22.087228775024414,36.55604553222656,21.734004974365234,36.80367660522461,fv,0.6919991607665992,-0.18300030517578136,1.2087999237060565,-0.29146976928710444,0.5922279357910156,0.6260452270507812,0.9390048980712891,0.8070068359375
1992,1992-03-23,1300,GI45,-32.250108,115.508322,SW,83,38.0,21.795000076293945,35.93000030517578,20.7450008392334,35.94000244140625,22.189500000000002,35.729,21.9876,35.6728,roms,22.08247947692871,36.60232162475586,21.72383689880371,36.806060791015625,fv,0.39449992370605713,-0.20100030517578205,1.242599160766602,-0.2672024414062477,0.2874794006347656,0.6723213195800781,0.9788360595703125,0.866058349609375
1992,1992-03-23,1315,GI50,-32.250108,115.483326,SW,83,40.0,21.711668014526367,35.956668853759766,20.895000457763672,35.9900016784668,22.198999999999998,35.709,21.997,35.647999999999996,roms,22.089401245117188,36.668609619140625,21.7334041595459,36.817726135253906,fv,0.4873319854736309,-0.24766885375976244,1.101999542236328,-0.34200167846680074,0.3777332305908203,0.7119407653808594,0.8384037017822266,0.8277244567871094
1992,1992-03-23,1330,GI55,-32.250112,115.458329,SW,83,42.0,21.94499969482422,35.96000289916992,20.795000076293945,35.9900016784668,22.211,35.697500000000005,21.997600000000002,35.6196,roms,22.09406089782715,36.700775146484375,21.797945022583008,36.8128662109375,fv,0.26600030517577977,-0.26250289916991676,1.2025999237060567,-0.3704016784667985,0.1490612030029297,0.7407722473144531,1.0029449462890625,0.8228645324707031
1992,1992-03-23,1409,V6,-31.859276,115.350175,N,83,49.5,22.08500099182129,35.89768600463867,21.389999389648438,35.89868927001953,22.409,35.7505,21.8048,35.6126,roms,,,,,fv,0.32399900817870986,-0.1471860046386695,0.4148006103515627,-0.2860892700195308,,,,
1992,1992-03-23,1420,MN85,-32.291775,115.558326,SW,83,37.0,21.9950008392334,36.09000015258789,20.795000076293945,36.09000015258789,22.183500000000002,35.7765,22.062,35.754,roms,22.11260414123535,36.58005905151367,21.776626586914062,36.79023742675781,fv,0.18849916076660378,-0.313500152587892,1.2669999237060559,-0.33600015258789284,0.11760330200195312,0.49005889892578125,0.9816265106201172,0.7002372741699219
1992,1992-03-23,1431,V5,-31.859494,115.429354,N,83,47.0,22.211999893188477,35.924354553222656,21.290000915527344,35.92372512817383,22.314500000000002,36.1535,21.956,36.065,roms,22.214370727539062,36.18889236450195,21.920019149780273,36.55144119262695,fv,0.10250010681152588,0.22914544677734483,0.6659990844726558,0.1412748718261696,0.0023708343505859375,0.2645378112792969,0.6300182342529297,0.627716064453125
1992,1992-03-23,1454,V4,-31.859125,115.508111,N,83,40.0,22.084999084472656,35.95543670654297,21.453332901000977,35.9528694152832,22.21,35.669,21.851,35.601,roms,22.18733787536621,36.14114761352539,22.059545516967773,36.469398498535156,fv,0.1250009155273446,-0.2864367065429718,0.39766709899902253,-0.35186941528320403,0.10233879089355469,0.18571090698242188,0.6062126159667969,0.5165290832519531
1992,1992-03-23,1500,MN90,-32.333446,115.591663,SW,83,36.0,21.69499969482422,36.03000259399414,20.895000457763672,36.09000015258789,22.211,35.8225,22.151,35.813,roms,22.115707397460938,36.63888168334961,21.801000595092773,36.7314338684082,fv,0.5160003051757798,-0.20750259399414261,1.255999542236328,-0.27700015258788824,0.42070770263671875,0.6088790893554688,0.9060001373291016,0.6414337158203125
1992,1992-03-23,1512,V3,-31.859462,115.58818,N,83,35.29999923706055,22.054285049438477,35.929996490478516,21.420000076293945,35.932373046875,22.299999999999997,35.703500000000005,22.082,35.673,roms,22.295480728149414,36.269840240478516,22.238597869873047,36.453590393066406,fv,0.2457149505615206,-0.22649649047851028,0.6619999237060554,-0.2593730468749982,0.2411956787109375,0.33984375,0.8185977935791016,0.5212173461914062
1992,1992-03-23,1520,MN26,-32.333443,115.616662,SW,83,27.0,21.69499969482422,36.01000213623047,20.895000457763672,35.97999954223633,22.244,35.865,22.213,35.870000000000005,roms,22.125465393066406,36.616458892822266,21.844472885131836,36.6530647277832,fv,0.549000305175781,-0.14500213623046676,1.317999542236329,-0.10999954223632358,0.4304656982421875,0.6064567565917969,0.9494724273681641,0.673065185546875
1992,1992-03-23,1533,V2,-31.859356,115.666956,N,83,23.600000381469727,22.082500457763672,36.01343536376953,21.56999969482422,35.98448181152344,22.381500000000003,35.731,22.32,35.705,roms,22.43010139465332,36.392059326171875,22.186667251502513,36.39045257565158,fv,0.29899954223633074,-0.2824353637695296,0.7500003051757815,-0.2794818115234392,0.34760093688964844,0.37862396240234375,0.6166675566782942,0.40597076412814204
1992,1992-03-23,1544,V1A,-31.858947,115.685692,N,83,21.600000381469727,22.04250144958496,36.0102653503418,21.642499923706055,36.01007843017578,22.395,35.775999999999996,22.377,35.752,roms,22.546648025512695,36.48109436035156,22.296659469604492,36.475990295410156,fv,0.35249855041503864,-0.23426535034180063,0.7345000762939442,-0.2580784301757788,0.5041465759277344,0.4708290100097656,0.6541595458984375,0.465911865234375
1992,1992-03-23,1600,V1,-31.859426,115.730226,N,83,12.5,22.625,36.09648132324219,21.829999923706055,36.07902145385742,22.380000000000003,35.921,22.353,35.922,roms,22.45477294921875,36.54201889038086,22.197383880615234,36.53538513183594,fv,-0.24499999999999744,-0.17548132324218813,0.5230000762939468,-0.15702145385742483,-0.17022705078125,0.4455375671386719,0.3673839569091797,0.4563636779785156
1992,1992-03-24,0815,GI2,-32.133442,115.606661,NW,84,8.0,21.040000915527344,35.96333312988281,21.040000915527344,35.96999740600586,22.1415,35.7555,22.102,35.741,roms,22.331514358520508,36.38744354248047,22.054092407226562,36.41909217834473,fv,1.1014990844726569,-0.20783312988281466,1.0619990844726566,-0.22899740600585972,1.291513442993164,0.42411041259765625,1.0140914916992188,0.4490947723388672
1992,1992-03-24,0825,GI3,-32.133449,115.594989,NW,84,12.0,20.85666847229004,35.95000076293945,20.790000915527344,36.0099983215332,22.1415,35.7555,22.073999999999998,35.745000000000005,roms,22.395166397094727,36.39921569824219,22.047429209873243,36.40483466843554,fv,1.2848315277099616,-0.19450076293945529,1.2839990844726543,-0.2649983215331986,1.5384979248046875,0.4492149353027344,1.2574282943458996,0.3948363469023377
1992,1992-03-24,0845,MN26,-32.333443,115.616662,SW,84,27.0,21.39499855041504,36.130001068115234,21.094999313354492,36.08000183105469,22.1445,35.868,22.105,35.869,roms,22.289581298828125,36.58436584472656,21.872234344482422,36.63692855834961,fv,0.7495014495849617,-0.26200106811523227,1.0100006866455082,-0.21100183105468773,0.8945827484130859,0.4543647766113281,0.7772350311279297,0.5569267272949219
1992,1992-03-24,0900,MN90,-32.333446,115.591663,SW,84,36.0,21.39499855041504,36.06999969482422,21.14499855041504,36.18000030517578,22.136000000000003,35.828500000000005,22.084,35.812,roms,22.328081130981445,36.628787994384766,21.796833038330078,36.7181510925293,fv,0.7410014495849637,-0.2414996948242134,0.9390014495849606,-0.36800030517578364,0.9330825805664062,0.5587882995605469,0.6518344879150391,0.5381507873535156
1992,1992-03-24,0905,GI6,-32.133447,115.53749,NW,84,33.0,21.09000015258789,35.91999816894531,20.740001678466797,35.97999954223633,22.1345,35.711,21.992,35.692,roms,22.352285385131836,36.314788818359375,21.837322235107422,36.74439239501953,fv,1.0444998474121086,-0.20899816894531398,1.251998321533204,-0.28799954223632795,1.2622852325439453,0.3947906494140625,1.097320556640625,0.7643928527832031
1992,1992-03-24,0920,GI7,-32.133448,115.49833,NW,84,36.0,21.290000915527344,35.91999816894531,20.810001373291016,35.98999786376953,22.1435,35.6965,21.9826,35.6596,roms,22.367868423461914,36.48232650756836,21.798505783081055,36.81112289428711,fv,0.8534990844726558,-0.22349816894531216,1.1725986267089858,-0.33039786376953373,1.0778675079345703,0.5623283386230469,0.9885044097900391,0.8211250305175781
1992,1992-03-24,0925,MN88,-32.291782,115.59166,SW,84,34.0,21.398330688476562,36.03000259399414,20.844999313354492,36.11000061035156,22.1475,35.8125,22.075,35.8,roms,22.287078857421875,36.53643798828125,21.85727310180664,36.65956497192383,fv,0.7491693115234384,-0.21750259399414062,1.230000686645507,-0.31000061035156534,0.8887481689453125,0.5064353942871094,1.0122737884521484,0.5495643615722656
1992,1992-03-24,0935,GI8,-32.133448,115.459987,NW,84,45.0,21.290000915527344,35.91999816894531,20.790000915527344,35.983333587646484,22.173499999999997,35.675,22.008,35.61,roms,22.354745864868164,36.500186920166016,21.784896850585938,36.814491271972656,fv,0.8834990844726534,-0.24499816894531534,1.2179990844726554,-0.37333358764648494,1.0647449493408203,0.5801887512207031,0.9948959350585938,0.8311576843261719
1992,1992-03-24,0943,Y8,-31.920447,115.727822,N,84,16.619998931884766,22.144216537475586,36.08903121948242,21.776718139648438,36.0639533996582,22.195,35.9385,22.153,35.94,roms,22.540679931640625,36.46146011352539,22.250356674194336,36.469234466552734,fv,0.05078346252441435,-0.1505312194824242,0.3762818603515612,-0.1239533996582054,0.39646339416503906,0.37242889404296875,0.47363853454589844,0.40528106689453125
1992,1992-03-24,0945,MN85,-32.291775,115.558326,SW,84,37.0,21.419998168945312,36.05000305175781,20.89499855041504,36.09000015258789,22.113999999999997,35.783500000000004,22.018,35.766,roms,22.3099422454834,36.51546096801758,21.78598403930664,36.781917572021484,fv,0.6940018310546847,-0.26650305175780886,1.1230014495849616,-0.3240001525878924,0.8899440765380859,0.4654579162597656,0.8909854888916016,0.6919174194335938
1992,1992-03-24,0952,Y9,-31.893443,115.729156,N,84,20.520000457763672,22.182701110839844,36.071414947509766,21.63924789428711,36.02524185180664,22.195,35.9385,22.153,35.94,roms,22.6190242767334,36.50726318359375,22.270978927612305,36.505897521972656,fv,0.012298889160156534,-0.13291494750976796,0.5137521057128893,-0.0852418518066429,0.4363231658935547,0.4358482360839844,0.6317310333251953,0.4806556701660156
1992,1992-03-24,1000,Y10,-31.877941,115.743324,N,84,14.739328384399414,22.186851501464844,36.06160354614258,21.827367782592773,36.083072662353516,22.228,35.934,22.189,35.935,roms,22.70868682861328,36.57682418823242,22.530548095703125,36.57335662841797,fv,0.041148498535157785,-0.12760354614258063,0.3616322174072266,-0.14807266235351335,0.5218353271484375,0.5152206420898438,0.7031803131103516,0.4902839660644531
1992,1992-03-24,1005,Y11,-31.877275,115.731662,N,84,10.201988220214844,22.250465393066406,36.0992431640625,21.85638999938965,36.067081451416016,22.228,35.934,22.189,35.935,roms,22.64667320251465,36.52252960205078,22.334030024678214,36.53639168100199,fv,-0.022465393066404715,-0.1652431640625025,0.3326100006103516,-0.13208145141601335,0.3962078094482422,0.42328643798828125,0.4776400252885651,0.4693102295859717
1992,1992-03-24,1014,Y12,-31.87678,115.719162,N,84,13.265644073486328,22.12214469909668,36.07427215576172,21.945661544799805,36.07502365112305,22.273,35.8505,22.247,35.843,roms,22.618064880371094,36.48706817626953,22.31272246476874,36.48621302879474,fv,0.15085530090332,-0.22377215576172205,0.3013384552001952,-0.23202365112304335,0.49592018127441406,0.4127960205078125,0.3670609199689352,0.4111893776716897
1992,1992-03-24,1020,GI10,-32.150108,115.453324,W,84,40.0,21.623334884643555,35.88666534423828,20.790000915527344,36.02000045776367,22.1765,35.677,22.039,35.608000000000004,roms,22.292295455932617,36.58535385131836,21.771677828328862,36.81725211149357,fv,0.5531651153564461,-0.20966534423828165,1.2489990844726577,-0.4120004577636678,0.6689605712890625,0.6986885070800781,0.9816769128015181,0.7972516537299015
1992,1992-03-24,1021,Y13,-31.876776,115.698325,N,84,17.573944091796875,21.96751594543457,36.02821350097656,21.761703491210938,36.03518295288086,22.273,35.8505,22.247,35.843,roms,22.685407638549805,36.49800491333008,22.351118087768555,36.48970031738281,fv,0.3054840545654294,-0.1777135009765658,0.4852965087890624,-0.19218295288085585,0.7178916931152344,0.4697914123535156,0.5894145965576172,0.4545173645019531
1992,1992-03-24,1028,Y14,-31.877273,115.679162,N,84,25.439966201782227,21.952125549316406,36.01372146606445,21.60962677001953,35.99461364746094,22.2975,35.787499999999994,22.272,35.758,roms,22.65846824645996,36.47768783569336,22.327693939208984,36.48056411743164,fv,0.3453744506835932,-0.2262214660644588,0.6623732299804672,-0.23661364746093483,0.7063426971435547,0.46396636962890625,0.7180671691894531,0.4859504699707031
1992,1992-03-24,1030,GI55,-32.250112,115.458329,SW,84,42.0,21.89499855041504,35.93000030517578,20.795000076293945,36.0,22.164,35.7025,21.9688,35.626799999999996,roms,22.310216903686523,36.752803802490234,21.802289962768555,36.80466079711914,fv,0.2690014495849624,-0.22750030517578068,1.1737999237060563,-0.3732000000000042,0.4152183532714844,0.8228034973144531,1.0072898864746094,0.8046607971191406
1992,1992-03-24,1037,Y15,-31.876778,115.646662,N,84,29.808685302734375,21.77060890197754,35.9278564453125,21.37623405456543,35.90483093261719,22.2895,35.748000000000005,22.237000000000002,35.726,roms,22.536436080932617,36.367027282714844,22.24010467529297,36.39797592163086,fv,0.5188910980224613,-0.17985644531249534,0.8607659454345722,-0.1788309326171884,0.7658271789550781,0.43917083740234375,0.8638706207275391,0.4931449890136719
1992,1992-03-24,1040,GI11,-32.169281,115.485823,W,84,37.0,21.540000915527344,35.90999984741211,21.09000015258789,36.0,22.1605,35.692499999999995,22.0124,35.6338,roms,22.31941795349121,36.48896026611328,21.75443458557129,36.8088493347168,fv,0.6204990844726552,-0.21749984741211392,0.9223998474121089,-0.3661999999999992,0.7794170379638672,0.5789604187011719,0.6644344329833984,0.8088493347167969
1992,1992-03-24,1045,GI50,-32.250108,115.483326,SW,84,40.0,20.795000076293945,35.96000289916992,20.89499855041504,35.970001220703125,22.143,35.7095,21.963,35.653999999999996,roms,22.3046932220459,36.57806396484375,21.734676361083984,36.81537628173828,fv,1.3479999237060554,-0.2505028991699234,1.068001449584962,-0.31600122070312864,1.5096931457519531,0.6180610656738281,0.8396778106689453,0.8453750610351562
1992,1992-03-24,1100,GI45,-32.250108,115.508322,SW,84,38.0,21.69499969482422,35.96000289916992,20.89499855041504,36.0,22.1205,35.7325,21.9538,35.681799999999996,roms,22.317873001098633,36.468692779541016,21.726224899291992,36.804168701171875,fv,0.4255003051757811,-0.22750289916992017,1.058801449584962,-0.3182000000000045,0.6228733062744141,0.5086898803710938,0.8312263488769531,0.804168701171875
1992,1992-03-24,1115,GI40,-32.250112,115.53333,SW,84,36.0,21.69499969482422,35.96000289916992,19.795000076293945,36.0,22.116999999999997,35.7515,21.9762,35.7214,roms,22.334793090820312,36.4349479675293,21.74078941345215,36.80160140991211,fv,0.4220003051757786,-0.20850289916992182,2.1811999237060533,-0.2785999999999973,0.6397933959960938,0.474945068359375,1.9457893371582031,0.8016014099121094
1992,1992-03-24,1120,Y19,-31.920444,115.620322,N,84,33.28249740600586,21.728458404541016,35.908348083496094,21.236482620239258,35.91236877441406,22.235,35.735,22.093,35.737,roms,22.4014835357666,36.29375457763672,22.05076789855957,36.42986297607422,fv,0.5065415954589838,-0.17334808349609432,0.8565173797607422,-0.17536877441406062,0.6730251312255859,0.385406494140625,0.8142852783203125,0.5174942016601562
1992,1992-03-24,1130,GI35,-32.250111,115.558327,SW,84,34.0,21.89499855041504,36.060001373291016,20.795000076293945,36.05000305175781,22.121000000000002,35.7695,22.004199999999997,35.7506,roms,22.363473892211914,36.4256706237793,21.791057586669922,36.78227615356445,fv,0.22600144958496315,-0.2905013732910149,1.209199923706052,-0.2994030517578139,0.468475341796875,0.36566925048828125,0.9960575103759766,0.7322731018066406
1992,1992-03-24,1135,GI14,-32.228447,115.583331,W,84,32.0,21.590002059936523,35.88999938964844,20.740001678466797,36.02000045776367,22.1415,35.795500000000004,22.066,35.786,roms,22.38530921936035,36.43374252319336,21.867155075073242,36.6749382019043,fv,0.5514979400634772,-0.09449938964843341,1.325998321533202,-0.2340004577636705,0.7953071594238281,0.5437431335449219,1.1271533966064453,0.654937744140625
1992,1992-03-24,1150,GI30,-32.25011,115.599989,SW,84,19.24834632873535,21.795772552490234,35.93404769897461,21.45833396911621,35.92835998535156,22.1415,35.795500000000004,22.06605231513977,35.77809801559448,roms,22.305450439453125,36.519775390625,21.922374171201227,36.54680078037927,fv,0.34572744750976625,-0.13854769897460528,0.6077183460235602,-0.15026196975708217,0.5096778869628906,0.5857276916503906,0.46404020208501606,0.6184407950277091
1992,1992-03-24,1155,GI15,-32.250114,115.615826,SW,84,14.0,21.383333206176758,35.896663665771484,20.770000457763672,35.88999938964844,22.1595,35.8365,22.102,35.819,roms,22.315444946289062,36.58261489868164,21.999404907226562,36.598899841308594,fv,0.7761667938232435,-0.060163665771483466,1.3319995422363284,-0.07099938964843489,0.9321117401123047,0.6859512329101562,1.2294044494628906,0.7089004516601562
1992,1992-03-24,1200,GI15,-32.250114,115.615826,SW,84,14.579209327697754,21.84278106689453,35.9205322265625,21.356107711791992,35.89728927612305,22.1595,35.8365,22.105475255966187,35.81668316268921,roms,22.315444946289062,36.58261489868164,21.999404907226562,36.598899841308594,fv,0.31671893310547006,-0.08403222656249909,0.7493675441741949,-0.08060611343383783,0.47266387939453125,0.6620826721191406,0.6432971954345703,0.7016105651855469
1992,1992-03-24,1250,Y29,-32.026776,115.615828,NW,84,9.992138862609863,21.748031616210938,35.91338348388672,21.27152442932129,35.90748977661133,22.1445,35.782,22.098,35.775,roms,22.270362854003906,36.5567512512207,21.967973709106445,36.56314468383789,fv,0.39646838378906324,-0.13138348388672227,0.8264755706787099,-0.13248977661132955,0.5223312377929688,0.6433677673339844,0.6964492797851562,0.6556549072265625
1992,1992-03-24,1259,Y30,-32.035113,115.58333,NW,84,18.83700180053711,22.05963897705078,35.86564254760742,21.286418914794922,35.9118537902832,22.1285,35.744,22.073999999999998,35.732,roms,22.40155029296875,36.35066223144531,21.929275328182072,36.44072128139535,fv,0.0688610229492177,-0.1216425476074221,0.7875810852050762,-0.1798537902832038,0.34191131591796875,0.4850196838378906,0.6428564133871504,0.5288674911121447
1992,1992-03-24,1309,Y31,-32.04844,115.554158,NW,84,28.69083023071289,22.115703582763672,35.9019775390625,21.102703094482422,35.917911529541016,22.131,35.719,22.065,35.706,roms,22.42120933532715,36.29156494140625,22.006784439086914,36.48030471801758,fv,0.015296417236328352,-0.1829775390624988,0.9622969055175794,-0.21191152954101256,0.30550575256347656,0.38958740234375,0.9040813446044922,0.5623931884765625
1992,1992-03-24,1320,Y32,-32.059279,115.527994,NW,84,34.45732879638672,21.90192985534668,35.90833282470703,20.63506507873535,35.985633850097656,22.141,35.704499999999996,22.05,35.681,roms,22.357725143432617,36.259395599365234,21.927736282348633,36.584354400634766,fv,0.23907014465331855,-0.20383282470703534,1.4149349212646491,-0.30463385009765886,0.4557952880859375,0.3510627746582031,1.2926712036132812,0.5987205505371094
1992,1992-03-25,0853,Y6,-31.947273,115.726659,N,85,12.191105842590332,21.923561096191406,36.0628776550293,21.981788635253906,36.09593200683594,22.088,35.965500000000006,22.022,35.965,roms,22.2522029876709,36.49427795410156,22.260166165573363,36.493765288351774,fv,0.16443890380859472,-0.09737765502929108,0.040211364746092215,-0.1309320068359341,0.3286418914794922,0.4314002990722656,0.27837753031945667,0.39783328151583675
1992,1992-03-25,0904,Y7,-31.939614,115.747489,N,85,9.307872772216797,22.565338134765625,36.12690353393555,22.265369415283203,36.132415771484375,22.088,35.965500000000006,22.022,35.965,roms,22.41359519958496,36.55514907836914,22.423564722729868,36.55442562469719,fv,-0.47733813476562403,-0.16140353393554108,-0.24336941528320466,-0.1674157714843716,-0.15174293518066406,0.42824554443359375,0.15819530744666466,0.42200985321281337
1992,1992-03-25,0912,Y8,-31.920447,115.727822,N,85,15.178153038024902,22.10687255859375,36.0816650390625,21.87895393371582,36.08475875854492,22.127000000000002,35.948,22.06,35.948,roms,22.283971786499023,36.48740005493164,22.29242515563965,36.485748291015625,fv,0.020127441406252444,-0.1336650390624996,0.1810460662841784,-0.13675875854492148,0.17709922790527344,0.4057350158691406,0.4134712219238281,0.4009895324707031
1992,1992-03-25,0921,Y9,-31.893443,115.729156,N,85,19.297626495361328,22.182538986206055,36.08296203613281,21.988998413085938,36.06853103637695,22.127000000000002,35.948,22.06,35.948,roms,22.359054565429688,36.50607681274414,22.37667465209961,36.511436462402344,fv,-0.05553898620605224,-0.1349620361328121,0.07100158691406122,-0.12053103637695273,0.1765155792236328,0.4231147766113281,0.3876762390136719,0.4429054260253906
1992,1992-03-25,0932,Y10,-31.877941,115.743324,N,85,13.406661033630371,22.550676345825195,36.05196762084961,21.915571212768555,36.08549880981445,22.1545,35.9405,22.089,35.941,roms,22.549074172973633,36.58059310913086,22.557600021362305,36.580379486083984,fv,-0.39617634582519656,-0.11146762084960926,0.17342878723144395,-0.14449880981445062,-0.0016021728515625,0.52862548828125,0.64202880859375,0.49488067626953125
1992,1992-03-25,0939,Y11,-31.877275,115.731662,N,85,11.962456703186035,22.28679847717285,36.081871032714844,22.285078048706055,36.08021545410156,22.1545,35.9405,22.089,35.941,roms,22.474416732788086,36.54972839355469,22.484285285129005,36.551239758070416,fv,-0.1322984771728528,-0.14137103271484364,-0.19607804870605605,-0.13921545410156,0.18761825561523438,0.46785736083984375,0.19920723642295002,0.47102430396885353
1992,1992-03-25,0951,Y12,-31.87678,115.719162,N,85,16.842832565307617,22.082834243774414,36.062950134277344,21.95893096923828,36.05200958251953,22.215,35.8515,22.166,35.836,roms,22.3638973236084,36.496158599853516,22.37432861328125,36.497928619384766,fv,0.1321657562255858,-0.21145013427734227,0.20706903076171912,-0.21600958251953273,0.2810630798339844,0.4332084655761719,0.41539764404296875,0.4459190368652344
1992,1992-03-25,0959,Y13,-31.876776,115.698325,N,85,16.471933364868164,21.86094856262207,36.02602767944336,21.79250717163086,36.02931594848633,22.215,35.8515,22.166,35.836,roms,22.360143661499023,36.48292922973633,22.37521684868625,36.48640005697962,fv,0.35405143737792955,-0.1745276794433579,0.373492828369141,-0.1933159484863296,0.4991950988769531,0.45690155029296875,0.5827096770553908,0.45708410849329084
1992,1992-03-25,1013,Y14,-31.877273,115.679162,N,85,24.915584564208984,21.84433364868164,35.998329162597656,21.646854400634766,35.9993896484375,22.244,35.7945,22.2,35.761,roms,22.366254806518555,36.46646499633789,22.350345611572266,36.487037658691406,fv,0.39966635131835915,-0.20382916259765693,0.5531455993652337,-0.23838964843749721,0.5219211578369141,0.4681358337402344,0.7034912109375,0.48764801025390625
1992,1992-03-25,1029,Y16,-31.876274,115.614162,N,85,31.143449783325195,21.625795364379883,35.92107009887695,21.408512115478516,35.907962799072266,22.238500000000002,35.7355,22.076999999999998,35.737,roms,22.228927612304688,36.3236083984375,22.299999237060547,36.4139289855957,fv,0.6127046356201191,-0.1855700988769513,0.6684878845214826,-0.17096279907226375,0.6031322479248047,0.4025382995605469,0.8914871215820312,0.5059661865234375
1992,1992-03-25,1053,Y17,-31.87594,115.584662,N,85,34.98394012451172,21.552400588989258,35.91217803955078,21.39015769958496,35.90590286254883,22.2145,35.721000000000004,22.006,35.724000000000004,roms,22.205934524536133,36.28778076171875,22.290056228637695,36.45634078979492,fv,0.6620994110107432,-0.1911780395507776,0.6158423004150393,-0.18190286254882437,0.653533935546875,0.37560272216796875,0.8998985290527344,0.5504379272460938
1992,1992-03-25,1110,MN70,-32.40011,115.658324,S,85,19.0,21.89499855041504,36.26000213623047,20.795000076293945,36.310001373291016,22.028,35.915,21.969,35.902,roms,21.938261032104492,36.5690803527832,21.93776512145996,36.566162109375,fv,0.13300144958495963,-0.3450021362304696,1.1739999237060559,-0.4080013732910146,0.043262481689453125,0.3090782165527344,1.1427650451660156,0.2561607360839844
1992,1992-03-25,1130,MN72,-32.43345,115.649992,S,85,14.0,21.94499969482422,36.28000259399414,21.971664428710938,36.3900032043457,22.0075,35.9035,21.941,35.894,roms,21.920312881469727,36.59963607788086,21.92704963684082,36.59455871582031,fv,0.06250030517578153,-0.37650259399413954,-0.03066442871093855,-0.4960032043457048,-0.024686813354492188,0.31963348388671875,-0.04461479187011719,0.20455551147460938
1992,1992-03-25,1145,MN20,-32.433447,115.668328,S,85,16.0,22.125,36.400001525878906,22.125,36.53000259399414,21.981,35.942499999999995,21.93,35.933,roms,21.953584671020508,36.64150619506836,21.95535659790039,36.63656234741211,fv,-0.14399999999999835,-0.4575015258789108,-0.19500000000000028,-0.5970025939941408,-0.1714153289794922,0.24150466918945312,-0.16964340209960938,0.10655975341796875
1992,1992-03-25,1200,MN75,-32.416777,115.694989,S,85,10.0,22.295000076293945,36.5,22.295000076293945,36.5,21.987000000000002,35.962,21.942,35.951,roms,22.02402687072754,36.631004333496094,22.027995109558105,36.62883377075195,fv,-0.30800007629394344,-0.5379999999999967,-0.35300007629394514,-0.5489999999999995,-0.27097320556640625,0.13100433349609375,-0.26700496673583984,0.12883377075195312
1992,1992-03-25,1210,MN80,-32.416781,115.71999,S,85,13.0,22.39499855041504,36.5,22.39499855041504,36.5,21.930500000000002,36.004999999999995,21.877,36.0,roms,22.055068969726562,36.495609283447266,22.05973243713379,36.4937629699707,fv,-0.46449855041503696,-0.49500000000000455,-0.5179985504150402,-0.5,-0.33992958068847656,-0.004390716552734375,-0.33526611328125,-0.006237030029296875
1992,1992-03-25,1245,MN13,-32.45011,115.705827,S,85,15.0,22.494998931884766,36.53000259399414,22.295000076293945,36.53000259399414,21.941000000000003,35.985,21.9,35.978,roms,21.889373779296875,36.57076644897461,21.886497497558594,36.5694694519043,fv,-0.5539989318847631,-0.5450025939941412,-0.39500007629394673,-0.5520025939941391,-0.6056251525878906,0.04076385498046875,-0.40850257873535156,0.03946685791015625
1992,1992-03-25,1256,Y29,-32.026776,115.615828,NW,85,9.75317096710205,21.4543399810791,35.91495895385742,21.445833206176758,35.91654968261719,22.122,35.805499999999995,22.06,35.801,roms,22.091421127319336,36.515113830566406,22.09964942932129,36.514034271240234,fv,0.6676600189208983,-0.10945895385742688,0.6141667938232409,-0.11554968261718557,0.6370811462402344,0.6001548767089844,0.6538162231445312,0.5974845886230469
1992,1992-03-25,1300,MN9,-32.483443,115.699997,S,85,13.0,22.375,36.470001220703125,22.375,36.470001220703125,21.933500000000002,35.984500000000004,21.88,35.97,roms,21.941251754760742,36.62576675415039,21.94188117980957,36.62309265136719,fv,-0.4414999999999978,-0.48550122070312085,-0.495000000000001,-0.5000012207031261,-0.4337482452392578,0.15576553344726562,-0.4331188201904297,0.1530914306640625
1992,1992-03-25,1320,MN2,-32.500114,115.694989,S,85,12.0,22.545000076293945,36.0,22.39499855041504,36.0,21.963,35.947,21.893,35.946,roms,21.95111846923828,36.66373062133789,21.95489005414628,36.66023272019452,fv,-0.5820000762939443,-0.05299999999999727,-0.5019985504150384,-0.054000000000002046,-0.5938816070556641,0.6637306213378906,-0.4401084962687598,0.6602327201945215
1992,1992-03-25,1321,Y31,-32.04844,115.554158,NW,85,28.678966522216797,21.672622680664062,35.90428924560547,21.418787002563477,35.905269622802734,22.134,35.735,22.045,35.723,roms,22.150156021118164,36.28458023071289,22.020160675048828,36.4390983581543,fv,0.46137731933593784,-0.16928924560546932,0.6262129974365251,-0.1822696228027354,0.47753334045410156,0.3802909851074219,0.6013736724853516,0.5338287353515625
1992,1992-03-25,1325,MN3,-32.512613,115.700823,S,85,11.0,22.594999313354492,36.01000213623047,22.4950008392334,36.016666412353516,21.933500000000002,35.984500000000004,21.88,35.97,roms,21.985794067382812,36.64982223510742,21.984277567434948,36.65249930183963,fv,-0.66149931335449,-0.0255021362304646,-0.6150008392333994,-0.04666641235351676,-0.6092052459716797,0.6398200988769531,-0.5107232717984509,0.6358328894861174
1992,1992-03-25,1330,MN4,-32.512609,115.708328,S,85,8.0,22.594999313354492,36.505001068115234,22.594999313354492,36.51000213623047,21.933500000000002,35.984500000000004,21.88,35.97,roms,22.006301879882812,36.635169982910156,22.013282775878906,36.63404083251953,fv,-0.66149931335449,-0.5205010681152302,-0.7149993133544932,-0.5400021362304699,-0.5886974334716797,0.13016891479492188,-0.5817165374755859,0.1240386962890625
1992,1992-03-25,1337,V7,-31.858577,115.271111,N,85,52.70000076293945,22.850000381469727,35.81368637084961,21.639999389648438,35.783729553222656,22.436,35.745999999999995,22.39866999397278,35.647839999389646,roms,,,,,fv,-0.4140003814697266,-0.06768637084961426,0.7586706043243439,-0.13588955383301027,,,,
1992,1992-03-25,1418,V5,-31.859494,115.429354,N,85,40.0,21.80500030517578,35.86375045776367,21.43000030517578,35.860774993896484,22.253,36.161500000000004,21.886,36.076,roms,22.126794815063477,36.19805908203125,21.942008301692766,36.564904993426744,fv,0.44799969482421886,0.2977495422363319,0.455999694824218,0.21522500610351614,0.3217945098876953,0.3343086242675781,0.512007996516985,0.7041299995302595
1992,1992-03-25,1435,V4,-31.859125,115.508111,N,85,34.20000076293945,21.56333351135254,35.88485336303711,21.360000610351562,35.88916778564453,22.1705,35.676500000000004,21.766,35.615,roms,22.055892944335938,36.152217864990234,22.064952850341797,36.318214416503906,fv,0.6071664886474615,-0.20835336303710505,0.40599938964843574,-0.27416778564452926,0.49255943298339844,0.267364501953125,0.7049522399902344,0.429046630859375
1992,1992-03-25,1500,V3,-31.859462,115.58818,N,85,35.29999923706055,21.713333129882812,35.953125,21.40999984741211,35.94273376464844,22.2145,35.721000000000004,22.006,35.724000000000004,roms,22.207509994506836,36.284759521484375,22.23203468322754,36.36044692993164,fv,0.5011668701171885,-0.23212499999999636,0.5960001525878909,-0.21873376464843375,0.49417686462402344,0.331634521484375,0.8220348358154297,0.4177131652832031
1992,1992-03-25,1515,V2,-31.859356,115.666956,N,85,27.399999618530273,21.93000030517578,36.02875518798828,21.584999084472656,35.99121856689453,22.255000000000003,35.7565,22.165,35.739000000000004,roms,22.40294647216797,36.47943115234375,22.326335906982422,36.476654052734375,fv,0.3249996948242213,-0.27225518798827864,0.5800009155273429,-0.25221856689452693,0.4729461669921875,0.45067596435546875,0.7413368225097656,0.48543548583984375
1992,1992-03-25,1525,V1A,-31.858947,115.685692,N,85,21.100000381469727,22.0,36.04167175292969,21.739999771118164,36.01030731201172,22.244,35.7945,22.2,35.761,roms,22.407188415527344,36.50056457519531,22.343604805026533,36.49942171747008,fv,0.24399999999999977,-0.24717175292968818,0.4600002288818352,-0.24930731201171596,0.40718841552734375,0.458892822265625,0.6036050339083694,0.48911440545835916
1992,1992-03-25,1540,V1,-31.859426,115.730226,N,85,12.800000190734863,22.406667709350586,36.13627243041992,22.25,36.121456146240234,22.1545,35.9405,22.089,35.941,roms,22.492958068847656,36.5556755065918,22.502643585205078,36.55744171142578,fv,-0.2521677093505872,-0.19577243041992176,-0.16100000000000136,-0.18045614624023187,0.08629035949707031,0.419403076171875,0.2526435852050781,0.4359855651855469
1992,1992-03-26,0800,GI1,-32.133444,115.623326,NW,86,18.0,21.240001678466797,35.94000244140625,21.190000534057617,35.94000244140625,22.101999999999997,35.801500000000004,22.039,35.815,roms,21.74510383605957,36.60614013671875,21.72115135192871,36.60225296020508,fv,0.8619983215331999,-0.13850244140624568,0.8489994659423843,-0.12500244140625227,0.5051021575927734,0.6661376953125,0.5311508178710938,0.6622505187988281
1992,1992-03-26,0815,GI3,-32.133449,115.594989,NW,86,12.0,21.040000915527344,35.84000015258789,21.040000915527344,35.853336334228516,22.116999999999997,35.765,22.033,35.769999999999996,roms,21.821191787719727,36.621307373046875,21.807058463131636,36.61659827254189,fv,1.0769990844726536,-0.07500015258789006,0.9929990844726575,-0.0833363342285196,0.7811908721923828,0.7813072204589844,0.767057547604292,0.7632619383133772
1992,1992-03-26,0828,MN26,-32.333443,115.616662,SW,86,27.0,20.895000457763672,35.9900016784668,20.895000457763672,35.9900016784668,22.063499999999998,35.8425,21.962,35.858000000000004,roms,21.78531837463379,36.697750091552734,21.762252807617188,36.732872009277344,fv,1.1684995422363258,-0.14750167846679574,1.0669995422363279,-0.13200167846679278,0.8903179168701172,0.7077484130859375,0.8672523498535156,0.7428703308105469
1992,1992-03-26,0830,GI5,-32.133442,115.57666,NW,86,28.0,21.040000915527344,35.93000030517578,21.040000915527344,35.95000076293945,22.122500000000002,35.734500000000004,22.017,35.733000000000004,roms,21.78983497619629,36.54704284667969,21.819125886478584,36.76409805269312,fv,1.0824990844726585,-0.1955003051757771,0.9769990844726557,-0.21700076293944903,0.7498340606689453,0.6170425415039062,0.7791249709512407,0.8140972897536685
1992,1992-03-26,0842,Y29,-32.026776,115.615828,NW,86,9.890830039978027,21.326662063598633,35.92939376831055,21.331087112426758,35.932098388671875,22.103,35.786,22.037,35.805,roms,21.735509872436523,36.4163818359375,21.726184844970703,36.41378402709961,fv,0.7763379364013687,-0.1433937683105455,0.7059128875732412,-0.12709838867187528,0.4088478088378906,0.4869880676269531,0.3950977325439453,0.4816856384277344
1992,1992-03-26,0845,MN90,-32.333446,115.591663,SW,86,36.0,21.2450008392334,36.04999923706055,20.978334426879883,36.06999969482422,22.064999999999998,35.803,21.965,35.81,roms,21.825868606567383,36.819313049316406,21.803979873657227,36.80913543701172,fv,0.8199991607665993,-0.2469992370605496,0.986665573120117,-0.2599996948242165,0.5808677673339844,0.7693138122558594,0.8256454467773438,0.7391357421875
1992,1992-03-26,0852,Y30,-32.035113,115.58333,NW,86,18.343786239624023,21.33095932006836,35.91313552856445,21.32593536376953,35.91612243652344,22.106,35.752,22.036,35.766999999999996,roms,21.845335006713867,36.38111114501953,21.82841894881858,36.37515235749015,fv,0.7750406799316423,-0.16113552856445068,0.7100646362304701,-0.1491224365234416,0.5143756866455078,0.4679756164550781,0.502483585049049,0.4590299209667137
1992,1992-03-26,0900,MN88,-32.291782,115.59166,SW,86,34.0,21.045000076293945,35.96000289916992,20.895000457763672,36.01000213623047,22.09,35.787499999999994,21.971,35.795,roms,21.790855407714844,36.6673469543457,21.754276275634766,36.66953659057617,fv,1.0449999237060545,-0.17250289916992756,1.0759995422363282,-0.21500213623046704,0.7458553314208984,0.7073440551757812,0.8592758178710938,0.6595344543457031
1992,1992-03-26,0901,Y31,-32.04844,115.554158,NW,86,28.623821258544922,21.302112579345703,35.920780181884766,21.308992385864258,35.92192459106445,22.115499999999997,35.724000000000004,22.031,35.732,roms,21.940671920776367,36.38932418823242,21.91814613342285,36.38484573364258,fv,0.8133874206542941,-0.19678018188476187,0.722007614135741,-0.1899245910644538,0.6385593414306641,0.46854400634765625,0.6091537475585938,0.462921142578125
1992,1992-03-26,0911,Y32,-32.059279,115.527994,NW,86,34.601810455322266,21.234134674072266,35.9154052734375,21.23934555053711,35.917205810546875,22.128500000000003,35.7035,22.032,35.696,roms,21.926774978637695,36.415950775146484,21.879940032958984,36.7105827331543,fv,0.8943653259277369,-0.21190527343750176,0.7926544494628907,-0.22120581054687705,0.6926403045654297,0.5005455017089844,0.640594482421875,0.7933769226074219
1992,1992-03-26,0915,MN85,-32.291775,115.558326,SW,86,37.0,21.2450008392334,36.0433349609375,21.2450008392334,36.08000183105469,22.0745,35.7625,21.959,35.756,roms,21.770309448242188,36.72874450683594,21.748825073242188,36.733375549316406,fv,0.829499160766602,-0.28083496093749716,0.7139991607666012,-0.3240018310546873,0.5253086090087891,0.6854095458984375,0.5038242340087891,0.6533737182617188
1992,1992-03-26,0918,GI8,-32.133448,115.459987,NW,86,45.0,21.240001678466797,35.84000015258789,21.240001678466797,35.84000015258789,22.177999999999997,35.6555,21.961,35.61,roms,21.78764533996582,36.54658126831055,21.8350830078125,36.79456329345703,fv,0.9379983215332004,-0.1845001525878871,0.7209983215332016,-0.2300001525878912,0.5476436614990234,0.7065811157226562,0.5950813293457031,0.9545631408691406
1992,1992-03-26,0921,Y33,-32.07178,115.501659,NW,86,39.25101089477539,21.095699310302734,35.88510513305664,21.08634376525879,35.88561248779297,22.1435,35.676,22.009,35.668,roms,21.884689331054688,36.54690933227539,21.82089011537318,36.791157469331914,fv,1.0478006896972651,-0.2091051330566387,0.9226562347412113,-0.2176124877929695,0.7889900207519531,0.66180419921875,0.7345463501143925,0.9055449815389451
1992,1992-03-26,0936,Y37,-32.111777,115.506327,NW,86,39.17631912231445,21.177413940429688,35.89771270751953,20.649639129638672,35.96601867675781,22.137,35.680499999999995,21.88314414520264,35.66949420852661,roms,21.83245277404785,36.50443649291992,21.773752212524414,36.80519485473633,fv,0.959586059570313,-0.21721270751953625,1.233505015563967,-0.2965244682312047,0.6550388336181641,0.6067237854003906,1.1241130828857422,0.8391761779785156
1992,1992-03-26,0948,Y38,-32.117607,115.537488,NW,86,36.734554290771484,21.091110229492188,35.8951530456543,20.646568298339844,35.9449462890625,22.125500000000002,35.705,21.975,35.696,roms,21.86254119873047,36.4814338684082,21.782115936279297,36.79526138305664,fv,1.0343897705078149,-0.19015304565429858,1.3284317016601577,-0.24894628906250205,0.7714309692382812,0.5862808227539062,1.1355476379394531,0.8503150939941406
1992,1992-03-26,1000,Y39,-32.124274,115.568323,NW,86,35.34517288208008,21.127208709716797,35.88943862915039,20.727401733398438,35.9696044921875,22.122500000000002,35.734500000000004,22.017,35.733000000000004,roms,21.80527687072754,36.51417541503906,21.808467864990234,36.775150299072266,fv,0.9952912902832054,-0.15493862915038648,1.289598266601562,-0.2366044921874959,0.6780681610107422,0.6247367858886719,1.0810661315917969,0.8055458068847656
1992,1992-03-26,1005,GI55,-32.250112,115.458329,SW,86,42.0,21.295000076293945,35.900001525878906,21.045000076293945,35.90999984741211,22.1485,35.675,21.9376,35.632,roms,21.814470291137695,36.78785705566406,21.78985595703125,36.78278732299805,fv,0.8534999237060532,-0.2250015258789091,0.8925999237060545,-0.2779998474121115,0.51947021484375,0.8878555297851562,0.7448558807373047,0.8727874755859375
1992,1992-03-26,1009,Y40,-32.12928,115.591661,NW,86,18.273868560791016,21.102569580078125,35.891265869140625,21.102258682250977,35.894107818603516,22.116999999999997,35.765,22.025,35.766,roms,21.827346801757812,36.62057876586914,21.801136016845703,36.614009857177734,fv,1.0144304199218723,-0.12626586914062443,0.922741317749022,-0.1281078186035174,0.7247772216796875,0.7293128967285156,0.6988773345947266,0.7199020385742188
1992,1992-03-26,1015,GI50,-32.250108,115.483326,SW,86,40.0,21.295000076293945,35.900001525878906,21.095001220703125,35.90999984741211,22.130499999999998,35.6935,21.939,35.655,roms,21.8033447265625,36.75341796875,21.781572341918945,36.77886962890625,fv,0.8354999237060525,-0.20650152587890602,0.8439987792968751,-0.25499984741210824,0.5083446502685547,0.8534164428710938,0.6865711212158203,0.8688697814941406
1992,1992-03-26,1023,Y41,-32.135113,115.618329,NW,86,21.24909782409668,21.124313354492188,35.9141960144043,21.079463958740234,35.9134407043457,22.101999999999997,35.801500000000004,22.039,35.815,roms,21.7590389251709,36.61111831665039,21.73491588258488,36.6080435327218,fv,0.9776866455078093,-0.11269601440429255,0.9595360412597671,-0.0984407043457054,0.6347255706787109,0.6969223022460938,0.6554519238446446,0.6946028283760981
1992,1992-03-26,1024,GI11,-32.169281,115.485823,W,86,37.0,21.240001678466797,35.84333419799805,21.073335647583008,35.85000228881836,22.15,35.6735,21.977400000000003,35.647999999999996,roms,21.802688598632812,36.52646255493164,21.76725959777832,36.80259704589844,fv,0.9099983215332017,-0.16983419799804977,0.9040643524169951,-0.20200228881836324,0.5626869201660156,0.6831283569335938,0.6939239501953125,0.9525947570800781
1992,1992-03-26,1030,GI45,-32.250108,115.508322,SW,86,38.0,21.295000076293945,35.89999771118164,21.045000076293945,35.93000030517578,22.11,35.709,21.9246,35.680800000000005,roms,21.823095321655273,36.769412994384766,21.784446716308594,36.7738151550293,fv,0.8149999237060541,-0.19099771118163744,0.8795999237060563,-0.2492003051757763,0.5280952453613281,0.869415283203125,0.7394466400146484,0.8438148498535156
1992,1992-03-26,1045,GI40,-32.250112,115.53333,SW,86,36.0,21.2450008392334,35.92000198364258,20.9950008392334,35.93000030517578,22.0995,35.7275,21.9448,35.711400000000005,roms,21.82389259338379,36.763057708740234,21.79021644592285,36.77802658081055,fv,0.8544991607666006,-0.19250198364257898,0.9497991607666023,-0.21860030517577655,0.5788917541503906,0.8430557250976562,0.7952156066894531,0.8480262756347656
1992,1992-03-26,1055,GI35,-32.250111,115.558327,SW,86,34.0,21.2450008392334,35.9900016784668,21.2450008392334,35.9900016784668,22.0925,35.7505,21.959799999999998,35.73780000000001,roms,21.8106632232666,36.65336990356445,21.772459030151367,36.77753829956055,fv,0.8474991607666027,-0.2395016784667945,0.7147991607665993,-0.25220167846678976,0.5656623840332031,0.6633682250976562,0.5274581909179688,0.78753662109375
1992,1992-03-26,1100,GI13,-32.208442,115.551664,W,86,31.0,21.260000228881836,35.8900032043457,21.240001678466797,35.8900032043457,22.1005,35.7425,21.9618,35.7302,roms,21.81432342529297,36.590789794921875,21.784954071044922,36.76943588256836,fv,0.8404997711181643,-0.1475032043457034,0.7217983215332033,-0.1598032043456996,0.5543231964111328,0.7007865905761719,0.544952392578125,0.8794326782226562
1992,1992-03-26,1115,GI30,-32.25011,115.599989,SW,86,28.0,20.9950008392334,35.92000198364258,20.94499969482422,35.92000198364258,22.107,35.772999999999996,21.978,35.783,roms,21.873144149780273,36.59800338745117,21.850770950317383,36.60866928100586,fv,1.1119991607666009,-0.147001983642582,1.0330003051757828,-0.13700198364257687,0.878143310546875,0.6780014038085938,0.9057712554931641,0.6886672973632812
1992,1992-03-26,1120,GI14,-32.228447,115.583331,W,86,32.0,21.290000915527344,35.8900032043457,21.240001678466797,35.92000198364258,22.107,35.772999999999996,21.978,35.783,roms,21.846725463867188,36.5962028503418,21.826440811157227,36.701560974121094,fv,0.8169990844726556,-0.11700320434570699,0.7379983215332047,-0.13700198364257687,0.5567245483398438,0.7061996459960938,0.5864391326904297,0.7815589904785156
1992,1992-03-26,1125,GI15,-32.250114,115.615826,SW,86,14.0,20.92500114440918,35.89999771118164,20.915000915527344,35.90999984741211,22.103,35.815,21.995,35.81,roms,21.744382858276367,36.614768981933594,21.73443031311035,36.611637115478516,fv,1.1779988555908218,-0.0849977111816429,1.0799990844726572,-0.0999998474121071,0.8193817138671875,0.7147712707519531,0.8194293975830078,0.7016372680664062
1992,1992-03-26,1140,GI15,-32.250114,115.615826,SW,86,14.0,20.990001678466797,35.790000915527344,20.990001678466797,35.810001373291016,22.103,35.815,21.995,35.81,roms,21.744382858276367,36.614768981933594,21.73443031311035,36.611637115478516,fv,1.1129983215332047,0.024999084472653976,1.0049983215332041,-1.3732910133512632e-06,0.7543811798095703,0.82476806640625,0.7444286346435547,0.8016357421875
1992,1992-03-26,1151,Y29,-32.026776,115.615828,NW,86,9.969270706176758,21.383323669433594,35.926849365234375,21.368061065673828,35.92672348022461,22.103,35.786,22.037,35.805,roms,21.735509872436523,36.4163818359375,21.726184844970703,36.41378402709961,fv,0.7196763305664078,-0.14084936523437364,0.6689389343261709,-0.12172348022460966,0.3521862030029297,0.489532470703125,0.358123779296875,0.487060546875
1992,1992-03-26,1209,Y31,-32.04844,115.554158,NW,86,29.23874282836914,21.38713264465332,35.9214973449707,21.309736251831055,35.9215087890625,22.115499999999997,35.724000000000004,22.031,35.732,roms,21.940671920776367,36.38932418823242,21.91814613342285,36.38484573364258,fv,0.728367355346677,-0.19749734497069937,0.7212637481689441,-0.18950878906250068,0.5535392761230469,0.46782684326171875,0.6084098815917969,0.4633369445800781
1992,1992-03-26,1223,Y33,-32.07178,115.501659,NW,86,43.52241516113281,21.181861877441406,35.88458251953125,20.658763885498047,35.9561767578125,22.1435,35.676,22.009,35.668,roms,21.884689331054688,36.54690933227539,21.821006774902344,36.791053771972656,fv,0.9616381225585933,-0.20858251953124807,1.3502361145019535,-0.28817675781250074,0.7028274536132812,0.6623268127441406,1.1622428894042969,0.8348770141601562
1992,1992-03-26,1237,Y37,-32.111777,115.506327,NW,86,39.55854797363281,21.23879051208496,35.901241302490234,20.673702239990234,35.96525573730469,22.137,35.680499999999995,21.875652459716797,35.669264871215816,roms,21.83245277404785,36.50443649291992,21.773752212524414,36.80519485473633,fv,0.8982094879150395,-0.22074130249023938,1.2019502197265624,-0.2959908660888715,0.5936622619628906,0.6031951904296875,1.1000499725341797,0.8399391174316406
1992,1992-03-26,1248,Y38,-32.117607,115.537488,NW,86,36.76642990112305,21.172718048095703,35.88804626464844,20.668006896972656,35.943809509277344,22.125500000000002,35.705,21.975,35.696,roms,21.86254119873047,36.4814338684082,21.782115936279297,36.79526138305664,fv,0.9527819519042993,-0.1830462646484392,1.3069931030273452,-0.2478095092773458,0.6898231506347656,0.5933876037597656,1.1141090393066406,0.8514518737792969
1992,1992-03-26,1259,Y39,-32.124274,115.568323,NW,86,35.212684631347656,21.214763641357422,35.894325256347656,20.740928649902344,35.95941925048828,22.122500000000002,35.734500000000004,22.017,35.733000000000004,roms,21.80527687072754,36.51417541503906,21.808467864990234,36.775150299072266,fv,0.9077363586425804,-0.1598252563476521,1.2760713500976557,-0.22641925048827716,0.5905132293701172,0.6198501586914062,1.0675392150878906,0.8157310485839844
1992,1992-03-26,1308,Y40,-32.12928,115.591661,NW,86,17.105125427246094,21.171510696411133,35.89663314819336,21.12765121459961,35.8941764831543,22.116999999999997,35.765,22.025,35.766,roms,21.827346801757812,36.62057876586914,21.801255609191852,36.614094275304424,fv,0.9454893035888645,-0.1316331481933588,0.8973487854003892,-0.12817648315429864,0.6558361053466797,0.7239456176757812,0.6736043945922425,0.7199177921501274
1992,1992-03-26,1316,Y41,-32.135113,115.618329,NW,86,21.190937042236328,21.286418914794922,35.914127349853516,21.049074172973633,35.90797805786133,22.101999999999997,35.801500000000004,22.039,35.815,roms,21.7590389251709,36.61111831665039,21.734918018282606,36.608044431962945,fv,0.8155810852050749,-0.1126273498535113,0.9899258270263687,-0.0929780578613304,0.47262001037597656,0.696990966796875,0.6858438453089732,0.7000663741016169
1992,1992-03-26,1831,OA45,-32.077944,115.616997,NW,86,19.799415588378906,21.223453521728516,35.85939025878906,21.230270385742188,35.870872497558594,22.1015,35.792,22.047,35.806,roms,21.774742126464844,36.42195129394531,21.745464324951172,36.4133415222168,fv,0.8780464782714859,-0.06739025878906091,0.8167296142578131,-0.06487249755859636,0.5512886047363281,0.56256103515625,0.5151939392089844,0.5424690246582031
1992,1992-03-26,1843,OA50,-32.099116,115.616996,NW,86,18.05979347229004,21.193513870239258,35.84618377685547,21.21198844909668,35.85056686401367,22.1015,35.792,22.047,35.806,roms,21.81133460998535,36.527095794677734,21.776344625522334,36.51445157622492,fv,0.9079861297607437,-0.05418377685546716,0.8350115509033209,-0.04456686401367449,0.6178207397460938,0.6809120178222656,0.5643561764256546,0.6638847122112495
1992,1992-03-27,0810,MN26,-32.333443,115.616662,SW,87,27.0,21.295000076293945,36.266666412353516,21.315000534057617,36.290000915527344,21.995,35.8455,21.929,35.852000000000004,roms,21.538530349731445,36.821712493896484,21.423124313354492,36.82237243652344,fv,0.6999999237060557,-0.4211664123535144,0.6139994659423813,-0.4380009155273399,0.2435302734375,0.5550460815429688,0.108123779296875,0.5323715209960938
1992,1992-03-27,0818,GI3,-32.133449,115.594989,NW,87,12.0,20.770000457763672,35.91999816894531,20.770000457763672,35.91999816894531,22.088500000000003,35.7575,22.024,35.754,roms,21.568702697753906,36.62330627441406,21.460619212973597,36.62027769661376,fv,1.3184995422363315,-0.16249816894531222,1.253999542236329,-0.16599816894531472,0.7987022399902344,0.70330810546875,0.6906187552099254,0.7002795276684495
1992,1992-03-27,0825,GI4,-32.133446,115.58583,NW,87,18.0,20.990001678466797,35.869998931884766,20.940000534057617,35.88999938964844,22.088500000000003,35.7575,22.02,35.754,roms,21.470428466796875,36.634674072265625,21.4191255569458,36.639400482177734,fv,1.0984983215332065,-0.11249893188476534,1.0799994659423824,-0.13599938964843972,0.4804267883300781,0.7646751403808594,0.4791250228881836,0.7494010925292969
1992,1992-03-27,0830,MN90,-32.333446,115.591663,SW,87,36.0,21.17500114440918,36.20000076293945,21.17500114440918,36.209999084472656,21.9995,35.8,21.937,35.81,roms,21.57442283630371,36.82005310058594,21.49375343322754,36.814395904541016,fv,0.8244988555908215,-0.40000076293945597,0.7619988555908215,-0.399999084472654,0.39942169189453125,0.6200523376464844,0.3187522888183594,0.6043968200683594
1992,1992-03-27,0840,MN88,-32.291782,115.59166,SW,87,34.0,20.9950008392334,36.119998931884766,20.9950008392334,36.119998931884766,22.029,35.796499999999995,21.951999999999998,35.798,roms,21.616958618164062,36.79314422607422,21.462236404418945,36.81283950805664,fv,1.0339991607666015,-0.32349893188477097,0.9569991607665997,-0.3219989318847638,0.6219577789306641,0.6731452941894531,0.4672355651855469,0.692840576171875
1992,1992-03-27,0841,Y29,-32.026776,115.615828,NW,87,9.36482048034668,20.976253509521484,35.92284393310547,20.98102378845215,35.92255783081055,22.059,35.7765,22.016,35.78,roms,21.31001091003418,36.54732894897461,21.263103632829324,36.55576970059397,fv,1.0827464904785167,-0.14634393310547011,1.0349762115478498,-0.14255783081054574,0.3337574005126953,0.6244850158691406,0.2820798443771757,0.6332118697834233
1992,1992-03-27,0845,GI6,-32.133447,115.53749,NW,87,33.0,21.040000915527344,35.88999938964844,21.040000915527344,35.91999816894531,22.0875,35.702,21.979,35.692,roms,21.70563316345215,36.60813522338867,21.771141052246094,36.757225036621094,fv,1.0474990844726548,-0.18799938964843932,0.9389990844726555,-0.22799816894531233,0.6656322479248047,0.7181358337402344,0.73114013671875,0.8372268676757812
1992,1992-03-27,0851,Y30,-32.035113,115.58333,NW,87,18.71296501159668,21.042543411254883,35.92524337768555,21.022722244262695,35.92976760864258,22.063,35.7445,22.02,35.749,roms,21.39615821838379,36.4831657409668,21.364928640386925,36.47703760159535,fv,1.020456588745116,-0.18074337768554471,0.9972777557373043,-0.1807676086425758,0.35361480712890625,0.55792236328125,0.34220639612422943,0.5472699929527707
1992,1992-03-27,0855,MN85,-32.291775,115.558326,SW,87,37.0,21.095001220703125,36.13999938964844,21.095001220703125,36.13999938964844,22.025,35.7645,21.935,35.768,roms,21.545198440551758,36.81973648071289,21.471839904785156,36.812355041503906,fv,0.9299987792968736,-0.3754993896484393,0.8399987792968737,-0.3719993896484368,0.4501972198486328,0.6797370910644531,0.37683868408203125,0.6723556518554688
1992,1992-03-27,0900,Y31,-32.04844,115.554158,NW,87,26.60921287536621,21.06175994873047,35.91969299316406,21.06717872619629,35.925086975097656,22.0745,35.721000000000004,22.007,35.726,roms,21.7081356048584,36.436458587646484,21.873538970947266,36.64999771118164,fv,1.0127400512695317,-0.19869299316405886,0.9398212738037124,-0.19908697509765716,0.6463756561279297,0.5167655944824219,0.8063602447509766,0.7249107360839844
1992,1992-03-27,0909,Y32,-32.059279,115.527994,NW,87,34.25778579711914,21.043136596679688,35.91395950317383,21.03341293334961,35.921661376953125,22.0935,35.699,22.029,35.689,roms,21.783540725708008,36.47242736816406,21.794952392578125,36.79080581665039,fv,1.0503634033203113,-0.21495950317383006,0.9955870666503905,-0.23266137695312494,0.7404041290283203,0.5584678649902344,0.7615394592285156,0.8691444396972656
1992,1992-03-27,0919,Y33,-32.07178,115.501659,NW,87,42.612648010253906,20.98381805419922,35.85565948486328,20.85516357421875,35.944862365722656,22.0925,35.678,21.991,35.663,roms,21.706138610839844,36.56950759887695,21.806795120239258,36.79372787475586,fv,1.1086819458007824,-0.17765948486328398,1.1358364257812497,-0.28186236572265955,0.722320556640625,0.7138481140136719,0.9516315460205078,0.8488655090332031
1992,1992-03-27,0920,GI8,-32.133448,115.459987,NW,87,45.0,21.040000915527344,35.88999938964844,21.023334503173828,35.89999771118164,22.127000000000002,35.653999999999996,21.941,35.611000000000004,roms,21.675302505493164,36.61335754394531,21.784881591796875,36.762691497802734,fv,1.0869990844726587,-0.23599938964844114,0.9176654968261708,-0.2889977111816364,0.6353015899658203,0.723358154296875,0.7615470886230469,0.8626937866210938
1992,1992-03-27,0930,GI55,-32.250112,115.458329,SW,87,42.0,20.9950008392334,35.97666549682617,20.9950008392334,36.0099983215332,22.103,35.6745,21.941399999999998,35.637800000000006,roms,21.780990600585938,36.82158279418945,21.71780776977539,36.81651306152344,fv,1.107999160766603,-0.30216549682617,0.9463991607665996,-0.37219832153319743,0.7859897613525391,0.8449172973632812,0.7228069305419922,0.8065147399902344
1992,1992-03-27,0933,Y37,-32.111777,115.506327,NW,87,39.59232711791992,20.98784828186035,35.89091873168945,20.992225646972656,35.89445114135742,22.087,35.682,21.890522766113282,35.67353237762451,roms,21.6867618560791,36.561981201171875,21.773056030273438,36.78120803833008,fv,1.0991517181396482,-0.20891873168945096,0.8982971191406257,-0.22091876373291086,0.69891357421875,0.6710624694824219,0.7808303833007812,0.8867568969726562
1992,1992-03-27,0948,Y38,-32.117607,115.537488,NW,87,36.54178237915039,21.010433197021484,35.901336669921875,21.011598587036133,35.902400970458984,22.0875,35.702,21.979,35.692,roms,21.71611213684082,36.54966354370117,21.776348114013672,36.76498794555664,fv,1.0770668029785142,-0.19933666992187682,0.9674014129638664,-0.2104009704589842,0.7056789398193359,0.6483268737792969,0.7647495269775391,0.8625869750976562
1992,1992-03-27,0950,GI50,-32.250108,115.483326,SW,87,40.0,20.9950008392334,35.97999954223633,20.9950008392334,35.97999954223633,22.0835,35.695,21.941,35.663,roms,21.768264770507812,36.812686920166016,21.702678680419922,36.80795669555664,fv,1.0884991607666024,-0.28499954223632784,0.9459991607666005,-0.3169995422363314,0.7732639312744141,0.8326873779296875,0.7076778411865234,0.8279571533203125
1992,1992-03-27,0959,Y39,-32.124274,115.568323,NW,87,35.378902435302734,21.035932540893555,35.93050003051758,21.02378273010254,35.927852630615234,22.0895,35.732,22.012999999999998,35.72,roms,21.729528427124023,36.701690673828125,21.733867645263672,36.73238754272461,fv,1.0535674591064463,-0.1985000305175788,0.9892172698974591,-0.2078526306152355,0.6935958862304688,0.7711906433105469,0.7100849151611328,0.804534912109375
1992,1992-03-27,1000,GI45,-32.250108,115.508322,SW,87,38.0,20.9950008392334,35.98999786376953,20.9950008392334,36.0,22.0665,35.7115,21.925,35.687599999999996,roms,21.70648765563965,36.82401657104492,21.638072967529297,36.8192138671875,fv,1.071499160766603,-0.27849786376953034,0.9299991607666023,-0.3124000000000038,0.71148681640625,0.8340187072753906,0.6430721282958984,0.8192138671875
1992,1992-03-27,1009,Y40,-32.12928,115.591661,NW,87,17.84126091003418,20.846752166748047,35.89399337768555,20.835649490356445,35.89742660522461,22.088500000000003,35.7575,22.02,35.754,roms,21.529451370239258,36.62806701660156,21.3731746673584,36.629215240478516,fv,1.2417478332519565,-0.1364933776855466,1.1843505096435543,-0.1434266052246116,0.6826992034912109,0.7340736389160156,0.5375251770019531,0.7317886352539062
1992,1992-03-27,1020,GI40,-32.250112,115.53333,SW,87,36.0,21.045000076293945,36.040000915527344,21.045000076293945,36.040000915527344,22.051,35.730999999999995,21.936400000000003,35.7196,roms,21.67523956298828,36.821868896484375,21.602062225341797,36.81682205200195,fv,1.005999923706053,-0.3090009155273492,0.8913999237060573,-0.32040091552734395,0.6302394866943359,0.7818679809570312,0.5570621490478516,0.7768211364746094
1992,1992-03-27,1021,Y41,-32.135113,115.618329,NW,87,21.997560501098633,20.86414909362793,35.90830612182617,20.76073455810547,35.888729095458984,22.0745,35.791,22.036,35.8,roms,21.59247589111328,36.60004425048828,21.519975662231445,36.599857330322266,fv,1.2103509063720708,-0.11730612182617506,1.2752654418945326,-0.08872909545898722,0.7283267974853516,0.6917381286621094,0.7592411041259766,0.7111282348632812
1992,1992-03-27,1025,GI12,-32.188446,115.518324,W,87,35.0,21.09000015258789,35.869998931884766,21.060001373291016,35.87999725341797,22.0815,35.697500000000005,21.95,35.671,roms,21.69579315185547,36.688194274902344,21.664899826049805,36.72087860107422,fv,0.9914998474121077,-0.1724989318847605,0.8899986267089837,-0.20899725341796938,0.6057929992675781,0.8181953430175781,0.6048984527587891,0.84088134765625
1992,1992-03-27,1030,GI35,-32.250111,115.558327,SW,87,34.0,21.125,36.06999969482422,21.125,36.09000015258789,22.047,35.7515,21.9516,35.7492,roms,21.647384643554688,36.80728530883789,21.56494903564453,36.824424743652344,fv,0.9220000000000006,-0.3184996948242187,0.8265999999999991,-0.34080015258788876,0.5223846435546875,0.7372856140136719,0.43994903564453125,0.7344245910644531
1992,1992-03-27,1045,GI13,-32.208442,115.551664,W,87,31.0,21.14000129699707,35.87999725341797,21.040000915527344,35.95000076293945,22.064999999999998,35.738,21.9694,35.731,roms,21.681928634643555,36.67997360229492,21.629150390625,36.709598541259766,fv,0.9249987030029274,-0.1419972534179692,0.9293990844726565,-0.21900076293945148,0.5419273376464844,0.7999763488769531,0.5891494750976562,0.7595977783203125
1992,1992-03-27,1050,GI30,-32.25011,115.599989,SW,87,28.0,20.911666870117188,36.013336181640625,20.895000457763672,36.040000915527344,22.054000000000002,35.783500000000004,21.97,35.785,roms,21.718551635742188,36.65919876098633,21.624483108520508,36.66368103027344,fv,1.1423331298828145,-0.22983618164062136,1.074999542236327,-0.25500091552734716,0.806884765625,0.6458625793457031,0.7294826507568359,0.6236801147460938
1992,1992-03-27,1100,GI15,-32.250114,115.615826,SW,87,14.0,20.69499969482422,35.99333190917969,20.69499969482422,36.0,22.057000000000002,35.8275,21.982,35.822,roms,21.54305076599121,36.68094253540039,21.489891052246094,36.67292404174805,fv,1.3620003051757834,-0.16583190917968693,1.2870003051757806,-0.17799999999999727,0.8480510711669922,0.6876106262207031,0.794891357421875,0.6729240417480469
1992,1992-03-27,1212,Y31,-32.04844,115.554158,NW,87,28.58761215209961,21.156492233276367,35.92549514770508,21.07855224609375,35.92499542236328,22.0745,35.721000000000004,22.007,35.726,roms,21.7081356048584,36.436458587646484,21.873538970947266,36.64999771118164,fv,0.9180077667236333,-0.2044951477050745,0.9284477539062514,-0.19899542236328216,0.5516433715820312,0.5109634399414062,0.7949867248535156,0.7250022888183594
1992,1992-03-27,1238,Y37,-32.111777,115.506327,NW,87,38.36387634277344,21.129507064819336,35.890079498291016,21.0240421295166,35.89643096923828,22.087,35.682,21.910177978515623,35.66910995483398,roms,21.6867618560791,36.561981201171875,21.773056030273438,36.78120803833008,fv,0.9574929351806638,-0.20807949829101346,0.8861358489990216,-0.2273210144043034,0.5572547912597656,0.6719017028808594,0.7490139007568359,0.8847770690917969
1992,1992-03-27,1254,Y39,-32.124274,115.568323,NW,87,35.61219024658203,21.18297576904297,35.92608642578125,21.073326110839844,35.94327163696289,22.0895,35.732,22.012999999999998,35.72,roms,21.729528427124023,36.701690673828125,21.733867645263672,36.73238754272461,fv,0.9065242309570323,-0.19408642578125068,0.9396738891601544,-0.22327163696289176,0.5465526580810547,0.775604248046875,0.6605415344238281,0.7891159057617188
1992,1992-03-27,1302,Y40,-32.12928,115.591661,NW,87,17.45952796936035,21.048934936523438,35.90333557128906,20.934310913085938,35.904972076416016,22.088500000000003,35.7575,22.02,35.754,roms,21.529451370239258,36.62806701660156,21.3731746673584,36.629215240478516,fv,1.0395650634765659,-0.14583557128906222,1.085689086914062,-0.15097207641601784,0.4805164337158203,0.7247314453125,0.43886375427246094,0.7242431640625
1992,1992-03-27,1309,Y41,-32.135113,115.618329,NW,87,21.183006286621094,21.317611694335938,35.98493576049805,20.723834991455078,35.88508224487305,22.0745,35.791,22.036,35.8,roms,21.59247589111328,36.60004425048828,21.520002092000944,36.599860854291535,fv,0.756888305664063,-0.19393576049805006,1.3121650085449232,-0.08508224487304972,0.27486419677734375,0.6151084899902344,0.7961671005458655,0.714778609418488
1992,1992-03-27,1330,V6,-31.859276,115.350175,N,87,48.0,22.21500015258789,35.827720642089844,21.17333221435547,35.760562896728516,22.2625,35.7365,21.7854,35.627,roms,,,,,fv,0.047499847412108664,-0.09122064208984426,0.6120677856445305,-0.13356289672851318,,,,
1992,1992-03-27,1416,V4,-31.859125,115.508111,N,87,40.20000076293945,21.787500381469727,35.8446044921875,21.670000076293945,35.8519287109375,22.087,35.653999999999996,21.776,35.615,roms,21.852441787719727,36.37425231933594,21.81580924987793,36.376102447509766,fv,0.2994996185302732,-0.19060449218750364,0.10599992370605449,-0.236928710937498,0.06494140625,0.5296478271484375,0.14580917358398438,0.5241737365722656
1992,1992-03-27,1440,V3,-31.859462,115.58818,N,87,33.29999923706055,21.42799949645996,35.936073303222656,21.219999313354492,35.9554557800293,22.1255,35.703500000000005,21.993,35.716,roms,21.94925880432129,36.36181640625,21.898080825805664,36.355857849121094,fv,0.6975005035400379,-0.2325733032226509,0.7730006866455064,-0.2394557800292958,0.5212593078613281,0.42574310302734375,0.6780815124511719,0.4004020690917969
1992,1992-03-27,1502,V2,-31.859356,115.666956,N,87,25.0,21.560001373291016,35.959774017333984,21.299999237060547,35.974491119384766,22.1545,35.7515,22.099,35.744,roms,22.09288215637207,36.51933288574219,22.02938993032254,36.51162434870037,fv,0.5944986267089831,-0.20827401733398432,0.7990007629394533,-0.23049111938476585,0.5328807830810547,0.5595588684082031,0.729390693261994,0.5371332293156073
1992,1992-03-27,1514,V1A,-31.858947,115.685692,N,87,20.899999618530273,21.593997955322266,36.03943634033203,21.380001068115234,36.004695892333984,22.137500000000003,35.798,22.105,35.781,roms,22.0853214263916,36.54062271118164,22.026351570946147,36.53426147549633,fv,0.5435020446777372,-0.24143634033202943,0.724998931884766,-0.22369589233398557,0.49132347106933594,0.5011863708496094,0.6463505028309129,0.5295655831623449
1992,1992-03-27,1530,V1,-31.859426,115.730226,N,87,12.399999618530273,22.161998748779297,36.113365173339844,21.683334350585938,36.10701370239258,22.073,35.927,22.021,35.932,roms,21.81648826599121,36.58079528808594,21.740070343017578,36.56755828857422,fv,-0.08899874877929648,-0.18636517333984415,0.3376656494140633,-0.17501370239257596,-0.34551048278808594,0.46743011474609375,0.056735992431640625,0.4605445861816406
1992,1992-04-15,0908,Y29,-32.026776,115.615828,NW,106,8.630240440368652,20.910114288330078,35.9720573425293,20.910175323486328,35.97930908203125,21.6205,35.695,21.606,35.697,roms,20.8118839263916,36.54680252075195,20.692374494244035,36.54396561490872,fv,0.7103857116699217,-0.2770573425292966,0.6958246765136735,-0.28230908203124727,-0.09823036193847656,0.5747451782226562,-0.21780082924229305,0.5646565328774713
1992,1992-04-15,0921,Y30,-32.035113,115.58333,NW,106,18.088211059570312,21.075653076171875,35.93009567260742,21.03894805908203,35.939945220947266,21.7215,35.659499999999994,21.709,35.662,roms,20.95330238342285,36.57564926147461,20.838035874417983,36.59058216284029,fv,0.6458469238281239,-0.2705956726074277,0.6700519409179684,-0.2779452209472666,-0.12235069274902344,0.6455535888671875,-0.20091218466404825,0.6506369418930262
1992,1992-04-15,0933,Y31,-32.04844,115.554158,NW,106,27.62867546081543,21.240766525268555,35.88835144042969,21.21957778930664,35.897674560546875,21.819499999999998,35.63,21.79,35.638,roms,21.128929138183594,36.5847053527832,21.057964324951172,36.576629638671875,fv,0.5787334747314432,-0.25835144042968494,0.5704222106933585,-0.2596745605468769,-0.11183738708496094,0.6963539123535156,-0.16161346435546875,0.678955078125
1992,1992-04-15,0944,Y32,-32.059279,115.527994,NW,106,11.149801254272461,21.31031036376953,35.86417007446289,21.307825088500977,35.55210876464844,21.891,35.605500000000006,21.87659920501709,35.60797569561005,roms,21.17896270751953,36.55571365356445,21.103130787112605,36.55360136319359,fv,0.580689636230467,-0.25867007446288426,0.5687741165161135,0.05586693096161355,-0.13134765625,0.6915435791015625,-0.20469430138837197,1.0014925985451555
1992,1992-04-15,1000,Y33,-32.07178,115.501659,NW,106,28.534706115722656,21.304136276245117,35.86608123779297,21.300004959106445,35.86952209472656,21.9425,35.5955,21.919912586975098,35.59406941223145,roms,20.989099502563477,36.60239028930664,20.7862053327437,36.61078781237593,fv,0.6383637237548818,-0.2705812377929675,0.6199076278686526,-0.27545268249511423,-0.3150367736816406,0.7363090515136719,-0.5137996263627436,0.7412657176493695
1992,1992-04-15,1011,Y34,-32.085108,115.474159,NW,106,30.03411293029785,21.288230895996094,35.85468292236328,21.266538619995117,35.8633918762207,21.9785,35.591499999999996,21.99384990310669,35.57502729034424,roms,20.8713321685791,36.51150894165039,20.796347644958587,36.53410013812633,fv,0.6902691040039066,-0.2631829223632849,0.7273112831115718,-0.2883645858764652,-0.4168987274169922,0.6568260192871094,-0.4701909750365303,0.6707082619056237
1992,1992-04-15,1028,Y35,-32.098446,115.444987,NW,106,30.849767684936523,21.33169174194336,35.833580017089844,21.313247680664062,35.837554931640625,22.0195,35.5905,22.088261022186277,35.56366009292603,roms,20.879661560058594,36.52217483520508,20.8287762875887,36.54759087892405,fv,0.6878082580566414,-0.24308001708984506,0.7750133415222145,-0.27389483871459674,-0.4520301818847656,0.6885948181152344,-0.48447139307536347,0.7100359472834228
1992,1992-04-15,1226,GI40,-32.250112,115.53333,SW,106,31.432279586791992,21.33468246459961,35.865726470947266,21.209247589111328,35.8704719543457,21.7525,35.6395,21.7081250579834,35.6444374710083,roms,21.189043045043945,36.23322677612305,21.10791896920663,36.2330618315504,fv,0.4178175354003919,-0.22622647094726744,0.4988774688720703,-0.22603448333740062,-0.14563941955566406,0.36750030517578125,-0.10132861990469877,0.36258987720469804
1992,1992-04-15,1241,GI35,-32.250111,115.558327,SW,106,30.973102569580078,21.381980895996094,35.88504409790039,21.152862548828125,35.90317153930664,21.715,35.6515,21.66005379486084,35.66994620513916,roms,21.17412757873535,36.23627853393555,21.096043331623125,36.232050299063914,fv,0.3330191040039061,-0.233544097900392,0.5071912460327148,-0.2332253341674786,-0.2078533172607422,0.35123443603515625,-0.05681921720499972,0.32887875975727354
1992,1992-04-15,1255,GI30,-32.25011,115.599989,SW,106,26.95188331604004,21.286909103393555,35.9593505859375,21.092374801635742,35.98314666748047,21.673000000000002,35.67,21.615,35.699,roms,21.113954544067383,36.2666130065918,21.003799438476562,36.26901626586914,fv,0.38609089660644713,-0.2893505859374983,0.5226251983642562,-0.2841466674804707,-0.17295455932617188,0.3072624206542969,-0.08857536315917969,0.2858695983886719
1992,1992-04-15,1305,GI15,-32.250114,115.615826,SW,106,11.722846984863281,21.202241897583008,35.94590759277344,21.103408813476562,35.954044342041016,21.617,35.698499999999996,21.568355800628662,35.70761423492432,roms,21.02638816833496,36.287906646728516,20.933317184448242,36.284969329833984,fv,0.41475810241699307,-0.24740759277344182,0.4649469871520999,-0.24643010711669433,-0.17585372924804688,0.3419990539550781,-0.1700916290283203,0.33092498779296875
1992,1992-04-30,0919,Y29,-32.026776,115.615828,NW,121,8.46534538269043,20.843368530273438,35.861122131347656,20.84735679626465,35.86212158203125,21.217,35.674,21.234,35.67,roms,20.27779197692871,36.309207916259766,20.255546476539166,36.307432646877714,fv,0.37363146972656125,-0.18712213134765676,0.3866432037353533,-0.1921215820312483,-0.5655765533447266,0.4480857849121094,-0.5918103197254823,0.44531106484646443
1992,1992-04-30,0931,Y30,-32.035113,115.58333,NW,121,21.073162078857422,21.702810287475586,35.7429313659668,20.997421264648438,35.86431884765625,21.42,35.6435,21.439,35.639,roms,20.71611213684082,36.13113021850586,20.68381118774414,36.12541580200195,fv,-0.28281028747558423,-0.0994313659667938,0.44157873535156256,-0.2253188476562471,-0.9866981506347656,0.3881988525390625,-0.3136100769042969,0.2610969543457031
1992,1992-04-30,0939,Y31,-32.04844,115.554158,NW,121,30.10084342956543,21.979856491088867,35.6447639465332,21.403850555419922,35.810340881347656,21.579,35.6185,21.595,35.615,roms,21.002668380737305,36.01469039916992,20.96512794494629,36.014713287353516,fv,-0.40085649108886656,-0.02626394653320574,0.191149444580077,-0.19534088134765426,-0.9771881103515625,0.36992645263671875,-0.4387226104736328,0.20437240600585938
1992,1992-04-30,0949,Y32,-32.059279,115.527994,NW,121,34.72866439819336,21.871334075927734,35.71491622924805,21.6138973236084,35.77824401855469,21.716,35.601,21.738,35.595,roms,21.07825469970703,36.03255081176758,20.988088607788086,36.20167541503906,fv,-0.1553340759277333,-0.11391622924804778,0.12410267639160111,-0.18324401855468864,-0.7930793762207031,0.31763458251953125,-0.6258087158203125,0.423431396484375
1992,1992-04-30,1002,Y33,-32.07178,115.501659,NW,121,45.09820556640625,21.963092803955078,35.664024353027344,21.682289123535156,35.7587776184082,21.802999999999997,35.587,21.83,35.581,roms,21.0644474029541,36.05727767944336,20.805185317993164,36.35444259643555,fv,-0.16009280395508085,-0.07702435302734045,0.14771087646484204,-0.17777761840820006,-0.8986454010009766,0.3932533264160156,-0.8771038055419922,0.5956649780273438
1992,1992-04-30,1013,Y34,-32.085108,115.474159,NW,121,46.776676177978516,22.194557189941406,35.636497497558594,21.228351593017578,35.859657287597656,21.848,35.58,21.876,35.581,roms,20.815704345703125,36.16048812866211,20.606882095336914,36.415977478027344,fv,-0.3465571899414073,-0.056497497558595455,0.6476484069824231,-0.2786572875976532,-1.3788528442382812,0.5239906311035156,-0.6214694976806641,0.5563201904296875
1992,1992-04-30,1023,Y35,-32.098446,115.444987,NW,121,46.53142547607422,22.291833877563477,35.621177673339844,21.407180786132812,35.828399658203125,21.905,35.573499999999996,21.99924578857422,35.56143198699951,roms,20.864059448242188,36.11850357055664,20.733299255371094,36.343955993652344,fv,-0.3868338775634754,-0.04767767333984807,0.5920650024414087,-0.2669676712036164,-1.427774429321289,0.4973258972167969,-0.6738815307617188,0.5155563354492188
1992,1992-04-30,1352,GI15,-32.250114,115.615826,SW,121,15.472559928894043,22.108022689819336,35.705055236816406,21.960342407226562,35.70920181274414,21.157,35.672,21.139,35.676,roms,20.49001121520996,36.289493560791016,20.405113220214844,36.288368225097656,fv,-0.9510226898193359,-0.033055236816409206,-0.8213424072265632,-0.03320181274413869,-1.618011474609375,0.5844383239746094,-1.5552291870117188,0.5791664123535156
1992,1992-04-30,1358,GI30,-32.25011,115.599989,SW,121,29.56275749206543,22.084823608398438,35.70259094238281,21.237295150756836,35.86673355102539,21.3645,35.644,21.262,35.662,roms,20.6839656829834,36.262935638427734,20.59347915649414,36.263214111328125,fv,-0.7203236083984379,-0.05859094238281415,0.024704849243164517,-0.2047335510253916,-1.400857925415039,0.5603446960449219,-0.6438159942626953,0.3964805603027344
1992,1992-05-26,0727,Y29PK,-32.017779,115.601575,NW,147,8.796764373779297,18.86441993713379,35.757328033447266,18.871713638305664,35.7825927734375,20.6585,35.544,20.737,35.542,roms,19.16902732849121,35.821781158447266,19.163297653198242,35.8212890625,fv,1.794080062866211,-0.2133280334472687,1.8652863616943343,-0.2405927734374984,0.3046073913574219,0.064453125,0.2915840148925781,0.0386962890625
1992,1992-05-26,0733,Y30PK,-32.033615,115.583322,NW,147,17.36613655090332,19.21462059020996,35.754920959472656,18.971477508544922,35.7883415222168,20.6585,35.544,20.737,35.542,roms,19.14363670349121,35.81890869140625,19.027914633570756,35.83343407731797,fv,1.4438794097900391,-0.21092095947265932,1.7655224914550764,-0.24634152221679528,-0.07098388671875,0.06398773193359375,0.05643712502583398,0.04509255510117072
1992,1992-05-26,0741,Y31PK,-32.034948,115.55041,NW,147,23.178693771362305,19.506742477416992,35.766197204589844,19.505455017089844,35.77111053466797,20.881,35.534499999999994,20.937,35.533,roms,19.22637176513672,35.81892395019531,19.251094818115234,35.83914566040039,fv,1.374257522583008,-0.23169720458984955,1.4315449829101574,-0.2381105346679675,-0.28037071228027344,0.05272674560546875,-0.2543601989746094,0.06803512573242188
1992,1992-05-26,0754,Y32PK,-32.051024,115.517789,NW,147,35.79048156738281,19.53718376159668,35.76427459716797,19.14290428161621,35.190956115722656,21.2205,35.519499999999994,21.39,35.509,roms,19.255308151245117,35.8333854675293,19.083423614501953,35.889041900634766,fv,1.6833162384033216,-0.24477459716797512,2.2470957183837896,0.3180438842773441,-0.2818756103515625,0.06911087036132812,-0.05948066711425781,0.6980857849121094
1992,1992-05-26,0821,Y33PK,-32.067279,115.500154,NW,147,44.175811767578125,19.422304153442383,35.69438171386719,18.914587020874023,35.80825424194336,21.246499999999997,35.5185,21.361,35.513,roms,19.656394958496094,35.77214431762695,18.975990295410156,35.90595626831055,fv,1.8241958465576147,-0.17588171386718443,2.446412979125977,-0.29525424194336125,0.23409080505371094,0.07776260375976562,0.06140327453613281,0.0977020263671875
1992,1992-05-26,0832,Y34PK,-32.083611,115.467414,NW,147,45.49485778808594,19.21389389038086,35.739444732666016,19.03104591369629,35.79972457885742,21.32,35.516000000000005,21.462,35.511,roms,19.646799087524414,35.77831268310547,18.83062171936035,35.94044494628906,fv,2.106106109619141,-0.22344473266601028,2.4309540863037107,-0.2887245788574191,0.4329051971435547,0.038867950439453125,-0.2004241943359375,0.14072036743164062
1992,1992-05-26,0842,Y35PK,-32.08494,115.434494,NW,147,42.053348541259766,19.330583572387695,35.73579788208008,19.27047348022461,35.7905387878418,21.3795,35.5125,21.694503744506836,35.49605334854126,roms,19.396163940429688,35.83586502075195,18.83633190948438,35.95646580524804,fv,2.048916427612305,-0.22329788208007528,2.4240302642822265,-0.29448543930053717,0.06558036804199219,0.100067138671875,-0.4341415707402305,0.16592701740623994
1992,1992-05-26,0852,Y35WPK,-32.101126,115.416659,NW,147,46.71731948852539,20.086091995239258,35.6914176940918,19.462556838989258,35.786685943603516,21.3855,35.5135,21.798696083068847,35.49003039169312,roms,19.111953735351562,35.89849853515625,18.693269729614258,35.98516845703125,fv,1.2994080047607426,-0.17791769409179636,2.3361392440795896,-0.2966555519103977,-0.9741382598876953,0.20708084106445312,-0.769287109375,0.19848251342773438
1992,1992-05-26,0905,Y35W1,-32.099126,115.392512,NW,147,56.04986572265625,20.501493453979492,35.697776794433594,19.45562171936035,35.79597473144531,21.46,35.506,21.89236616821289,35.480629919433596,roms,19.574064254760742,35.82899856567383,18.750173568725586,35.97422409057617,fv,0.9585065460205087,-0.19177679443359352,2.43674444885254,-0.31534481201171616,-0.92742919921875,0.13122177124023438,-0.7054481506347656,0.17824935913085938
1992,1992-05-26,0930,RC20,-32.167959,115.454847,W,147,45.723365783691406,20.199508666992188,35.70383071899414,19.78339385986328,35.762672424316406,21.298000000000002,35.52,21.63441343536377,35.502868038940434,roms,18.55068588256836,35.964168548583984,18.434585571289062,35.9547233581543,fv,1.0984913330078143,-0.1838307189941375,1.8510195755004872,-0.25980438537597195,-1.6488227844238281,0.26033782958984375,-1.3488082885742188,0.19205093383789062
1992,1992-05-26,0957,GI40,-32.250112,115.53333,SW,147,35.883296966552734,19.802719116210938,35.64469909667969,19.17810821533203,35.78524398803711,20.987000000000002,35.533500000000004,20.985621003723146,35.535766593933104,roms,19.36153221130371,35.84519958496094,18.452665328979492,35.97749710083008,fv,1.1842808837890644,-0.11119909667968386,1.807512788391115,-0.24947739410400516,-0.44118690490722656,0.20050048828125,-0.7254428863525391,0.19225311279296875
1992,1992-05-26,1016,GI35,-32.250111,115.558327,SW,147,34.95985794067383,19.42102813720703,35.76223373413086,18.83643913269043,35.81704330444336,20.872500000000002,35.539,20.80965832977295,35.54395182952881,roms,18.888830184936523,35.88444137573242,18.158647537231445,35.99006652832031,fv,1.451471862792971,-0.2232337341308579,1.9732191970825212,-0.2730914749145512,-0.5321979522705078,0.1222076416015625,-0.6777915954589844,0.17302322387695312
1992,1992-05-26,1029,GI30,-32.25011,115.599989,SW,147,27.401260375976562,18.684326171875,35.735450744628906,18.566110610961914,35.80930709838867,20.685000000000002,35.545500000000004,20.5,35.559,roms,18.208372116088867,35.93624496459961,17.938291549682617,35.96114730834961,fv,2.0006738281250023,-0.18995074462890216,1.933889389038086,-0.2503070983886744,-0.4759540557861328,0.20079421997070312,-0.6278190612792969,0.1518402099609375
1992,1992-05-26,1034,GI15,-32.250114,115.615826,SW,147,12.011000633239746,18.897186279296875,35.770896911621094,18.735065460205078,35.75096893310547,20.4055,35.557500000000005,20.505840490818024,35.553011000633234,roms,18.007110595703125,35.953304290771484,17.85901641845703,35.9695930480957,fv,1.508313720703125,-0.2133969116210892,1.7707750306129455,-0.19795793247223514,-0.89007568359375,0.18240737915039062,-0.8760490417480469,0.21862411499023438
1992,1992-07-24,0745,Y29,-32.026776,115.615828,NW,206,11.466796875,19.012710571289062,35.406246185302734,19.023439407348633,35.41301345825195,18.2905,35.4025,18.265,35.403,roms,,,,,fv,-0.722210571289061,-0.0037461853027309644,-0.7584394073486322,-0.010013458251954432,,,,
1992,1992-07-24,0753,Y30,-32.035113,115.58333,NW,206,20.50027084350586,19.63105010986328,35.51771926879883,19.643159866333008,35.544681549072266,18.581000000000003,35.400999999999996,18.564,35.400999999999996,roms,,,,,fv,-1.0500501098632782,-0.11671926879883188,-1.0791598663330078,-0.14368154907226938,,,,
1992,1992-07-24,0803,Y31,-32.04844,115.554158,NW,206,30.694860458374023,19.89997100830078,35.522682189941406,19.896894454956055,35.53090286254883,18.86,35.400499999999994,18.866,35.4,roms,,,,,fv,-1.0399710083007818,-0.12218218994141239,-1.030894454956055,-0.13090286254882955,,,,
1992,1992-07-24,0812,Y32,-32.059279,115.527994,NW,206,34.33223342895508,20.062253952026367,35.520423889160156,19.953535079956055,35.52870559692383,19.147,35.400499999999994,19.269,35.4,roms,,,,,fv,-0.9152539520263687,-0.11992388916016239,-0.6845350799560563,-0.12870559692382955,,,,
1992,1992-07-24,0820,Y33,-32.07178,115.501659,NW,206,44.81675338745117,20.147811889648438,35.527015686035156,19.60202980041504,35.545745849609375,19.2875,35.400999999999996,19.389,35.397999999999996,roms,,,,,fv,-0.8603118896484361,-0.12601568603516,-0.21302980041503972,-0.14774584960937887,,,,
1992,1992-07-24,0827,Y33N5,-32.058446,115.499991,NW,206,41.32048416137695,20.119644165039062,35.51519775390625,20.03407096862793,35.53244400024414,19.2875,35.400999999999996,19.389,35.397999999999996,roms,,,,,fv,-0.8321441650390611,-0.11419775390625375,-0.6450709686279303,-0.1344440002441445,,,,
1992,1992-07-24,0834,Y33N10,-32.041776,115.499988,NW,206,13.306635856628418,20.128185272216797,35.50812530517578,20.128828048706055,35.52712631225586,19.253,35.400499999999994,19.40912013864517,35.4,roms,,,,,fv,-0.8751852722167968,-0.10762530517578739,-0.7197079100608832,-0.1271263122558608,,,,
1992,1992-07-24,0855,Y34,-32.085108,115.474159,NW,206,46.10000228881836,20.192428588867188,35.5251350402832,18.24117088317871,35.56119155883789,19.340000000000003,35.4,19.431,35.397,roms,,,,,fv,-0.8524285888671841,-0.12513504028320455,1.18982911682129,-0.16419155883789216,,,,
1992,1992-07-24,0906,Y35,-32.098446,115.444987,NW,206,45.24139404296875,20.21432876586914,35.524173736572266,18.23821449279785,35.57463073730469,19.399,35.4,19.64814440917969,35.39509655761719,roms,,,,,fv,-0.8153287658691397,-0.12417373657226705,1.409929916381838,-0.17953417968750074,,,,
1992,1992-07-24,0920,Y35W1,-32.099126,115.392512,NW,206,54.98143005371094,20.175865173339844,35.52476119995117,19.69609260559082,35.554771423339844,19.487000000000002,35.397,19.94117084350586,35.39300371398925,roms,,,,,fv,-0.6888651733398419,-0.1277611999511734,0.24507823791503824,-0.16176770935059182,,,,
1992,1992-07-24,0933,PPS005,-32.149124,115.392504,NW,206,50.09722900390625,20.17755126953125,35.534481048583984,18.503835678100586,35.549659729003906,19.405,35.399,19.93870685424805,35.393990277099604,roms,,,,,fv,-0.7725512695312489,-0.13548104858398347,1.434871176147464,-0.15566945190430204,,,,
1992,1992-07-24,1003,GI100,-32.25011,115.416657,SW,206,46.81165313720703,18.870346069335938,35.54182052612305,18.275527954101562,35.518280029296875,19.265,35.4055,19.664201896667482,35.39936233062744,roms,,,,,fv,0.39465393066406307,-0.13632052612304335,1.3886739425659194,-0.11891769866943491,,,,
1992,1992-07-24,1029,GI40,-32.250112,115.53333,SW,206,35.829322814941406,19.518482208251953,35.5216178894043,18.654621124267578,35.50701904296875,19.025,35.403999999999996,19.071930387878417,35.404165864562984,roms,,,,,fv,-0.49348220825195455,-0.11761788940430051,0.4173092636108393,-0.10285317840576624,,,,
1992,1992-07-24,1037,GI35,-32.250111,115.558327,SW,206,34.98771667480469,19.652761459350586,35.531795501708984,18.951263427734375,35.51776123046875,18.919,35.4045,18.88720635986328,35.403,roms,,,,,fv,-0.7337614593505855,-0.12729550170898563,-0.06405706787109366,-0.11476123046875131,,,,
1992,1992-07-24,1050,GI30,-32.25011,115.599989,SW,206,28.66924476623535,19.74032974243164,35.543548583984375,19.74598503112793,35.54203414916992,18.7665,35.403499999999994,18.575,35.403,roms,,,,,fv,-0.97382974243164,-0.14004858398438103,-1.1709850311279304,-0.13903414916992318,,,,
1992,1992-07-24,1056,GI15,-32.250114,115.615826,SW,206,12.272941589355469,18.985919952392578,35.537506103515625,18.92365264892578,35.54621887207031,18.484,35.4045,18.517818824768067,35.405,roms,,,,,fv,-0.5019199523925764,-0.13300610351562625,-0.40583382415771396,-0.14121887207031136,,,,
1992,1992-09-09,0732,Y29,-32.026776,115.615828,NW,253,10.285517692565918,16.363706588745117,35.17205810546875,16.36310577392578,35.17092514038086,17.881,35.458,17.852,35.456,roms,,,,,fv,1.517293411254883,0.2859418945312484,1.488894226074219,0.2850748596191437,,,,
1992,1992-09-09,0740,Y30,-32.035113,115.58333,NW,253,20.476850509643555,16.72420310974121,35.32044219970703,16.73408317565918,35.32437515258789,18.044,35.4525,18.039,35.449,roms,,,,,fv,1.3197968902587895,0.13205780029296932,1.3049168243408218,0.12462484741210744,,,,
1992,1992-09-09,0749,Y31,-32.04844,115.554158,NW,253,29.66896629333496,16.90751075744629,35.259849548339844,17.018325805664062,35.347896575927734,18.229,35.448499999999996,18.219,35.444,roms,,,,,fv,1.3214892425537101,0.18865045166015193,1.2006741943359387,0.09610342407226824,,,,
1992,1992-09-09,0806,Y33,-32.07178,115.501659,NW,253,45.56193923950195,18.049339294433594,35.504371643066406,17.86707878112793,35.501380920410156,18.466,35.444,18.58,35.436,roms,,,,,fv,0.41666070556640733,-0.060371643066403635,0.7129212188720686,-0.0653809204101563,,,,
1992,1992-09-09,0812,Y33N5,-32.058446,115.499991,NW,253,33.115848541259766,17.81591796875,35.49977111816406,17.82061004638672,35.503665924072266,18.466,35.444,18.58,35.436,roms,,,,,fv,0.6500820312500011,-0.055771118164059885,0.7593899536132795,-0.06766592407226568,,,,
1992,1992-09-09,0820,Y33N10,-32.041776,115.499988,NW,253,34.80314636230469,17.838794708251953,35.503971099853516,17.795429229736328,35.49855422973633,18.463,35.4435,18.604,35.434,roms,,,,,fv,0.6242052917480478,-0.0604710998535154,0.8085707702636711,-0.06455422973633063,,,,
1992,1992-09-09,0826,Y33N15,-32.025107,115.499995,NW,253,24.23889923095703,17.980880737304688,35.52595901489258,17.985702514648438,35.52926254272461,18.463,35.4435,18.604,35.434,roms,,,,,fv,0.48211926269531347,-0.0824590148925779,0.6182974853515617,-0.09526254272461188,,,,
1992,1992-09-09,0843,Y34,-32.085108,115.474159,NW,253,46.37028503417969,18.225719451904297,35.535369873046875,17.934215545654297,35.50886535644531,18.497,35.443,18.576999999999998,35.436,roms,,,,,fv,0.271280548095703,-0.09236987304687716,0.6427844543457013,-0.07286535644531256,,,,
1992,1992-09-09,0855,Y35,-32.098446,115.444987,NW,253,45.77023696899414,18.50128746032715,35.555152893066406,18.30354118347168,35.538612365722656,18.5215,35.441500000000005,18.699214066314696,35.433,roms,,,,,fv,0.020212539672851193,-0.11365289306640136,0.3956728828430158,-0.10561236572265642,,,,
1992,1992-09-09,0912,Y35W1,-32.099126,115.392512,NW,253,55.4609260559082,18.951326370239258,35.58699417114258,18.839487075805664,35.582603454589844,18.570500000000003,35.481,18.891404776763917,35.46654609260559,roms,,,,,fv,-0.38082637023925514,-0.10599417114257648,0.051917700958252766,-0.11605736198425376,,,,
1992,1992-09-09,0926,PPS005,-32.149124,115.392504,NW,253,50.073795318603516,18.89955711364746,35.58034133911133,18.891626358032227,35.582340240478516,18.509,35.481,18.878025901794434,35.466014759063725,roms,,,,,fv,-0.3905571136474606,-0.09934133911132648,-0.013600456237792713,-0.11632548141479049,,,,
1992,1992-09-09,0940,PPS010,-32.183443,115.416657,W,253,49.98645782470703,18.822294235229492,35.569576263427734,18.028478622436523,35.50362014770508,18.441,35.4415,18.743111045837402,35.42899729156494,roms,,,,,fv,-0.38129423522949324,-0.1280762634277366,0.7146324234008787,-0.07462285614013808,,,,
1992,1992-09-09,0959,GI100,-32.25011,115.416657,SW,253,47.11829376220703,17.59210777282715,35.471412658691406,17.5531063079834,35.46974563598633,18.4055,35.441500000000005,18.698511697387694,35.42942365875244,roms,,,,,fv,0.8133922271728515,-0.02991265869140136,1.1454053894042957,-0.040321977233887196,,,,
1992,1992-09-09,1029,GI40,-32.250112,115.53333,SW,253,35.8372917175293,17.40922737121582,35.43533706665039,17.276065826416016,35.413204193115234,18.268,35.447500000000005,18.261985749816894,35.443,roms,,,,,fv,0.8587726287841804,0.012162933349614491,0.9859199234008784,0.029795806884763465,,,,
1992,1992-09-09,1037,GI35,-32.250111,115.558327,SW,253,34.74713897705078,17.018892288208008,35.34209060668945,16.923494338989258,35.32561111450195,18.235500000000002,35.4485,18.164820599365235,35.44694942779541,roms,,,,,fv,1.216607711791994,0.10640939331054966,1.2413262603759776,0.12133831329345668,,,,
1992,1992-09-09,1049,GI30,-32.25011,115.599989,SW,253,28.6256160736084,16.445737838745117,35.075218200683594,16.674009323120117,35.210487365722656,18.1315,35.452,18.028,35.452,roms,,,,,fv,1.6857621612548819,0.37678179931640443,1.3539906768798815,0.24151263427734193,,,,
1992,1992-09-09,1055,GI15,-32.250114,115.615826,SW,253,11.421504974365234,15.79943561553955,34.672821044921875,15.792173385620117,34.67353057861328,17.955,35.459,17.934197860717774,35.455710752487185,roms,,,,,fv,2.1555643844604475,0.7861789550781282,2.1420244750976565,0.782180173873904,,,,
1992,1992-09-17,0710,Y29,-32.026776,115.615828,NW,261,10.148138999938965,16.499662399291992,34.89122772216797,16.495620727539062,34.93166732788086,17.889499999999998,35.4845,17.874,35.485,roms,,,,,fv,1.389837600708006,0.5932722778320283,1.3783792724609363,0.5533326721191401,,,,
1992,1992-09-17,0717,Y30,-32.035113,115.58333,NW,261,15.398565292358398,16.511741638183594,34.56632995605469,17.0366153717041,35.09120559692383,18.0725,35.474000000000004,18.086,35.473,roms,,,,,fv,1.5607583618164078,0.9076700439453163,1.049384628295897,0.38179440307617085,,,,
1992,1992-09-17,0724,Y31,-32.04844,115.554158,NW,261,16.677873611450195,16.64060401916504,34.81635665893555,17.56325912475586,35.382999420166016,18.2485,35.467,18.249,35.464,roms,,,,,fv,1.6078959808349609,0.6506433410644519,0.6857408752441394,0.08100057983398301,,,,
1992,1992-09-17,0731,Y32,-32.059279,115.527994,NW,261,30.775985717773438,17.211183547973633,35.19127655029297,16.99028778076172,35.308895111083984,18.391,35.459500000000006,18.439,35.454,roms,,,,,fv,1.1798164520263654,0.2682234497070368,1.4487122192382813,0.14510488891601625,,,,
1992,1992-09-17,0738,Y33,-32.07178,115.501659,NW,261,44.59345245361328,17.077417373657227,35.06501007080078,17.043336868286133,35.33192443847656,18.442,35.4565,18.515,35.45,roms,,,,,fv,1.3645826263427736,0.3914899291992171,1.4716631317138678,0.11807556152344034,,,,
1992,1992-09-17,0744,Y33N5,-32.058446,115.499991,NW,261,40.887638092041016,17.135128021240234,35.149330139160156,17.03590965270996,35.326961517333984,18.442,35.4565,18.515,35.45,roms,,,,,fv,1.3068719787597658,0.3071698608398421,1.4790903472900396,0.12303848266601847,,,,
1992,1992-09-17,0751,Y33N10,-32.041776,115.499988,NW,261,33.82218933105469,17.180065155029297,35.11902618408203,17.056886672973633,35.32280349731445,18.456000000000003,35.457499999999996,18.559,35.45,roms,,,,,fv,1.2759348449707062,0.33847381591796477,1.5021133270263682,0.12719650268554972,,,,
1992,1992-09-17,0757,Y33N15,-32.025107,115.499995,NW,261,22.829336166381836,17.464759826660156,35.31290817260742,17.91854476928711,35.54606628417969,18.456000000000003,35.457499999999996,18.559,35.45,roms,,,,,fv,0.9912401733398468,0.14459182739257415,0.6404552307128917,-0.09606628417968466,,,,
1992,1992-09-17,0812,Y34,-32.085108,115.474159,NW,261,46.07893753051758,16.950057983398438,35.02237319946289,17.343793869018555,35.40476989746094,18.482,35.458,18.521,35.446,roms,,,,,fv,1.5319420166015618,0.4356268005371078,1.177206130981446,0.041230102539060454,,,,
1992,1992-09-17,0822,Y35,-32.098446,115.444987,NW,261,44.06991195678711,17.084705352783203,35.134307861328125,18.084928512573242,35.50910568237305,18.517,35.4575,18.68127716217041,35.44162796478271,roms,,,,,fv,1.4322946472167963,0.3231921386718781,0.5963486495971679,-0.06747771759033583,,,,
1992,1992-09-17,0834,Y35W1,-32.099126,115.392512,NW,261,55.02973175048828,18.23222541809082,35.38037109375,18.248111724853516,35.57157516479492,18.576,35.498,18.858881072998045,35.475497026824954,roms,,,,,fv,0.3437745819091802,0.11762890624999756,0.6107693481445295,-0.09607813796996822,,,,
1992,1992-09-17,0846,PPS005,-32.149124,115.392504,NW,261,49.21706771850586,18.382843017578125,35.48028564453125,18.392301559448242,35.590370178222656,18.5105,35.498000000000005,18.81448052597046,35.4791565864563,roms,,,,,fv,0.1276569824218754,0.01771435546875466,0.42217896652221754,-0.11121359176635792,,,,
1992,1992-09-17,0903,PPS010,-32.183443,115.416657,W,261,49.12998580932617,18.367755889892578,35.41403579711914,18.37590789794922,35.58534622192383,18.444499999999998,35.4575,18.649744158935547,35.44265199432373,roms,,,,,fv,0.07674411010741977,0.0434642028808625,0.27383626098632874,-0.14269422760009576,,,,
1992,1992-09-17,0921,GI100,-32.25011,115.416657,SW,261,47.17371368408203,17.74736976623535,35.45066452026367,17.685274124145508,35.520408630371094,18.4015,35.458,18.586001834106447,35.44486948547363,roms,,,,,fv,0.6541302337646471,0.007335479736326533,0.9007277099609396,-0.07553914489746205,,,,
1992,1992-09-17,0946,GI40,-32.250112,115.53333,SW,261,28.03348731994629,16.742446899414062,34.86697006225586,17.22785758972168,35.23834991455078,18.2175,35.460499999999996,18.27494549636841,35.45360669746399,roms,,,,,fv,1.4750531005859386,0.5935299377441368,1.0470879066467305,0.21525678291320816,,,,
1992,1992-09-17,0953,GI35,-32.250111,115.558327,SW,261,34.046443939208984,16.81659507751465,34.92034912109375,17.601009368896484,35.45960235595703,18.1695,35.463,18.14033991394043,35.459809288787845,roms,,,,,fv,1.3529049224853509,0.542650878906251,0.5393305450439456,0.00020693283081385516,,,,
1992,1992-09-17,1003,GI30,-32.25011,115.599989,SW,261,28.36957359313965,16.928110122680664,34.98224639892578,17.341188430786133,35.38062286376953,18.082,35.468500000000006,18.03,35.468,roms,,,,,fv,1.1538898773193367,0.48625360107422466,0.6888115692138683,0.08737713623047227,,,,
1992,1992-09-17,1009,GI15,-32.250114,115.615826,SW,261,11.576726913452148,16.82647705078125,34.93505859375,17.340675354003906,35.360862731933594,17.9495,35.4745,17.93292582321167,35.47336509037018,roms,,,,,fv,1.1230229492187505,0.539441406249999,0.5922504692077624,0.11250235843658629,,,,
1992,1992-09-17,1135,Y39BO,-32.123444,115.580324,NW,261,29.534364700317383,16.944440841674805,35.15803527832031,17.10436248779297,31.561052322387695,18.12,35.4705,18.105,35.468,roms,,,,,fv,1.1755591583251963,0.31246472167968875,1.0006375122070317,3.906947677612308,,,,
1992,1992-09-17,1142,Y39BO,-32.123444,115.580324,NW,261,29.534364700317383,16.944440841674805,35.15803527832031,17.10436248779297,31.561052322387695,18.12,35.4705,18.105,35.468,roms,,,,,fv,1.1755591583251963,0.31246472167968875,1.0006375122070317,3.906947677612308,,,,
1992,1992-09-17,1148,Y39.5BO,-32.119726,115.569814,NW,261,35.30329513549805,16.90497398376465,35.15620803833008,17.1890811920166,35.3625373840332,18.268,35.4645,18.268,35.461,roms,,,,,fv,1.3630260162353522,0.3082919616699229,1.0789188079833991,0.0984626159667954,,,,
1992,1992-10-21,0752,Y29,-32.026776,115.615828,NW,295,10.348945617675781,17.353622436523438,35.46580123901367,17.24273681640625,35.47531509399414,18.8575,35.572,18.793,35.574,roms,,,,,fv,1.5038775634765642,0.10619876098633085,1.5502631835937493,0.09868490600585744,,,,
1992,1992-10-21,0800,Y30,-32.035113,115.58333,NW,295,20.564645767211914,17.361204147338867,35.5150260925293,17.28302764892578,35.4924201965332,18.865000000000002,35.552499999999995,18.8,35.551,roms,,,,,fv,1.5037958526611348,0.03747390747069801,1.5169723510742195,0.05857980346679881,,,,
1992,1992-10-21,0811,Y31,-32.04844,115.554158,NW,295,29.679319381713867,17.9053897857666,35.48019790649414,17.220632553100586,35.538082122802734,18.893,35.5385,18.815,35.533,roms,,,,,fv,0.9876102142333991,0.058302093505858466,1.5943674468994153,-0.0050821228027331244,,,,
1992,1992-10-21,0822,Y32,-32.059279,115.527994,NW,295,33.04358673095703,18.149782180786133,35.53398513793945,17.20414924621582,35.555904388427734,18.909,35.525499999999994,18.826999999999998,35.513,roms,,,,,fv,0.7592178192138661,-0.008485137939459264,1.6228507537841779,-0.04290438842773625,,,,
1992,1992-10-21,0836,Y33N15,-32.025107,115.499995,NW,295,26.077972412109375,18.47559928894043,35.69021987915039,17.49404525756836,35.568077087402344,18.963,35.5215,18.879,35.507,roms,,,,,fv,0.4874007110595713,-0.16871987915038744,1.384954742431642,-0.06107708740234585,,,,
1992,1992-10-21,0843,Y33N10,-32.041776,115.499988,NW,295,33.91675567626953,18.394969940185547,35.68359375,17.802045822143555,35.63715362548828,18.963,35.5215,18.879,35.507,roms,,,,,fv,0.5680300598144541,-0.16209374999999682,1.0769541778564466,-0.13015362548828335,,,,
1992,1992-10-21,0854,Y33N5,-32.058446,115.499991,NW,295,41.138092041015625,18.311967849731445,35.640159606933594,17.217357635498047,35.5649528503418,18.941499999999998,35.521,18.839,35.504,roms,,,,,fv,0.6295321502685525,-0.11915960693359295,1.6216423645019518,-0.06095285034179909,,,,
1992,1992-10-21,0902,Y33,-32.07178,115.501659,NW,295,44.79743576049805,18.173439025878906,35.612396240234375,17.20151138305664,35.57061767578125,18.941499999999998,35.521,18.839,35.504,roms,,,,,fv,0.7680609741210915,-0.0913962402343742,1.637488616943358,-0.06661767578125222,,,,
1992,1992-10-21,0913,Y34,-32.085108,115.474159,NW,295,45.54523468017578,18.274198532104492,35.70558547973633,17.34038734436035,35.62501907348633,18.972,35.519,18.82,35.5,roms,,,,,fv,0.6978014678955091,-0.18658547973632977,1.4796126556396487,-0.12501907348632812,,,,
1992,1992-10-21,0931,Y35,-32.098446,115.444987,NW,295,46.22635269165039,18.29290008544922,35.69234848022461,17.907737731933594,35.691776275634766,19.0165,35.5165,18.879472284698487,35.492245270538334,roms,,,,,fv,0.7235999145507819,-0.17584848022460875,0.9717345527648931,-0.19953100509643207,,,,
1992,1992-10-21,0944,Y35W1,-32.099126,115.392512,NW,295,41.991607666015625,18.385814666748047,35.68045425415039,18.07663917541504,35.69112777709961,19.0855,35.6175,19.108830212402342,35.58139832153321,roms,,,,,fv,0.6996853332519528,-0.06295425415039091,1.032191036987303,-0.10972945556640212,,,,
1992,1992-10-21,0957,PPS005,-32.149124,115.392504,NW,295,49.2767219543457,18.31963348388672,35.704952239990234,17.80695915222168,35.70691680908203,19.0275,35.6185,19.00418242340088,35.583,roms,,,,,fv,0.7078665161132811,-0.08645223999023699,1.197223271179201,-0.12391680908203284,,,,
1992,1992-10-21,1013,PPS010,-32.183443,115.416657,W,295,48.677894592285156,18.207260131835938,35.722999572753906,17.74937629699707,35.72255325317383,18.971,35.522000000000006,18.871,35.48873557891846,roms,,,,,fv,0.7637398681640626,-0.20099957275390068,1.1216237030029284,-0.23381767425536992,,,,
1992,1992-10-21,1031,GI100,-32.25011,115.416657,SW,295,47.48394012451172,18.18644142150879,35.698726654052734,17.715259552001953,35.706172943115234,18.932000000000002,35.522000000000006,18.807522483825682,35.49199357604981,roms,,,,,fv,0.7455585784912131,-0.1767266540527288,1.0922629318237291,-0.21417936706542662,,,,
1992,1992-10-21,1056,GI40,-32.250112,115.53333,SW,295,35.953529357910156,17.981678009033203,35.5872917175293,17.24751853942871,35.628997802734375,18.799999999999997,35.5335,18.642618588256838,35.52038141174316,roms,,,,,fv,0.818321990966794,-0.05379171752930034,1.3951000488281267,-0.1086163909912159,,,,
1992,1992-10-21,1107,GI35,-32.250111,115.558327,SW,295,34.599552154541016,17.98981285095215,35.521141052246094,17.144561767578125,35.58885955810547,18.77,35.54,18.63608008956909,35.53091991043091,roms,,,,,fv,0.7801871490478511,0.018858947753905397,1.4915183219909665,-0.057939647674558614,,,,
1992,1992-10-21,1120,GI30,-32.25011,115.599989,SW,295,28.40422248840332,18.193466186523438,35.32997512817383,17.023052215576172,35.50100326538086,18.7675,35.551500000000004,18.644,35.548,roms,,,,,fv,0.5740338134765608,0.2215248718261762,1.6209477844238265,0.046996734619142444,,,,
1992,1992-10-21,1126,GI15,-32.250114,115.615826,SW,295,13.378266334533691,18.09511375427246,35.24752426147461,17.285669326782227,35.41253662109375,18.7675,35.569500000000005,18.660621733665465,35.567310866832734,roms,,,,,fv,0.6723862457275374,0.3219757385253956,1.3749524068832386,0.15477424573898446,,,,
1992,1992-11-26,0804,YMILLW,-32.022608,115.616664,NW,331,8.3594388961792,18.06134605407715,35.68336486816406,18.061473846435547,35.684974670410156,20.445999999999998,35.7085,20.347,35.699,roms,,,,,fv,2.3846539459228495,0.025135131835938296,2.2855261535644544,0.014025329589841817,,,,
1992,1992-11-26,0815,Y30,-32.035113,115.58333,NW,331,18.611278533935547,18.01818084716797,35.69804382324219,18.026464462280273,35.71086883544922,20.322000000000003,35.68,20.197,35.663,roms,,,,,fv,2.303819152832034,-0.018043823242187784,2.1705355377197257,-0.04786883544922205,,,,
1992,1992-11-26,0830,Y31,-32.04844,115.554158,NW,331,28.881877899169922,18.218814849853516,35.72731399536133,18.212867736816406,35.727867126464844,20.247,35.659,20.082,35.634,roms,,,,,fv,2.0281851501464843,-0.0683139953613292,1.8691322631835945,-0.09386712646484341,,,,
1992,1992-11-26,0840,Y32,-32.059279,115.527994,NW,331,33.775115966796875,18.25992774963379,35.73006057739258,18.249752044677734,35.737579345703125,20.1825,35.637,19.947,35.599000000000004,roms,,,,,fv,1.922572250366212,-0.09306057739257767,1.6972479553222648,-0.13857934570312125,,,,
1992,1992-11-26,0850,Y33,-32.07178,115.501659,NW,331,24.334697723388672,18.260765075683594,35.732791900634766,18.254562377929688,35.74351501464844,20.1755,35.6285,19.881927330017092,35.57726612091064,roms,,,,,fv,1.9147349243164058,-0.10429190063476312,1.6273649520874045,-0.1662488937377944,,,,
1992,1992-11-26,0901,Y34,-32.085108,115.474159,NW,331,45.668819427490234,18.289457321166992,35.73877716064453,18.28054428100586,35.74557113647461,20.1795,35.6225,19.729,35.559,roms,,,,,fv,1.8900426788330087,-0.11627716064452898,1.4484557189941398,-0.18657113647461188,,,,
1992,1992-11-26,0912,Y35,-32.098446,115.444987,NW,331,44.340152740478516,18.278697967529297,35.73165512084961,18.267499923706055,35.740230560302734,20.195999999999998,35.617999999999995,19.76212635040283,35.54686803054809,roms,,,,,fv,1.917302032470701,-0.11365512084961438,1.494626426696776,-0.19336252975464419,,,,
1992,1992-11-26,1005,GI40,-32.250112,115.53333,SW,331,35.30769348144531,18.03369903564453,35.66971969604492,17.988340377807617,35.68956756591797,20.1705,35.66,19.75906153869629,35.60712307739258,roms,,,,,fv,2.1368009643554693,-0.009719696044925286,1.770721160888673,-0.08244448852538966,,,,
1992,1992-11-26,1014,GI35,-32.250111,115.558327,SW,331,33.94446563720703,17.996978759765625,35.64637756347656,17.941082000732422,35.66743087768555,20.186,35.6695,19.839377709960935,35.62542221374512,roms,,,,,fv,2.189021240234375,0.023122436523436818,1.8982957092285133,-0.0420086639404289,,,,
1992,1992-12-17,1219,GI15,-32.250114,115.615826,SW,352,11.032441139221191,20.3415470123291,35.75193405151367,20.241050720214844,35.75624465942383,21.002000000000002,35.81,20.807997162342073,35.79045133829117,roms,,,,,fv,0.6604529876709009,0.0580659484863304,0.5669464421272288,0.03420667886734208,,,,
1992,1992-12-17,1225,GI30,-32.25011,115.599989,SW,352,27.55660629272461,20.318777084350586,35.75043869018555,19.858407974243164,35.742855072021484,20.850499999999997,35.772999999999996,20.491,35.729,roms,,,,,fv,0.5317229156494108,0.02256130981444926,0.6325920257568356,-0.01385507202148517,,,,
1992,1992-12-17,1234,GI35,-32.250111,115.558327,SW,352,34.095909118652344,20.03054428100586,35.744712829589844,19.66769027709961,35.74344253540039,20.762,35.749,20.24500790863037,35.67489309082031,roms,,,,,fv,0.7314557189941411,0.004287170410158581,0.5773176315307609,-0.0685494445800785,,,,
1992,1992-12-17,1242,GI40,-32.250112,115.53333,SW,352,35.71952438354492,20.16031837463379,35.738182067871094,19.59861946105957,35.74608612060547,20.7305,35.738,20.178812090301513,35.662424380493164,roms,,,,,fv,0.5701816253662102,-0.00018206787109420475,0.5801926292419424,-0.08366174011230498,,,,
1992,1992-12-17,1325,Y35W1,-32.099126,115.392512,NW,352,54.81129455566406,20.033924102783203,35.763511657714844,19.31587028503418,35.7556266784668,20.6875,35.783,20.096132510375977,35.6797830581665,roms,,,,,fv,0.6535758972167969,0.0194883422851575,0.7802622253417972,-0.07584362030029723,,,,
1992,1992-12-17,1342,Y35,-32.098446,115.444987,NW,352,46.60744857788086,20.399478912353516,35.7734375,19.481142044067383,35.752845764160156,20.6615,35.6745,19.9899524848938,35.573927226257325,roms,,,,,fv,0.2620210876464846,-0.09893749999999812,0.5088104408264158,-0.17891853790283108,,,,
1992,1992-12-17,1352,Y34,-32.085108,115.474159,NW,352,46.47477340698242,20.255691528320312,35.769622802734375,19.505876541137695,35.75136947631836,20.6585,35.6835,19.935,35.576,roms,,,,,fv,0.4028084716796876,-0.08612280273437278,0.4291234588623034,-0.17536947631835886,,,,
1992,1992-12-17,1405,Y33,-32.07178,115.501659,NW,352,8.763408660888672,20.303348541259766,35.84897232055664,19.90601921081543,35.76492691040039,20.664499999999997,35.689,20.470580451965333,35.652,roms,,,,,fv,0.36115145874023113,-0.15997232055664057,0.564561241149903,-0.1129269104003896,,,,
1992,1992-12-17,1414,Y32,-32.059279,115.527994,NW,352,34.116615295410156,21.020444869995117,35.7348518371582,19.878419876098633,35.74836349487305,20.667,35.6985,20.402,35.66,roms,,,,,fv,-0.3534448699951156,-0.03635183715820034,0.5235801239013682,-0.08836349487305029,,,,
1992,1992-12-17,1422,Y31,-32.04844,115.554158,NW,352,28.41013526916504,20.67392349243164,35.74692153930664,20.296844482421875,35.74630355834961,20.72,35.712,20.531,35.688,roms,,,,,fv,0.04607650756835824,-0.03492153930663733,0.2341555175781238,-0.05830355834960699,,,,
1992,1992-12-17,1432,Y30,-32.035113,115.58333,NW,352,17.597749710083008,20.528045654296875,35.744869232177734,20.47517967224121,35.74662780761719,20.819499999999998,35.7365,20.693,35.72,roms,,,,,fv,0.2914543457031229,-0.008369232177734887,0.21782032775879046,-0.026627807617188637,,,,
1992,1992-12-17,1443,Y29,-32.026776,115.615828,NW,352,9.618720054626465,20.7139892578125,35.772499084472656,20.552793502807617,35.75749588012695,20.988,35.775999999999996,20.889,35.768,roms,,,,,fv,0.27401074218749955,0.0035009155273399983,0.33620649719238216,0.010504119873047557,,,,
1993,1993-02-16,0838,ROTTO,-32.005,115.52,NW,47,11.025961875915527,22.449138641357422,36.47332763671875,22.411968231201172,36.47759246826172,21.453999519348145,35.763999938964844,21.419356611119838,35.76248778913214,hycom,,,,,fv,-0.9951391220092773,-0.7093276977539062,-0.992611620081334,-0.7151046791295812,,,,
1993,1993-02-16,0924,Y29,-32.026776,115.615828,NW,47,9.915426254272461,21.28135871887207,35.94354248046875,21.059253692626953,35.95433807373047,22.189000129699707,35.84550094604492,22.289222172197697,35.82101466752647,hycom,,,,,fv,0.9076414108276367,-0.09804153442382812,1.2299684795707435,-0.13332340620399918,,,,
1993,1993-02-16,0933,Y30,-32.035113,115.58333,NW,47,19.62434196472168,21.58572769165039,35.935401916503906,21.047454833984375,35.94007110595703,22.189000129699707,35.84550094604492,22.29400062561035,35.81999969482422,hycom,,,,,fv,0.6032724380493164,-0.08990097045898438,1.2465457916259766,-0.1200714111328125,,,,
1993,1993-02-16,0943,Y31,-32.04844,115.554158,NW,47,29.982254028320312,21.22063636779785,35.91985321044922,20.501569747924805,35.89140319824219,21.18400001525879,35.74399948120117,21.091999053955078,35.737998962402344,hycom,,,,,fv,-0.0366363525390625,-0.17585372924804688,0.5904293060302734,-0.15340423583984375,,,,
1993,1993-02-16,0955,Y32,-32.059279,115.527994,NW,47,34.86811065673828,21.31618881225586,35.92886734008789,19.71434211730957,35.8204345703125,21.18400001525879,35.74399948120117,21.091999053955078,35.737998962402344,hycom,,,,,fv,-0.1321887969970703,-0.18486785888671875,1.3776569366455078,-0.08243560791015625,,,,
1993,1993-02-16,1004,Y33,-32.07178,115.501659,NW,47,45.11320877075195,21.257963180541992,35.928443908691406,19.061904907226562,35.78803634643555,21.18400001525879,35.74399948120117,21.091999053955078,35.737998962402344,hycom,,,,,fv,-0.07396316528320312,-0.18444442749023438,2.0300941467285156,-0.050037384033203125,,,,
1993,1993-02-16,1014,Y33N5,-32.058446,115.499991,NW,47,41.54848861694336,21.20539665222168,35.93216323852539,19.444740295410156,35.803138732910156,21.18400001525879,35.74399948120117,21.091999053955078,35.737998962402344,hycom,,,,,fv,-0.021396636962890625,-0.18816375732421875,1.6472587585449219,-0.0651397705078125,,,,
1993,1993-02-16,1023,Y33N10,-32.041776,115.499988,NW,47,32.987579345703125,21.23259735107422,35.9427490234375,19.671955108642578,35.81478500366211,21.18400001525879,35.74399948120117,21.091999053955078,35.737998962402344,hycom,,,,,fv,-0.04859733581542969,-0.19874954223632812,1.4200439453125,-0.07678604125976562,,,,
1993,1993-02-16,1030,Y33N15,-32.025107,115.499995,NW,47,21.985605239868164,21.678022384643555,35.991432189941406,20.714229583740234,35.910518646240234,21.453999519348145,35.763999938964844,21.347999572753906,35.75699996948242,hycom,,,,,fv,-0.22402286529541016,-0.2274322509765625,0.6337699890136719,-0.1535186767578125,,,,
1993,1993-02-16,1049,Y34,-32.085108,115.474159,NW,47,45.847415924072266,21.409330368041992,35.91563034057617,19.768028259277344,35.83233642578125,20.780500411987305,35.709999084472656,17.94300079345703,35.625,hycom,,,,,fv,-0.6288299560546875,-0.20563125610351562,-1.8250274658203125,-0.20733642578125,,,,
1993,1993-02-16,1100,Y35,-32.098446,115.444987,NW,47,45.982208251953125,21.3836669921875,35.88125991821289,18.031461715698242,35.74152374267578,20.780500411987305,35.709999084472656,17.94300079345703,35.625,hycom,,,,,fv,-0.6031665802001953,-0.17126083374023438,-0.08846092224121094,-0.11652374267578125,,,,
1993,1993-02-16,1116,Y35W1,-32.099126,115.392512,NW,47,54.390174865722656,21.500295639038086,35.84510803222656,17.071563720703125,35.707427978515625,20.600500106811523,35.69200134277344,18.937000274658203,35.64400100708008,hycom,,,,,fv,-0.8997955322265625,-0.153106689453125,1.8654365539550781,-0.06342697143554688,,,,
1993,1993-02-16,1136,PPS005,-32.149124,115.392504,NW,47,49.87839126586914,21.29021453857422,35.89609909057617,18.011117935180664,35.73849105834961,20.705500602722168,35.685001373291016,18.96228777137876,35.64409833340615,hycom,,,,,fv,-0.5847139358520508,-0.21109771728515625,0.9511698361980976,-0.09439272494346085,,,,
1993,1993-02-16,1152,PPS010,-32.183443,115.416657,W,47,50.160430908203125,21.430084228515625,35.87777328491211,18.844444274902344,35.78014373779297,20.84999942779541,35.70600128173828,17.91699981689453,35.62300109863281,hycom,,,,,fv,-0.5800848007202148,-0.17177200317382812,-0.9274444580078125,-0.15714263916015625,,,,
1993,1993-02-16,1211,GI100,-32.25011,115.416657,SW,47,47.72007751464844,21.353578567504883,35.916481018066406,19.80669593811035,35.834014892578125,21.033499717712402,35.698001861572266,20.613000869750977,35.6870002746582,hycom,,,,,fv,-0.32007884979248047,-0.21847915649414062,0.806304931640625,-0.14701461791992188,,,,
1993,1993-02-16,1236,GI40,-32.250112,115.53333,SW,47,35.82413864135742,21.916759490966797,35.90690994262695,20.62833023071289,35.900169372558594,21.376999855041504,35.7244987487793,21.176000595092773,35.715999603271484,hycom,,,,,fv,-0.539759635925293,-0.18241119384765625,0.5476703643798828,-0.18416976928710938,,,,
1993,1993-02-16,1243,GI35,-32.250111,115.558327,SW,47,35.20722579956055,22.00594139099121,35.90959930419922,20.721149444580078,35.9094123840332,21.376999855041504,35.7244987487793,21.176000595092773,35.715999603271484,hycom,,,,,fv,-0.628941535949707,-0.18510055541992188,0.4548511505126953,-0.19341278076171875,,,,
1993,1993-02-16,1256,GI30,-32.25011,115.599989,SW,47,28.02584457397461,21.90447425842285,35.953086853027344,20.9970703125,35.94260787963867,21.940500259399414,35.80850028991699,21.88800048828125,35.802001953125,hycom,,,,,fv,0.0360260009765625,-0.14458656311035156,0.89093017578125,-0.14060592651367188,,,,
1993,1993-02-16,1303,GI15,-32.250114,115.615826,SW,47,12.694876670837402,21.692018508911133,35.97373580932617,21.1890869140625,35.96481704711914,21.940500259399414,35.80850028991699,21.897989731223788,35.80353785784973,hycom,,,,,fv,0.24848175048828125,-0.1652355194091797,0.7089028171612881,-0.16127918926940765,,,,
1993,1993-12-16,0930,MS11,-32.259948,115.593989,SW,350,32.0,19.899999618530273,37.18000030517578,19.5,37.18000030517578,20.258000373840332,35.86050033569336,20.19300079345703,35.854000091552734,hycom,20.33331871032715,35.88326644897461,19.82781410217285,35.887760162353516,fv,0.3580007553100586,-1.3194999694824219,0.6930007934570312,-1.3260002136230469,0.433319091796875,-1.2967338562011719,0.32781410217285156,-1.2922401428222656
1994,1994-05-03,0835,SD20,-32.06678,115.599993,NW,123,21.100000381469727,20.84666633605957,36.03166580200195,21.487499237060547,35.90999984741211,21.602499961853027,35.946998596191406,21.57699966430664,35.94900131225586,hycom,20.184980392456055,36.47310256958008,20.03125,36.5560302734375,fv,0.755833625793457,-0.08466720581054688,0.08950042724609375,0.03900146484375,-0.6616859436035156,0.441436767578125,-1.4562492370605469,0.6460304260253906
1994,1994-05-03,0850,SD30,-32.066786,115.566656,NW,123,25.5,21.19099998474121,36.09600067138672,21.706666946411133,35.87666702270508,21.602499961853027,35.946998596191406,21.57699966430664,35.94900131225586,hycom,20.360702514648438,36.388221740722656,20.335676193237305,36.37535095214844,fv,0.4114999771118164,-0.1490020751953125,-0.1296672821044922,0.07233428955078125,-0.8302974700927734,0.2922210693359375,-1.3709907531738281,0.4986839294433594
1994,1994-05-03,0915,Y32,-32.059279,115.527994,NW,123,36.20000076293945,21.814001083374023,35.96999740600586,22.275001525878906,35.69499969482422,21.753999710083008,35.798500061035156,21.753000259399414,35.79899978637695,hycom,20.654998779296875,36.33723449707031,20.55753517150879,36.3359375,fv,-0.060001373291015625,-0.17149734497070312,-0.5220012664794922,0.10400009155273438,-1.1590023040771484,0.3672370910644531,-1.7174663543701172,0.6409378051757812
1994,1994-05-03,0930,Y33,-32.07178,115.501659,NW,123,45.29999923706055,21.99833106994629,35.983333587646484,22.3700008392334,35.87999725341797,21.753999710083008,35.798500061035156,21.753000259399414,35.79899978637695,hycom,20.84039306640625,36.2930908203125,20.80531883239746,36.29175567626953,fv,-0.24433135986328125,-0.18483352661132812,-0.6170005798339844,-0.08099746704101562,-1.157938003540039,0.3097572326660156,-1.5646820068359375,0.4117584228515625
1994,1994-05-03,0945,Y34,-32.085108,115.474159,NW,123,46.5,22.139999389648438,36.03199768066406,22.399999618530273,35.79999923706055,22.02150058746338,35.716501235961914,22.02899932861328,35.72600173950195,hycom,20.996614456176758,36.25419235229492,21.028703689575195,36.348934173583984,fv,-0.1184988021850586,-0.31549644470214844,-0.3710002899169922,-0.07399749755859375,-1.1433849334716797,0.22219467163085938,-1.3712959289550781,0.5489349365234375
1994,1994-05-03,0955,Y35,-32.098446,115.444987,NW,123,46.099998474121094,22.607999801635742,35.81399917602539,22.494998931884766,35.904998779296875,22.02150058746338,35.716501235961914,22.02899932861328,35.72600173950195,hycom,21.001028060913086,36.26877212524414,20.989500045776367,36.31145095825195,fv,-0.5864992141723633,-0.09749794006347656,-0.4659996032714844,-0.17899703979492188,-1.6069717407226562,0.45477294921875,-1.5054988861083984,0.4064521789550781
1994,1994-05-03,1245,SD40,-32.116777,115.549987,NW,123,36.400001525878906,22.40333366394043,35.92000198364258,22.21000099182129,35.96500015258789,21.753999710083008,35.798500061035156,21.753000259399414,35.79899978637695,hycom,20.864442825317383,36.22420120239258,20.802350997924805,36.218910217285156,fv,-0.6493339538574219,-0.12150192260742188,-0.457000732421875,-0.1660003662109375,-1.5388908386230469,0.30419921875,-1.4076499938964844,0.2539100646972656
1994,1994-05-03,1300,SD50,-32.126441,115.587825,NW,123,22.600000381469727,22.12666893005371,35.9466667175293,21.91666603088379,35.983333587646484,21.33199977874756,35.99150085449219,21.32900047302246,35.99100112915039,hycom,20.67473030090332,36.27968215942383,20.624391555786133,36.26936721801758,fv,-0.7946691513061523,0.044834136962890625,-0.5876655578613281,0.00766754150390625,-1.4519386291503906,0.33301544189453125,-1.2922744750976562,0.28603363037109375
1994,1994-05-03,1310,SD55,-32.133453,115.616658,NW,123,21.200000762939453,22.27199935913086,35.93199920654297,21.383333206176758,36.21333312988281,21.33199977874756,35.99150085449219,21.32900047302246,35.99100112915039,hycom,20.530620574951172,36.330379486083984,20.422621515884828,36.32863002841034,fv,-0.9399995803833008,0.05950164794921875,-0.054332733154296875,-0.22233200073242188,-1.7413787841796875,0.3983802795410156,-0.9607116902919302,0.11529689852752512
1994,1994-05-03,1527,GI30,-32.25011,115.599989,SW,123,27.5,22.760000228881836,36.05999755859375,22.133333206176758,36.070003509521484,21.406999588012695,36.0004997253418,21.39699935913086,36.000999450683594,hycom,20.88341522216797,36.18247604370117,20.78196144104004,36.17739486694336,fv,-1.3530006408691406,-0.059497833251953125,-0.7363338470458984,-0.06900405883789062,-1.8765850067138672,0.12247848510742188,-1.3513717651367188,0.107391357421875
1994,1994-05-04,1230,SD20,-32.06678,115.599993,NW,124,21.100000381469727,22.262001037597656,36.46999740600586,22.05500030517578,36.394996643066406,21.87150001525879,35.811500549316406,21.774999618530273,35.88500213623047,hycom,20.8741455078125,36.265724182128906,20.02094268798828,36.549827575683594,fv,-0.3905010223388672,-0.6584968566894531,-0.2800006866455078,-0.5099945068359375,-1.3878555297851562,-0.20427322387695312,-2.0340576171875,0.1548309326171875
1994,1994-05-04,1306,SD40,-32.116777,115.549987,NW,124,37.5,22.36833381652832,36.85333251953125,21.606666564941406,37.06999588012695,22.07450008392334,35.63650131225586,21.801000595092773,35.78900146484375,hycom,20.973283767700195,36.204097747802734,20.28212547302246,36.41033935546875,fv,-0.29383373260498047,-1.2168312072753906,0.1943340301513672,-1.2809944152832031,-1.395050048828125,-0.6492347717285156,-1.3245410919189453,-0.6596565246582031
1994,1994-05-04,1316,SD50,-32.126441,115.587825,NW,124,21.700000762939453,22.14166831970215,36.961666107177734,21.385000228881836,37.00499725341797,21.572999954223633,35.89950180053711,21.45800018310547,35.9630012512207,hycom,20.740345001220703,36.321746826171875,20.234106063842773,36.45492935180664,fv,-0.5686683654785156,-1.062164306640625,0.07299995422363281,-1.0419960021972656,-1.4013233184814453,-0.6399192810058594,-1.1508941650390625,-0.5500679016113281
1994,1994-05-04,1329,SD55,-32.133453,115.616658,NW,124,22.399999618530273,21.753334045410156,37.04500198364258,20.78333282470703,37.5099983215332,21.572999954223633,35.89950180053711,21.45800018310547,35.9630012512207,hycom,20.610822677612305,36.44956588745117,20.062440872192383,36.575531005859375,fv,-0.18033409118652344,-1.1455001831054688,0.6746673583984375,-1.5469970703125,-1.1425113677978516,-0.5954360961914062,-0.7208919525146484,-0.9344673156738281
