DATE,SAL_3site_avg
1977-08-31,18.166666666666668
1977-09-01,18.150000000000002
1977-09-02,18.133333333333333
1977-09-03,18.116666666666667
1977-09-04,18.1
1977-09-05,18.083333333333332
1977-09-06,18.066666666666666
1977-09-07,18.447619047619046
1977-09-08,18.82857142857143
1977-09-09,19.20952380952381
1977-09-10,19.590476190476192
1977-09-11,19.97142857142857
1977-09-12,20.352380952380955
1977-09-13,20.733333333333334
1977-09-14,21.30952380952381
1977-09-15,21.885714285714286
1977-09-16,22.461904761904762
1977-09-17,23.038095238095238
1977-09-18,23.614285714285714
1977-09-19,24.19047619047619
1977-09-20,24.766666666666666
1977-09-21,24.629166666666666
1977-09-22,24.491666666666667
1977-09-23,24.354166666666668
1977-09-24,24.21666666666667
1977-09-25,24.079166666666666
1977-09-26,23.941666666666666
1977-09-27,23.804166666666667
1977-09-28,23.666666666666668
1977-09-29,23.6
1977-09-30,23.533333333333335
1977-10-01,23.46666666666667
1977-10-02,23.4
1977-10-03,23.333333333333332
1977-10-04,23.266666666666666
1977-10-05,23.3125
1977-10-06,23.358333333333334
1977-10-07,23.40416666666667
1977-10-08,23.450000000000003
1977-10-09,23.495833333333334
1977-10-10,23.541666666666668
1977-10-11,23.587500000000002
1977-10-12,23.633333333333336
1977-10-13,23.56666666666667
1977-10-14,23.500000000000004
1977-10-15,23.433333333333337
1977-10-16,23.366666666666667
1977-10-17,23.3
1977-10-18,23.233333333333334
1977-10-19,24.1
1977-10-20,24.96666666666667
1977-10-21,25.833333333333336
1977-10-22,26.7
1977-10-23,27.566666666666666
1977-10-24,28.433333333333334
1977-10-25,27.738095238095237
1977-10-26,27.042857142857144
1977-10-27,26.347619047619048
1977-10-28,25.652380952380952
1977-10-29,24.957142857142856
1977-10-30,24.261904761904763
1977-10-31,23.566666666666666
1977-11-01,24.183333333333334
1977-11-02,24.8
1977-11-03,25.416666666666668
1977-11-04,26.03333333333333
1977-11-05,26.65
1977-11-06,27.266666666666666
1977-11-07,27.883333333333333
1977-11-08,28.5
1977-11-09,28.252380952380953
1977-11-10,28.004761904761903
1977-11-11,27.757142857142856
1977-11-12,27.50952380952381
1977-11-13,27.261904761904763
1977-11-14,27.014285714285712
1977-11-15,26.766666666666666
1977-11-16,27.18095238095238
1977-11-17,27.595238095238095
1977-11-18,28.00952380952381
1977-11-19,28.423809523809524
1977-11-20,28.83809523809524
1977-11-21,29.252380952380953
1977-11-22,29.666666666666668
1977-11-23,29.93809523809524
1977-11-24,30.20952380952381
1977-11-25,30.48095238095238
1977-11-26,30.752380952380953
1977-11-27,31.023809523809526
1977-11-28,31.295238095238094
1977-11-29,31.566666666666666
1977-11-30,31.704761904761906
1977-12-01,31.84285714285714
1977-12-02,31.98095238095238
1977-12-03,32.11904761904762
1977-12-04,32.25714285714285
1977-12-05,32.39523809523809
1977-12-06,32.53333333333333
1977-12-07,32.87619047619047
1977-12-08,33.219047619047615
1977-12-09,33.561904761904756
1977-12-10,33.904761904761905
1977-12-11,34.24761904761905
1977-12-12,34.59047619047619
1977-12-13,34.93333333333333
1977-12-14,35.07142857142857
1977-12-15,35.20952380952381
1977-12-16,35.34761904761905
1977-12-17,35.48571428571428
1977-12-18,35.62380952380952
1977-12-19,35.76190476190476
1977-12-20,35.9
1977-12-21,36.047619047619044
1977-12-22,36.195238095238096
1977-12-23,36.34285714285714
1977-12-24,36.49047619047619
1977-12-25,36.63809523809523
1977-12-26,36.785714285714285
1977-12-27,36.93333333333333
1977-12-28,37.028571428571425
1977-12-29,37.12380952380952
1977-12-30,37.219047619047615
1977-12-31,37.31428571428572
1978-01-01,37.40952380952381
1978-01-02,37.50476190476191
1978-01-03,37.6
1978-01-04,37.68333333333334
1978-01-05,37.766666666666666
1978-01-06,37.85
1978-01-07,37.93333333333334
1978-01-08,38.01666666666667
1978-01-09,38.10000000000001
1978-01-10,38.18333333333334
1978-01-11,38.26666666666667
1978-01-12,38.57777777777778
1978-01-13,38.88888888888889
1978-01-14,39.2
1978-01-15,39.51111111111111
1978-01-16,39.82222222222222
1978-01-17,40.13333333333333
1978-01-18,40.22380952380952
1978-01-19,40.31428571428572
1978-01-20,40.404761904761905
1978-01-21,40.49523809523809
1978-01-22,40.58571428571428
1978-01-23,40.67619047619048
1978-01-24,40.766666666666666
1978-01-25,40.833333333333336
1978-01-26,40.9
1978-01-27,40.96666666666667
1978-01-28,41.03333333333333
1978-01-29,41.1
1978-01-30,41.16666666666667
1978-01-31,41.233333333333334
1978-02-01,41.300000000000004
1978-02-02,41.461111111111116
1978-02-03,41.62222222222223
1978-02-04,41.78333333333334
1978-02-05,41.94444444444445
1978-02-06,42.10555555555556
1978-02-07,42.26666666666667
1978-02-08,42.15238095238096
1978-02-09,42.038095238095245
1978-02-10,41.92380952380953
1978-02-11,41.80952380952381
1978-02-12,41.695238095238096
1978-02-13,41.58095238095238
1978-02-14,41.46666666666667
1978-02-15,42.05714285714286
1978-02-16,42.64761904761905
1978-02-17,43.23809523809524
1978-02-18,43.82857142857143
1978-02-19,44.41904761904762
1978-02-20,45.00952380952381
1978-02-21,45.6
1978-02-22,45.32380952380952
1978-02-23,45.04761904761905
1978-02-24,44.77142857142857
1978-02-25,44.49523809523809
1978-02-26,44.219047619047615
1978-02-27,43.94285714285714
1978-02-28,43.666666666666664
1978-03-01,43.89523809523809
1978-03-02,44.12380952380953
1978-03-03,44.352380952380955
1978-03-04,44.58095238095238
1978-03-05,44.80952380952381
1978-03-06,45.038095238095245
1978-03-07,45.26666666666667
1978-03-08,45.25714285714286
1978-03-09,45.247619047619054
1978-03-10,45.23809523809524
1978-03-11,45.22857142857143
1978-03-12,45.219047619047615
1978-03-13,45.20952380952381
1978-03-14,45.199999999999996
1978-03-15,45.05238095238095
1978-03-16,44.9047619047619
1978-03-17,44.75714285714285
1978-03-18,44.60952380952381
1978-03-19,44.46190476190476
1978-03-20,44.31428571428571
1978-03-21,44.166666666666664
1978-03-22,44.4375
1978-03-23,44.70833333333333
1978-03-24,44.979166666666664
1978-03-25,45.25
1978-03-26,45.520833333333336
1978-03-27,45.79166666666667
1978-03-28,46.0625
1978-03-29,46.333333333333336
1978-03-30,45.69444444444444
1978-03-31,45.05555555555556
1978-04-01,44.41666666666667
1978-04-02,43.77777777777778
1978-04-03,43.138888888888886
1978-04-04,42.5
1978-04-05,42.7952380952381
1978-04-06,43.09047619047619
1978-04-07,43.385714285714286
1978-04-08,43.68095238095238
1978-04-09,43.976190476190474
1978-04-10,44.271428571428565
1978-04-11,44.56666666666666
1978-04-12,44.48571428571428
1978-04-13,44.404761904761905
1978-04-14,44.32380952380952
1978-04-15,44.24285714285714
1978-04-16,44.16190476190476
1978-04-17,44.08095238095238
1978-04-18,44.0
1978-04-19,43.81666666666666
1978-04-20,43.63333333333333
1978-04-21,43.45
1978-04-22,43.266666666666666
1978-04-23,43.083333333333336
1978-04-24,42.9
1978-04-25,42.71666666666667
1978-04-26,42.53333333333333
1978-04-27,42.71111111111111
1978-04-28,42.888888888888886
1978-04-29,43.06666666666666
1978-04-30,43.24444444444445
1978-05-01,43.422222222222224
1978-05-02,43.6
1978-05-03,43.41904761904762
1978-05-04,43.23809523809524
1978-05-05,43.05714285714286
1978-05-06,42.87619047619048
1978-05-07,42.695238095238096
1978-05-08,42.51428571428572
1978-05-09,42.333333333333336
1978-05-10,41.68571428571429
1978-05-11,41.03809523809524
1978-05-12,40.39047619047619
1978-05-13,39.74285714285715
1978-05-14,39.0952380952381
1978-05-15,38.44761904761905
1978-05-16,37.800000000000004
1978-05-17,37.747619047619054
1978-05-18,37.695238095238096
1978-05-19,37.642857142857146
1978-05-20,37.590476190476195
1978-05-21,37.538095238095245
1978-05-22,37.48571428571429
1978-05-23,37.43333333333334
1978-05-24,37.46190476190476
1978-05-25,37.490476190476194
1978-05-26,37.51904761904762
1978-05-27,37.54761904761905
1978-05-28,37.576190476190476
1978-05-29,37.60476190476191
1978-05-30,37.63333333333333
1978-05-31,37.41428571428571
1978-06-01,37.195238095238096
1978-06-02,36.976190476190474
1978-06-03,36.75714285714286
1978-06-04,36.53809523809524
1978-06-05,36.31904761904762
1978-06-06,36.1
1978-06-07,36.214285714285715
1978-06-08,36.32857142857143
1978-06-09,36.44285714285714
1978-06-10,36.55714285714286
1978-06-11,36.67142857142857
1978-06-12,36.785714285714285
1978-06-13,36.9
1978-06-14,36.66190476190476
1978-06-15,36.423809523809524
1978-06-16,36.18571428571428
1978-06-17,35.94761904761904
1978-06-18,35.7095238095238
1978-06-19,35.47142857142857
1978-06-20,35.23333333333333
1978-06-21,32.580952380952375
1978-06-22,29.928571428571423
1978-06-23,27.27619047619047
1978-06-24,24.62380952380952
1978-06-25,21.971428571428568
1978-06-26,19.319047619047616
1978-06-27,16.666666666666668
1978-06-28,17.714285714285715
1978-06-29,18.761904761904763
1978-06-30,19.80952380952381
1978-07-01,20.857142857142858
1978-07-02,21.904761904761905
1978-07-03,22.952380952380953
1978-07-04,24.0
1978-07-05,23.97142857142857
1978-07-06,23.942857142857143
1978-07-07,23.914285714285715
1978-07-08,23.885714285714286
1978-07-09,23.857142857142858
1978-07-10,23.82857142857143
1978-07-11,23.8
1978-07-12,22.703030303030303
1978-07-13,21.606060606060606
1978-07-14,20.509090909090908
1978-07-15,19.412121212121214
1978-07-16,18.315151515151516
1978-07-17,17.21818181818182
1978-07-18,16.12121212121212
1978-07-19,15.024242424242425
1978-07-20,13.927272727272728
1978-07-21,12.830303030303032
1978-07-22,11.733333333333334
1978-07-23,10.177777777777779
1978-07-24,8.622222222222224
1978-07-25,7.066666666666666
1978-07-26,6.695238095238095
1978-07-27,6.3238095238095235
1978-07-28,5.9523809523809526
1978-07-29,5.580952380952381
1978-07-30,5.20952380952381
1978-07-31,4.838095238095239
1978-08-01,4.466666666666667
1978-08-02,4.9523809523809526
1978-08-03,5.438095238095238
1978-08-04,5.923809523809524
1978-08-05,6.40952380952381
1978-08-06,6.895238095238096
1978-08-07,7.380952380952381
1978-08-08,7.866666666666667
1978-08-09,7.771428571428572
1978-08-10,7.6761904761904765
1978-08-11,7.5809523809523816
1978-08-12,7.485714285714286
1978-08-13,7.390476190476191
1978-08-14,7.295238095238095
1978-08-15,7.2
1978-08-16,8.252380952380953
1978-08-17,9.304761904761905
1978-08-18,10.357142857142858
1978-08-19,11.409523809523812
1978-08-20,12.461904761904762
1978-08-21,13.514285714285716
1978-08-22,14.566666666666668
1978-08-23,15.242857142857144
1978-08-24,15.919047619047621
1978-08-25,16.595238095238095
1978-08-26,17.271428571428572
1978-08-27,17.94761904761905
1978-08-28,18.623809523809527
1978-08-29,19.3
1978-08-30,19.023809523809526
1978-08-31,18.747619047619047
1978-09-01,18.47142857142857
1978-09-02,18.195238095238096
1978-09-03,17.91904761904762
1978-09-04,17.642857142857142
1978-09-05,17.366666666666667
1978-09-06,17.580952380952382
1978-09-07,17.795238095238094
1978-09-08,18.00952380952381
1978-09-09,18.22380952380952
1978-09-10,18.438095238095237
1978-09-11,18.65238095238095
1978-09-12,18.866666666666664
1978-09-13,18.641666666666666
1978-09-14,18.416666666666664
1978-09-15,18.191666666666663
1978-09-16,17.966666666666665
1978-09-17,17.741666666666667
1978-09-18,17.516666666666666
1978-09-19,17.291666666666664
1978-09-20,17.066666666666666
1978-09-21,16.455555555555556
1978-09-22,15.844444444444445
1978-09-23,15.233333333333334
1978-09-24,14.622222222222222
1978-09-25,14.011111111111111
1978-09-26,13.4
1978-09-27,13.342857142857143
1978-09-28,13.285714285714286
1978-09-29,13.22857142857143
1978-09-30,13.17142857142857
1978-10-01,13.114285714285714
1978-10-02,13.057142857142857
1978-10-03,13.0
1978-10-04,12.628571428571428
1978-10-05,12.257142857142858
1978-10-06,11.885714285714286
1978-10-07,11.514285714285714
1978-10-08,11.142857142857142
1978-10-09,10.771428571428572
1978-10-10,10.4
1978-10-11,10.552380952380952
1978-10-12,10.704761904761906
1978-10-13,10.857142857142858
1978-10-14,11.00952380952381
1978-10-15,11.161904761904761
1978-10-16,11.314285714285715
1978-10-17,11.466666666666667
1978-10-18,12.114285714285714
1978-10-19,12.761904761904763
1978-10-20,13.40952380952381
1978-10-21,14.057142857142857
1978-10-22,14.704761904761906
1978-10-23,15.352380952380953
1978-10-24,16.0
1978-10-25,16.461904761904762
1978-10-26,16.923809523809524
1978-10-27,17.385714285714286
1978-10-28,17.847619047619048
1978-10-29,18.30952380952381
1978-10-30,18.771428571428572
1978-10-31,19.233333333333334
1978-11-01,19.40952380952381
1978-11-02,19.585714285714285
1978-11-03,19.761904761904763
1978-11-04,19.938095238095237
1978-11-05,20.114285714285714
1978-11-06,20.290476190476188
1978-11-07,20.466666666666665
1978-11-08,20.644444444444442
1978-11-09,20.82222222222222
1978-11-10,21.0
1978-11-11,21.177777777777777
1978-11-12,21.355555555555554
1978-11-13,21.53333333333333
1978-11-14,22.14074074074074
1978-11-15,22.748148148148147
1978-11-16,23.355555555555554
1978-11-17,23.962962962962962
1978-11-18,24.57037037037037
1978-11-19,25.177777777777777
1978-11-20,25.785185185185185
1978-11-21,26.392592592592592
1978-11-22,27.0
1978-11-23,27.076190476190476
1978-11-24,27.152380952380952
1978-11-25,27.228571428571428
1978-11-26,27.304761904761904
1978-11-27,27.38095238095238
1978-11-28,27.457142857142856
1978-11-29,27.53333333333333
1978-11-30,28.022222222222222
1978-12-01,28.51111111111111
1978-12-02,29.0
1978-12-03,29.48888888888889
1978-12-04,29.977777777777778
1978-12-05,30.46666666666667
1978-12-06,30.761904761904763
1978-12-07,31.057142857142857
1978-12-08,31.35238095238095
1978-12-09,31.64761904761905
1978-12-10,31.942857142857143
1978-12-11,32.238095238095234
1978-12-12,32.53333333333333
1978-12-13,32.75714285714285
1978-12-14,32.98095238095238
1978-12-15,33.2047619047619
1978-12-16,33.42857142857143
1978-12-17,33.65238095238095
1978-12-18,33.87619047619048
1978-12-19,34.1
1978-12-20,33.97083333333333
1978-12-21,33.84166666666667
1978-12-22,33.712500000000006
1978-12-23,33.583333333333336
1978-12-24,33.454166666666666
1978-12-25,33.325
1978-12-26,33.19583333333334
1978-12-27,33.06666666666667
1978-12-28,33.32222222222222
1978-12-29,33.57777777777778
1978-12-30,33.833333333333336
1978-12-31,34.08888888888889
1979-01-01,34.34444444444445
1979-01-02,34.6
1979-01-03,34.84285714285714
1979-01-04,35.08571428571429
1979-01-05,35.32857142857143
1979-01-06,35.57142857142858
1979-01-07,35.81428571428572
1979-01-08,36.057142857142864
1979-01-09,36.300000000000004
1979-01-10,36.51428571428572
1979-01-11,36.728571428571435
1979-01-12,36.94285714285715
1979-01-13,37.15714285714286
1979-01-14,37.371428571428574
1979-01-15,37.58571428571429
1979-01-16,37.800000000000004
1979-01-17,37.833333333333336
1979-01-18,37.86666666666667
1979-01-19,37.9
1979-01-20,37.93333333333334
1979-01-21,37.96666666666667
1979-01-22,38.0
1979-01-23,38.03333333333333
1979-01-24,38.28095238095238
1979-01-25,38.528571428571425
1979-01-26,38.77619047619047
1979-01-27,39.023809523809526
1979-01-28,39.27142857142857
1979-01-29,39.51904761904762
1979-01-30,39.766666666666666
1979-01-31,39.78095238095238
1979-02-01,39.7952380952381
1979-02-02,39.80952380952381
1979-02-03,39.82380952380952
1979-02-04,39.838095238095235
1979-02-05,39.852380952380955
1979-02-06,39.86666666666667
1979-02-07,40.02857142857143
1979-02-08,40.19047619047619
1979-02-09,40.352380952380955
1979-02-10,40.51428571428571
1979-02-11,40.67619047619048
1979-02-12,40.838095238095235
1979-02-13,41.0
1979-02-14,40.84285714285714
1979-02-15,40.68571428571428
1979-02-16,40.528571428571425
1979-02-17,40.371428571428574
1979-02-18,40.214285714285715
1979-02-19,40.05714285714286
1979-02-20,39.9
1979-02-21,40.23809523809524
1979-02-22,40.576190476190476
1979-02-23,40.91428571428572
1979-02-24,41.25238095238095
1979-02-25,41.590476190476195
1979-02-26,41.92857142857143
1979-02-27,42.26666666666667
1979-02-28,42.10000000000001
1979-03-01,41.93333333333334
1979-03-02,41.76666666666667
1979-03-03,41.6
1979-03-04,41.43333333333334
1979-03-05,41.266666666666666
1979-03-06,41.1
1979-03-07,41.16428571428572
1979-03-08,41.22857142857143
1979-03-09,41.292857142857144
1979-03-10,41.35714285714286
1979-03-11,41.42142857142857
1979-03-12,41.48571428571429
1979-03-13,41.55
1979-03-14,41.614285714285714
1979-03-15,41.67857142857143
1979-03-16,41.74285714285714
1979-03-17,41.80714285714286
1979-03-18,41.871428571428574
1979-03-19,41.93571428571428
1979-03-20,42.0
1979-03-21,41.976190476190474
1979-03-22,41.95238095238095
1979-03-23,41.92857142857143
1979-03-24,41.904761904761905
1979-03-25,41.88095238095238
1979-03-26,41.857142857142854
1979-03-27,41.83333333333333
1979-03-28,41.80952380952381
1979-03-29,41.785714285714285
1979-03-30,41.76190476190476
1979-03-31,41.738095238095234
1979-04-01,41.714285714285715
1979-04-02,41.69047619047619
1979-04-03,41.666666666666664
1979-04-04,41.54555555555555
1979-04-05,41.42444444444444
1979-04-06,41.30333333333333
1979-04-07,41.18222222222222
1979-04-08,41.06111111111111
1979-04-09,40.94
1979-04-10,40.818888888888885
1979-04-11,40.69777777777777
1979-04-12,40.57666666666666
1979-04-13,40.45555555555555
1979-04-14,40.334444444444436
1979-04-15,40.21333333333333
1979-04-16,40.09222222222222
1979-04-17,39.97111111111111
1979-04-18,39.849999999999994
1979-04-19,39.86923076923076
1979-04-20,39.888461538461534
1979-04-21,39.9076923076923
1979-04-22,39.926923076923075
1979-04-23,39.94615384615384
1979-04-24,39.965384615384615
1979-04-25,39.98461538461538
1979-04-26,40.003846153846155
1979-04-27,40.02307692307692
1979-04-28,40.042307692307695
1979-04-29,40.06153846153846
1979-04-30,40.080769230769235
1979-05-01,40.1
1979-05-02,40.18571428571429
1979-05-03,40.27142857142857
1979-05-04,40.35714285714286
1979-05-05,40.44285714285714
1979-05-06,40.52857142857143
1979-05-07,40.614285714285714
1979-05-08,40.7
1979-05-09,40.65238095238095
1979-05-10,40.60476190476191
1979-05-11,40.55714285714286
1979-05-12,40.50952380952381
1979-05-13,40.46190476190476
1979-05-14,40.41428571428572
1979-05-15,40.36666666666667
1979-05-16,40.095238095238095
1979-05-17,39.82380952380952
1979-05-18,39.55238095238095
1979-05-19,39.280952380952385
1979-05-20,39.00952380952381
1979-05-21,38.73809523809524
1979-05-22,38.46666666666667
1979-05-23,38.46190476190476
1979-05-24,38.457142857142856
1979-05-25,38.45238095238095
1979-05-26,38.44761904761905
1979-05-27,38.44285714285714
1979-05-28,38.43809523809524
1979-05-29,38.43333333333333
1979-05-30,38.17619047619047
1979-05-31,37.91904761904762
1979-06-01,37.66190476190476
1979-06-02,37.404761904761905
1979-06-03,37.147619047619045
1979-06-04,36.89047619047619
1979-06-05,36.63333333333333
1979-06-06,36.52916666666667
1979-06-07,36.425
1979-06-08,36.32083333333333
1979-06-09,36.21666666666667
1979-06-10,36.112500000000004
1979-06-11,36.00833333333334
1979-06-12,35.90416666666667
1979-06-13,35.800000000000004
1979-06-14,35.91666666666667
1979-06-15,36.03333333333334
1979-06-16,36.150000000000006
1979-06-17,36.266666666666666
1979-06-18,36.38333333333333
1979-06-19,36.5
1979-06-20,36.25238095238095
1979-06-21,36.00476190476191
1979-06-22,35.75714285714286
1979-06-23,35.50952380952381
1979-06-24,35.261904761904766
1979-06-25,35.01428571428572
1979-06-26,34.76666666666667
1979-06-27,34.06666666666667
1979-06-28,33.36666666666667
1979-06-29,32.66666666666667
1979-06-30,31.96666666666667
1979-07-01,31.266666666666666
1979-07-02,30.566666666666663
1979-07-03,29.866666666666664
1979-07-04,29.75238095238095
1979-07-05,29.638095238095236
1979-07-06,29.523809523809522
1979-07-07,29.409523809523808
1979-07-08,29.295238095238094
1979-07-09,29.18095238095238
1979-07-10,29.066666666666666
1979-07-11,27.733333333333334
1979-07-12,26.4
1979-07-13,25.066666666666666
1979-07-14,23.733333333333334
1979-07-15,22.4
1979-07-16,21.066666666666666
1979-07-17,19.733333333333334
1979-07-18,18.90952380952381
1979-07-19,18.085714285714285
1979-07-20,17.261904761904763
1979-07-21,16.43809523809524
1979-07-22,15.614285714285714
1979-07-23,14.790476190476191
1979-07-24,13.966666666666667
1979-07-25,14.466666666666667
1979-07-26,14.966666666666667
1979-07-27,15.466666666666667
1979-07-28,15.966666666666669
1979-07-29,16.46666666666667
1979-07-30,16.96666666666667
1979-07-31,17.46666666666667
1979-08-01,17.908333333333335
1979-08-02,18.35
1979-08-03,18.791666666666668
1979-08-04,19.233333333333334
1979-08-05,19.675
1979-08-06,20.116666666666667
1979-08-07,20.558333333333334
1979-08-08,21.0
1979-08-09,20.85
1979-08-10,20.7
1979-08-11,20.549999999999997
1979-08-12,20.4
1979-08-13,20.25
1979-08-14,20.099999999999998
1979-08-15,19.95
1979-08-16,19.799999999999997
1979-08-17,19.65
1979-08-18,19.5
1979-08-19,19.35
1979-08-20,19.200000000000003
1979-08-21,19.05
1979-08-22,18.900000000000002
1979-08-23,18.594444444444445
1979-08-24,18.28888888888889
1979-08-25,17.983333333333334
1979-08-26,17.677777777777777
1979-08-27,17.372222222222224
1979-08-28,17.066666666666666
1979-08-29,16.823809523809523
1979-08-30,16.580952380952382
1979-08-31,16.33809523809524
1979-09-01,16.095238095238095
1979-09-02,15.852380952380953
1979-09-03,15.609523809523811
1979-09-04,15.366666666666667
1979-09-05,16.01
1979-09-06,16.653333333333332
1979-09-07,17.296666666666667
1979-09-08,17.94
1979-09-09,18.583333333333336
1979-09-10,19.226666666666667
1979-09-11,19.87
1979-09-12,20.513333333333335
1979-09-13,21.156666666666666
1979-09-14,21.8
1979-09-15,21.78
1979-09-16,21.76
1979-09-17,21.74
1979-09-18,21.72
1979-09-19,21.7
1979-09-20,21.655555555555555
1979-09-21,21.61111111111111
1979-09-22,21.566666666666666
1979-09-23,21.522222222222222
1979-09-24,21.477777777777778
1979-09-25,21.433333333333334
1979-09-26,21.627083333333335
1979-09-27,21.820833333333333
1979-09-28,22.014583333333334
1979-09-29,22.208333333333332
1979-09-30,22.402083333333334
1979-10-01,22.59583333333333
1979-10-02,22.789583333333333
1979-10-03,22.983333333333334
1979-10-04,23.177083333333332
1979-10-05,23.370833333333334
1979-10-06,23.56458333333333
1979-10-07,23.758333333333333
1979-10-08,23.95208333333333
1979-10-09,24.145833333333332
1979-10-10,24.33958333333333
1979-10-11,24.53333333333333
1979-10-12,24.347619047619045
1979-10-13,24.16190476190476
1979-10-14,23.976190476190474
1979-10-15,23.790476190476188
1979-10-16,23.604761904761904
1979-10-17,23.419047619047618
1979-10-18,23.233333333333334
1979-10-19,23.047619047619047
1979-10-20,22.86190476190476
1979-10-21,22.676190476190477
1979-10-22,22.49047619047619
1979-10-23,22.304761904761904
1979-10-24,22.11904761904762
1979-10-25,21.933333333333334
1979-10-26,22.515384615384615
1979-10-27,23.097435897435897
1979-10-28,23.67948717948718
1979-10-29,24.26153846153846
1979-10-30,24.843589743589742
1979-10-31,25.425641025641028
1979-11-01,26.00769230769231
1979-11-02,26.58974358974359
1979-11-03,27.171794871794873
1979-11-04,27.753846153846155
1979-11-05,28.335897435897436
1979-11-06,28.91794871794872
1979-11-07,29.5
1979-11-08,29.547619047619047
1979-11-09,29.595238095238095
1979-11-10,29.642857142857142
1979-11-11,29.69047619047619
1979-11-12,29.738095238095237
1979-11-13,29.785714285714285
1979-11-14,29.833333333333336
1979-11-15,29.880952380952383
1979-11-16,29.92857142857143
1979-11-17,29.976190476190478
1979-11-18,30.023809523809526
1979-11-19,30.071428571428573
1979-11-20,30.11904761904762
1979-11-21,30.166666666666668
1979-11-22,30.27777777777778
1979-11-23,30.38888888888889
1979-11-24,30.5
1979-11-25,30.61111111111111
1979-11-26,30.72222222222222
1979-11-27,30.833333333333332
1979-11-28,30.944444444444443
1979-11-29,31.055555555555557
1979-11-30,31.166666666666668
1979-12-01,31.27777777777778
1979-12-02,31.38888888888889
1979-12-03,31.5
1979-12-04,31.61111111111111
1979-12-05,31.72222222222222
1979-12-06,31.833333333333332
1979-12-07,31.923809523809524
1979-12-08,32.01428571428571
1979-12-09,32.1047619047619
1979-12-10,32.195238095238096
1979-12-11,32.285714285714285
1979-12-12,32.37619047619047
1979-12-13,32.46666666666667
1979-12-14,32.55714285714286
1979-12-15,32.647619047619045
1979-12-16,32.73809523809524
1979-12-17,32.82857142857143
1979-12-18,32.91904761904762
1979-12-19,33.00952380952381
1979-12-20,33.1
1979-12-21,33.34761904761905
1979-12-22,33.595238095238095
1979-12-23,33.84285714285714
1979-12-24,34.090476190476195
1979-12-25,34.33809523809524
1979-12-26,34.58571428571429
1979-12-27,34.833333333333336
1979-12-28,35.08095238095238
1979-12-29,35.32857142857143
1979-12-30,35.576190476190476
1979-12-31,35.82380952380953
1980-01-01,36.07142857142858
1980-01-02,36.31904761904762
1980-01-03,36.56666666666667
1980-01-04,36.67692307692308
1980-01-05,36.78717948717949
1980-01-06,36.8974358974359
1980-01-07,37.00769230769231
1980-01-08,37.11794871794872
1980-01-09,37.22820512820513
1980-01-10,37.33846153846154
1980-01-11,37.44871794871795
1980-01-12,37.55897435897436
1980-01-13,37.66923076923077
1980-01-14,37.77948717948718
1980-01-15,37.88974358974359
1980-01-16,38.0
1980-01-17,38.19047619047619
1980-01-18,38.38095238095238
1980-01-19,38.57142857142857
1980-01-20,38.76190476190476
1980-01-21,38.95238095238095
1980-01-22,39.14285714285714
1980-01-23,39.33333333333333
1980-01-24,39.523809523809526
1980-01-25,39.714285714285715
1980-01-26,39.904761904761905
1980-01-27,40.095238095238095
1980-01-28,40.285714285714285
1980-01-29,40.476190476190474
1980-01-30,40.666666666666664
1980-01-31,40.63333333333333
1980-02-01,40.599999999999994
1980-02-02,40.56666666666666
1980-02-03,40.53333333333333
1980-02-04,40.5
1980-02-05,40.46666666666666
1980-02-06,40.43333333333333
1980-02-07,40.4
1980-02-08,40.36666666666666
1980-02-09,40.33333333333333
1980-02-10,40.3
1980-02-11,40.266666666666666
1980-02-12,40.23333333333333
1980-02-13,40.199999999999996
1980-02-14,40.32380952380952
1980-02-15,40.44761904761904
1980-02-16,40.57142857142857
1980-02-17,40.69523809523809
1980-02-18,40.819047619047616
1980-02-19,40.942857142857136
1980-02-20,41.06666666666666
1980-02-21,41.19047619047619
1980-02-22,41.31428571428571
1980-02-23,41.43809523809524
1980-02-24,41.561904761904756
1980-02-25,41.68571428571428
1980-02-26,41.8095238095238
1980-02-27,41.93333333333333
1980-02-28,41.9
1980-02-29,41.86666666666667
1980-03-01,41.83333333333333
1980-03-02,41.8
1980-03-03,41.766666666666666
1980-03-04,41.733333333333334
1980-03-05,41.7
1980-03-06,41.666666666666664
1980-03-07,41.63333333333333
1980-03-08,41.6
1980-03-09,41.56666666666667
1980-03-10,41.53333333333333
1980-03-11,41.5
1980-03-12,41.46666666666667
1980-03-13,41.47619047619048
1980-03-14,41.48571428571429
1980-03-15,41.49523809523809
1980-03-16,41.50476190476191
1980-03-17,41.51428571428572
1980-03-18,41.523809523809526
1980-03-19,41.53333333333333
1980-03-20,41.542857142857144
1980-03-21,41.55238095238096
1980-03-22,41.56190476190476
1980-03-23,41.57142857142857
1980-03-24,41.58095238095238
1980-03-25,41.590476190476195
1980-03-26,41.6
1980-03-27,41.483333333333334
1980-03-28,41.36666666666667
1980-03-29,41.25
1980-03-30,41.13333333333333
1980-03-31,41.016666666666666
1980-04-01,40.9
1980-04-02,40.78333333333333
1980-04-03,40.66666666666667
1980-04-04,40.550000000000004
1980-04-05,40.43333333333334
1980-04-06,40.31666666666667
1980-04-07,40.2
1980-04-08,40.083333333333336
1980-04-09,39.96666666666667
1980-04-10,39.95
1980-04-11,39.93333333333334
1980-04-12,39.916666666666664
1980-04-13,39.9
1980-04-14,39.88333333333333
1980-04-15,39.86666666666667
1980-04-16,39.849999999999994
1980-04-17,39.83333333333333
1980-04-18,39.81666666666666
1980-04-19,39.8
1980-04-20,39.78333333333333
1980-04-21,39.76666666666666
1980-04-22,39.74999999999999
1980-04-23,39.73333333333333
1980-04-24,39.617948717948714
1980-04-25,39.502564102564094
1980-04-26,39.38717948717948
1980-04-27,39.27179487179487
1980-04-28,39.15641025641025
1980-04-29,39.041025641025634
1980-04-30,38.92564102564102
1980-05-01,38.81025641025641
1980-05-02,38.69487179487179
1980-05-03,38.579487179487174
1980-05-04,38.46410256410256
1980-05-05,38.34871794871794
1980-05-06,38.23333333333333
1980-05-07,38.26888888888888
1980-05-08,38.30444444444444
1980-05-09,38.339999999999996
1980-05-10,38.37555555555555
1980-05-11,38.41111111111111
1980-05-12,38.446666666666665
1980-05-13,38.48222222222222
1980-05-14,38.51777777777778
1980-05-15,38.553333333333335
1980-05-16,38.58888888888889
1980-05-17,38.62444444444445
1980-05-18,38.660000000000004
1980-05-19,38.69555555555556
1980-05-20,38.73111111111112
1980-05-21,38.76666666666667
1980-05-22,38.61190476190477
1980-05-23,38.45714285714286
1980-05-24,38.30238095238096
1980-05-25,38.14761904761905
1980-05-26,37.99285714285715
1980-05-27,37.83809523809524
1980-05-28,37.68333333333334
1980-05-29,37.52857142857143
1980-05-30,37.37380952380953
1980-05-31,37.21904761904762
1980-06-01,37.06428571428572
1980-06-02,36.90952380952381
1980-06-03,36.75476190476191
1980-06-04,36.6
1980-06-05,36.45476190476191
1980-06-06,36.30952380952381
1980-06-07,36.16428571428572
1980-06-08,36.01904761904762
1980-06-09,35.87380952380953
1980-06-10,35.72857142857143
1980-06-11,35.583333333333336
1980-06-12,35.438095238095244
1980-06-13,35.292857142857144
1980-06-14,35.14761904761905
1980-06-15,35.00238095238095
1980-06-16,34.85714285714286
1980-06-17,34.71190476190476
1980-06-18,34.56666666666667
1980-06-19,34.04761904761905
1980-06-20,33.52857142857143
1980-06-21,33.00952380952381
1980-06-22,32.490476190476194
1980-06-23,31.971428571428575
1980-06-24,31.452380952380956
1980-06-25,30.933333333333337
1980-06-26,30.414285714285718
1980-06-27,29.895238095238096
1980-06-28,29.376190476190477
1980-06-29,28.857142857142858
1980-06-30,28.33809523809524
1980-07-01,27.81904761904762
1980-07-02,27.3
1980-07-03,26.340476190476192
1980-07-04,25.380952380952383
1980-07-05,24.42142857142857
1980-07-06,23.461904761904762
1980-07-07,22.502380952380953
1980-07-08,21.542857142857144
1980-07-09,20.583333333333336
1980-07-10,19.623809523809523
1980-07-11,18.664285714285715
1980-07-12,17.704761904761906
1980-07-13,16.745238095238093
1980-07-14,15.785714285714286
1980-07-15,14.826190476190476
1980-07-16,13.866666666666667
1980-07-17,14.057142857142857
1980-07-18,14.247619047619049
1980-07-19,14.438095238095238
1980-07-20,14.628571428571428
1980-07-21,14.819047619047618
1980-07-22,15.00952380952381
1980-07-23,15.2
1980-07-24,15.390476190476189
1980-07-25,15.580952380952379
1980-07-26,15.77142857142857
1980-07-27,15.96190476190476
1980-07-28,16.152380952380952
1980-07-29,16.34285714285714
1980-07-30,16.53333333333333
1980-07-31,16.16153846153846
1980-08-01,15.789743589743589
1980-08-02,15.417948717948716
1980-08-03,15.046153846153844
1980-08-04,14.674358974358974
1980-08-05,14.302564102564101
1980-08-06,13.93076923076923
1980-08-07,13.558974358974357
1980-08-08,13.187179487179487
1980-08-09,12.815384615384614
1980-08-10,12.443589743589744
1980-08-11,12.071794871794872
1980-08-12,11.7
1980-08-13,11.46875
1980-08-14,11.237499999999999
1980-08-15,11.00625
1980-08-16,10.774999999999999
1980-08-17,10.54375
1980-08-18,10.3125
1980-08-19,10.081249999999999
1980-08-20,9.85
1980-08-21,9.61875
1980-08-22,9.3875
1980-08-23,9.15625
1980-08-24,8.925
1980-08-25,8.69375
1980-08-26,8.4625
1980-08-27,8.23125
1980-08-28,8.0
1980-08-29,7.861111111111111
1980-08-30,7.722222222222222
1980-08-31,7.583333333333333
1980-09-01,7.444444444444445
1980-09-02,7.305555555555555
1980-09-03,7.166666666666666
1980-09-04,7.027777777777778
1980-09-05,6.888888888888888
1980-09-06,6.75
1980-09-07,6.611111111111111
1980-09-08,6.472222222222221
1980-09-09,6.333333333333333
1980-09-10,6.942857142857143
1980-09-11,7.552380952380952
1980-09-12,8.161904761904761
1980-09-13,8.771428571428572
1980-09-14,9.380952380952381
1980-09-15,9.99047619047619
1980-09-16,10.600000000000001
1980-09-17,11.209523809523809
1980-09-18,11.81904761904762
1980-09-19,12.428571428571429
1980-09-20,13.038095238095238
1980-09-21,13.647619047619049
1980-09-22,14.257142857142858
1980-09-23,14.866666666666667
1980-09-24,14.369047619047619
1980-09-25,13.871428571428572
1980-09-26,13.373809523809523
1980-09-27,12.876190476190477
1980-09-28,12.378571428571428
1980-09-29,11.880952380952381
1980-09-30,11.383333333333333
1980-10-01,10.885714285714286
1980-10-02,10.388095238095238
1980-10-03,9.890476190476189
1980-10-04,9.392857142857142
1980-10-05,8.895238095238096
1980-10-06,8.397619047619047
1980-10-07,7.8999999999999995
1980-10-08,8.335555555555555
1980-10-09,8.77111111111111
1980-10-10,9.206666666666665
1980-10-11,9.642222222222221
1980-10-12,10.077777777777778
1980-10-13,10.513333333333332
1980-10-14,10.948888888888888
1980-10-15,11.384444444444444
1980-10-16,11.819999999999999
1980-10-17,12.255555555555555
1980-10-18,12.691111111111109
1980-10-19,13.126666666666665
1980-10-20,13.562222222222221
1980-10-21,13.997777777777777
1980-10-22,14.433333333333332
1980-10-23,14.485714285714284
1980-10-24,14.538095238095236
1980-10-25,14.590476190476188
1980-10-26,14.642857142857142
1980-10-27,14.695238095238095
1980-10-28,14.747619047619047
1980-10-29,14.799999999999999
1980-10-30,14.852380952380951
1980-10-31,14.904761904761903
1980-11-01,14.957142857142856
1980-11-02,15.00952380952381
1980-11-03,15.061904761904762
1980-11-04,15.114285714285714
1980-11-05,15.166666666666666
1980-11-06,15.838461538461537
1980-11-07,16.51025641025641
1980-11-08,17.182051282051283
1980-11-09,17.853846153846153
1980-11-10,18.525641025641026
1980-11-11,19.1974358974359
1980-11-12,19.869230769230768
1980-11-13,20.54102564102564
1980-11-14,21.212820512820514
1980-11-15,21.884615384615387
1980-11-16,22.55641025641026
1980-11-17,23.22820512820513
1980-11-18,23.900000000000002
1980-11-19,24.092857142857145
1980-11-20,24.28571428571429
1980-11-21,24.47857142857143
1980-11-22,24.67142857142857
1980-11-23,24.864285714285714
1980-11-24,25.057142857142857
1980-11-25,25.25
1980-11-26,25.442857142857143
1980-11-27,25.635714285714286
1980-11-28,25.82857142857143
1980-11-29,26.021428571428572
1980-11-30,26.21428571428571
1980-12-01,26.407142857142855
1980-12-02,26.599999999999998
1980-12-03,26.84285714285714
1980-12-04,27.085714285714285
1980-12-05,27.328571428571426
1980-12-06,27.57142857142857
1980-12-07,27.814285714285713
1980-12-08,28.057142857142857
1980-12-09,28.299999999999997
1980-12-10,28.54285714285714
1980-12-11,28.785714285714285
1980-12-12,29.02857142857143
1980-12-13,29.271428571428572
1980-12-14,29.514285714285712
1980-12-15,29.757142857142856
1980-12-16,30.0
1980-12-17,30.142857142857142
1980-12-18,30.285714285714285
1980-12-19,30.428571428571427
1980-12-20,30.571428571428573
1980-12-21,30.714285714285715
1980-12-22,30.857142857142858
1980-12-23,31.0
1980-12-24,31.142857142857142
1980-12-25,31.285714285714285
1980-12-26,31.428571428571427
1980-12-27,31.571428571428573
1980-12-28,31.714285714285715
1980-12-29,31.857142857142858
1980-12-30,32.0
1980-12-31,32.142857142857146
1981-01-01,32.285714285714285
1981-01-02,32.42857142857143
1981-01-03,32.57142857142857
1981-01-04,32.714285714285715
1981-01-05,32.857142857142854
1981-01-06,33.0
1981-01-07,33.142857142857146
1981-01-08,33.285714285714285
1981-01-09,33.42857142857143
1981-01-10,33.57142857142857
1981-01-11,33.714285714285715
1981-01-12,33.857142857142854
1981-01-13,34.0
1981-01-14,34.17857142857143
1981-01-15,34.357142857142854
1981-01-16,34.535714285714285
1981-01-17,34.714285714285715
1981-01-18,34.892857142857146
1981-01-19,35.07142857142857
1981-01-20,35.25
1981-01-21,35.42857142857143
1981-01-22,35.607142857142854
1981-01-23,35.785714285714285
1981-01-24,35.964285714285715
1981-01-25,36.142857142857146
1981-01-26,36.32142857142857
1981-01-27,36.5
1981-01-28,36.628571428571426
1981-01-29,36.75714285714286
1981-01-30,36.885714285714286
1981-01-31,37.01428571428571
1981-02-01,37.142857142857146
1981-02-02,37.27142857142857
1981-02-03,37.400000000000006
1981-02-04,37.52857142857143
1981-02-05,37.65714285714286
1981-02-06,37.78571428571429
1981-02-07,37.91428571428572
1981-02-08,38.042857142857144
1981-02-09,38.17142857142858
1981-02-10,38.300000000000004
1981-02-11,38.358333333333334
1981-02-12,38.41666666666667
1981-02-13,38.475
1981-02-14,38.53333333333334
1981-02-15,38.59166666666667
1981-02-16,38.650000000000006
1981-02-17,38.708333333333336
1981-02-18,38.76666666666667
1981-02-19,38.825
1981-02-20,38.88333333333334
1981-02-21,38.94166666666667
1981-02-22,39.00000000000001
1981-02-23,39.05833333333334
1981-02-24,39.116666666666674
1981-02-25,39.175000000000004
1981-02-26,39.233333333333334
1981-02-27,39.29166666666667
1981-02-28,39.35
1981-03-01,39.40833333333334
1981-03-02,39.46666666666667
1981-03-03,39.525000000000006
1981-03-04,39.583333333333336
1981-03-05,39.64166666666667
1981-03-06,39.7
1981-03-07,39.75833333333334
1981-03-08,39.81666666666667
1981-03-09,39.87500000000001
1981-03-10,39.93333333333334
1981-03-11,39.916091954022995
1981-03-12,39.89885057471265
1981-03-13,39.881609195402305
1981-03-14,39.864367816091956
1981-03-15,39.847126436781615
1981-03-16,39.829885057471266
1981-03-17,39.812643678160924
1981-03-18,39.795402298850576
1981-03-19,39.778160919540234
1981-03-20,39.760919540229885
1981-03-21,39.74367816091954
1981-03-22,39.726436781609195
1981-03-23,39.70919540229885
1981-03-24,39.691954022988504
1981-03-25,39.67471264367816
1981-03-26,39.657471264367814
1981-03-27,39.64022988505747
1981-03-28,39.622988505747124
1981-03-29,39.60574712643678
1981-03-30,39.58850574712643
1981-03-31,39.57126436781609
1981-04-01,39.55402298850574
1981-04-02,39.5367816091954
1981-04-03,39.51954022988505
1981-04-04,39.50229885057471
1981-04-05,39.48505747126436
1981-04-06,39.46781609195402
1981-04-07,39.45057471264367
1981-04-08,39.43333333333333
1981-04-09,39.4395061728395
1981-04-10,39.44567901234568
1981-04-11,39.45185185185185
1981-04-12,39.45802469135802
1981-04-13,39.4641975308642
1981-04-14,39.47037037037037
1981-04-15,39.47654320987654
1981-04-16,39.48271604938272
1981-04-17,39.48888888888889
1981-04-18,39.49506172839506
1981-04-19,39.501234567901236
1981-04-20,39.507407407407406
1981-04-21,39.51358024691358
1981-04-22,39.519753086419755
1981-04-23,39.525925925925925
1981-04-24,39.532098765432096
1981-04-25,39.538271604938274
1981-04-26,39.544444444444444
1981-04-27,39.550617283950615
1981-04-28,39.55679012345679
1981-04-29,39.56296296296296
1981-04-30,39.569135802469134
1981-05-01,39.57530864197531
1981-05-02,39.58148148148148
1981-05-03,39.58765432098765
1981-05-04,39.59382716049383
1981-05-05,39.6
1981-05-06,39.07222222222222
1981-05-07,38.544444444444444
1981-05-08,38.016666666666666
1981-05-09,37.48888888888889
1981-05-10,36.96111111111111
1981-05-11,36.43333333333334
1981-05-12,35.90555555555556
1981-05-13,35.37777777777778
1981-05-14,34.85
1981-05-15,34.32222222222222
1981-05-16,33.794444444444444
1981-05-17,33.266666666666666
1981-05-18,32.73888888888889
1981-05-19,32.21111111111111
1981-05-20,31.683333333333334
1981-05-21,31.155555555555555
1981-05-22,30.627777777777776
1981-05-23,30.1
1981-05-24,29.572222222222223
1981-05-25,29.044444444444444
1981-05-26,28.516666666666666
1981-05-27,27.988888888888887
1981-05-28,27.46111111111111
1981-05-29,26.93333333333333
1981-05-30,26.405555555555555
1981-05-31,25.877777777777776
1981-06-01,25.349999999999998
1981-06-02,24.822222222222223
1981-06-03,24.294444444444444
1981-06-04,23.766666666666666
1981-06-05,22.644444444444442
1981-06-06,21.522222222222222
1981-06-07,20.4
1981-06-08,19.27777777777778
1981-06-09,18.155555555555555
1981-06-10,17.03333333333333
1981-06-11,15.911111111111111
1981-06-12,14.78888888888889
1981-06-13,13.666666666666668
1981-06-14,12.544444444444446
1981-06-15,11.422222222222222
1981-06-16,10.3
1981-06-17,11.557142857142857
1981-06-18,12.814285714285713
1981-06-19,14.071428571428571
1981-06-20,15.328571428571427
1981-06-21,16.585714285714285
1981-06-22,17.84285714285714
1981-06-23,19.099999999999998
1981-06-24,18.57142857142857
1981-06-25,18.04285714285714
1981-06-26,17.514285714285712
1981-06-27,16.985714285714284
1981-06-28,16.457142857142856
1981-06-29,15.928571428571429
1981-06-30,15.4
1981-07-01,15.557142857142857
1981-07-02,15.714285714285715
1981-07-03,15.871428571428572
1981-07-04,16.02857142857143
1981-07-05,16.185714285714287
1981-07-06,16.34285714285714
1981-07-07,16.5
1981-07-08,16.78095238095238
1981-07-09,17.061904761904763
1981-07-10,17.342857142857145
1981-07-11,17.623809523809523
1981-07-12,17.904761904761905
1981-07-13,18.185714285714287
1981-07-14,18.46666666666667
1981-07-15,17.802380952380954
1981-07-16,17.13809523809524
1981-07-17,16.473809523809525
1981-07-18,15.80952380952381
1981-07-19,15.145238095238096
1981-07-20,14.480952380952383
1981-07-21,13.816666666666666
1981-07-22,13.152380952380954
1981-07-23,12.488095238095239
1981-07-24,11.823809523809524
1981-07-25,11.15952380952381
1981-07-26,10.495238095238097
1981-07-27,9.83095238095238
1981-07-28,9.166666666666666
1981-07-29,8.538095238095238
1981-07-30,7.909523809523809
1981-07-31,7.280952380952381
1981-08-01,6.652380952380952
1981-08-02,6.023809523809524
1981-08-03,5.395238095238096
1981-08-04,4.766666666666667
1981-08-05,4.7375
1981-08-06,4.708333333333333
1981-08-07,4.679166666666666
1981-08-08,4.65
1981-08-09,4.620833333333334
1981-08-10,4.591666666666667
1981-08-11,4.5625
1981-08-12,4.533333333333333
1981-08-13,4.2444444444444445
1981-08-14,3.9555555555555557
1981-08-15,3.666666666666667
1981-08-16,3.377777777777778
1981-08-17,3.088888888888889
1981-08-18,2.8000000000000003
1981-08-19,2.723809523809524
1981-08-20,2.647619047619048
1981-08-21,2.5714285714285716
1981-08-22,2.4952380952380957
1981-08-23,2.4190476190476193
1981-08-24,2.3428571428571434
1981-08-25,2.266666666666667
1981-08-26,2.50952380952381
1981-08-27,2.7523809523809524
1981-08-28,2.9952380952380953
1981-08-29,3.238095238095238
1981-08-30,3.480952380952381
1981-08-31,3.7238095238095235
1981-09-01,3.9666666666666663
1981-09-02,4.480952380952381
1981-09-03,4.995238095238095
1981-09-04,5.5095238095238095
1981-09-05,6.023809523809524
1981-09-06,6.538095238095238
1981-09-07,7.052380952380952
1981-09-08,7.566666666666666
1981-09-09,7.89047619047619
1981-09-10,8.214285714285714
1981-09-11,8.538095238095238
1981-09-12,8.861904761904762
1981-09-13,9.185714285714287
1981-09-14,9.50952380952381
1981-09-15,9.833333333333334
1981-09-16,10.200000000000001
1981-09-17,10.566666666666666
1981-09-18,10.933333333333334
1981-09-19,11.3
1981-09-20,11.666666666666668
1981-09-21,12.033333333333333
1981-09-22,12.4
1981-09-23,12.538095238095238
1981-09-24,12.676190476190477
1981-09-25,12.814285714285715
1981-09-26,12.952380952380953
1981-09-27,13.09047619047619
1981-09-28,13.22857142857143
1981-09-29,13.366666666666667
1981-09-30,13.504761904761905
1981-10-01,13.642857142857142
1981-10-02,13.780952380952382
1981-10-03,13.91904761904762
1981-10-04,14.057142857142857
1981-10-05,14.195238095238096
1981-10-06,14.333333333333334
1981-10-07,14.561904761904762
1981-10-08,14.790476190476191
1981-10-09,15.019047619047619
1981-10-10,15.247619047619047
1981-10-11,15.476190476190474
1981-10-12,15.704761904761904
1981-10-13,15.933333333333332
1981-10-14,16.085714285714285
1981-10-15,16.238095238095237
1981-10-16,16.39047619047619
1981-10-17,16.54285714285714
1981-10-18,16.695238095238096
1981-10-19,16.847619047619048
1981-10-20,17.0
1981-10-21,17.433333333333334
1981-10-22,17.866666666666667
1981-10-23,18.3
1981-10-24,18.733333333333334
1981-10-25,19.166666666666668
1981-10-26,19.6
1981-10-27,20.033333333333335
1981-10-28,20.1
1981-10-29,20.166666666666668
1981-10-30,20.233333333333334
1981-10-31,20.3
1981-11-01,20.366666666666667
1981-11-02,20.433333333333334
1981-11-03,20.5
1981-11-04,20.642857142857142
1981-11-05,20.785714285714285
1981-11-06,20.928571428571427
1981-11-07,21.071428571428573
1981-11-08,21.214285714285715
1981-11-09,21.357142857142858
1981-11-10,21.5
1981-11-11,21.62857142857143
1981-11-12,21.757142857142856
1981-11-13,21.885714285714286
1981-11-14,22.014285714285716
1981-11-15,22.142857142857146
1981-11-16,22.271428571428572
1981-11-17,22.400000000000002
1981-11-18,22.652380952380955
1981-11-19,22.904761904761905
1981-11-20,23.15714285714286
1981-11-21,23.40952380952381
1981-11-22,23.661904761904765
1981-11-23,23.914285714285715
1981-11-24,24.166666666666668
1981-11-25,24.71904761904762
1981-11-26,25.271428571428572
1981-11-27,25.823809523809523
1981-11-28,26.376190476190477
1981-11-29,26.928571428571427
1981-11-30,27.48095238095238
1981-12-01,28.03333333333333
1981-12-02,27.74285714285714
1981-12-03,27.452380952380953
1981-12-04,27.16190476190476
1981-12-05,26.87142857142857
1981-12-06,26.58095238095238
1981-12-07,26.29047619047619
1981-12-08,26.0
1981-12-09,26.376190476190477
1981-12-10,26.752380952380953
1981-12-11,27.12857142857143
1981-12-12,27.504761904761907
1981-12-13,27.880952380952383
1981-12-14,28.25714285714286
1981-12-15,28.633333333333336
1981-12-16,28.614285714285717
1981-12-17,28.5952380952381
1981-12-18,28.57619047619048
1981-12-19,28.557142857142857
1981-12-20,28.538095238095238
1981-12-21,28.51904761904762
1981-12-22,28.5
1981-12-23,29.00952380952381
1981-12-24,29.51904761904762
1981-12-25,30.02857142857143
1981-12-26,30.53809523809524
1981-12-27,31.04761904761905
1981-12-28,31.55714285714286
1981-12-29,32.06666666666667
1981-12-30,32.419047619047625
1981-12-31,32.77142857142857
1982-01-01,33.12380952380953
1982-01-02,33.476190476190474
1982-01-03,33.82857142857143
1982-01-04,34.18095238095238
1982-01-05,34.53333333333333
1982-01-06,34.45238095238095
1982-01-07,34.371428571428574
1982-01-08,34.29047619047619
1982-01-09,34.20952380952381
1982-01-10,34.128571428571426
1982-01-11,34.04761904761905
1982-01-12,33.96666666666667
1982-01-13,34.12857142857143
1982-01-14,34.29047619047619
1982-01-15,34.452380952380956
1982-01-16,34.614285714285714
1982-01-17,34.77619047619048
1982-01-18,34.93809523809524
1982-01-19,35.1
1982-01-20,32.21904761904762
1982-01-21,29.33809523809524
1982-01-22,26.457142857142856
1982-01-23,23.576190476190476
1982-01-24,20.695238095238096
1982-01-25,17.814285714285713
1982-01-26,14.933333333333332
1982-01-27,15.242857142857142
1982-01-28,15.55238095238095
1982-01-29,15.86190476190476
1982-01-30,16.17142857142857
1982-01-31,16.480952380952377
1982-02-01,16.790476190476188
1982-02-02,17.099999999999998
1982-02-03,17.85238095238095
1982-02-04,18.6047619047619
1982-02-05,19.357142857142854
1982-02-06,20.109523809523807
1982-02-07,20.86190476190476
1982-02-08,21.61428571428571
1982-02-09,22.366666666666664
1982-02-10,22.847619047619045
1982-02-11,23.328571428571426
1982-02-12,23.809523809523807
1982-02-13,24.29047619047619
1982-02-14,24.771428571428572
1982-02-15,25.252380952380953
1982-02-16,25.733333333333334
1982-02-17,26.095238095238095
1982-02-18,26.45714285714286
1982-02-19,26.81904761904762
1982-02-20,27.18095238095238
1982-02-21,27.54285714285714
1982-02-22,27.904761904761905
1982-02-23,28.266666666666666
1982-02-24,28.676190476190477
1982-02-25,29.085714285714285
1982-02-26,29.495238095238097
1982-02-27,29.904761904761905
1982-02-28,30.314285714285717
1982-03-01,30.723809523809525
1982-03-02,31.133333333333336
1982-03-03,30.92857142857143
1982-03-04,30.723809523809525
1982-03-05,30.51904761904762
1982-03-06,30.314285714285717
1982-03-07,30.10952380952381
1982-03-08,29.904761904761905
1982-03-09,29.7
1982-03-10,30.3
1982-03-11,30.9
1982-03-12,31.5
1982-03-13,32.1
1982-03-14,32.699999999999996
1982-03-15,33.3
1982-03-16,33.9
1982-03-17,34.00476190476191
1982-03-18,34.10952380952381
1982-03-19,34.214285714285715
1982-03-20,34.319047619047616
1982-03-21,34.423809523809524
1982-03-22,34.528571428571425
1982-03-23,34.63333333333333
1982-03-24,34.73809523809524
1982-03-25,34.84285714285714
1982-03-26,34.94761904761905
1982-03-27,35.05238095238095
1982-03-28,35.15714285714286
1982-03-29,35.26190476190476
1982-03-30,35.36666666666667
1982-03-31,35.25952380952381
1982-04-01,35.15238095238095
1982-04-02,35.0452380952381
1982-04-03,34.93809523809524
1982-04-04,34.83095238095238
1982-04-05,34.72380952380952
1982-04-06,34.61666666666667
1982-04-07,34.50952380952381
1982-04-08,34.40238095238095
1982-04-09,34.2952380952381
1982-04-10,34.18809523809524
1982-04-11,34.08095238095238
1982-04-12,33.97380952380952
1982-04-13,33.86666666666667
1982-04-14,33.93809523809524
1982-04-15,34.00952380952381
1982-04-16,34.08095238095238
1982-04-17,34.15238095238095
1982-04-18,34.22380952380952
1982-04-19,34.2952380952381
1982-04-20,34.36666666666667
1982-04-21,34.43809523809524
1982-04-22,34.50952380952381
1982-04-23,34.58095238095238
1982-04-24,34.65238095238095
1982-04-25,34.72380952380952
1982-04-26,34.7952380952381
1982-04-27,34.86666666666667
1982-04-28,34.94285714285714
1982-04-29,35.01904761904762
1982-04-30,35.095238095238095
1982-05-01,35.17142857142857
1982-05-02,35.24761904761905
1982-05-03,35.32380952380952
1982-05-04,35.4
1982-05-05,35.476190476190474
1982-05-06,35.55238095238095
1982-05-07,35.628571428571426
1982-05-08,35.7047619047619
1982-05-09,35.78095238095238
1982-05-10,35.857142857142854
1982-05-11,35.93333333333333
1982-05-12,35.89523809523809
1982-05-13,35.857142857142854
1982-05-14,35.819047619047616
1982-05-15,35.78095238095238
1982-05-16,35.74285714285714
1982-05-17,35.7047619047619
1982-05-18,35.666666666666664
1982-05-19,35.628571428571426
1982-05-20,35.59047619047619
1982-05-21,35.55238095238095
1982-05-22,35.51428571428571
1982-05-23,35.476190476190474
1982-05-24,35.43809523809524
1982-05-25,35.4
1982-05-26,35.33095238095238
1982-05-27,35.26190476190476
1982-05-28,35.19285714285714
1982-05-29,35.12380952380952
1982-05-30,35.054761904761904
1982-05-31,34.98571428571428
1982-06-01,34.916666666666664
1982-06-02,34.84761904761905
1982-06-03,34.778571428571425
1982-06-04,34.70952380952381
1982-06-05,34.640476190476186
1982-06-06,34.57142857142857
1982-06-07,34.502380952380946
1982-06-08,34.43333333333333
1982-06-09,33.82
1982-06-10,33.20666666666666
1982-06-11,32.593333333333334
1982-06-12,31.979999999999997
1982-06-13,31.366666666666664
1982-06-14,30.75333333333333
1982-06-15,30.14
1982-06-16,29.526666666666664
1982-06-17,28.913333333333334
1982-06-18,28.3
1982-06-19,27.686666666666667
1982-06-20,27.073333333333334
1982-06-21,26.46
1982-06-22,25.846666666666668
1982-06-23,25.233333333333334
1982-06-24,25.13888888888889
1982-06-25,25.044444444444444
1982-06-26,24.950000000000003
1982-06-27,24.855555555555558
1982-06-28,24.761111111111113
1982-06-29,24.666666666666668
1982-06-30,24.580952380952382
1982-07-01,24.495238095238097
1982-07-02,24.40952380952381
1982-07-03,24.323809523809523
1982-07-04,24.238095238095237
1982-07-05,24.152380952380952
1982-07-06,24.066666666666666
1982-07-07,23.566666666666666
1982-07-08,23.066666666666666
1982-07-09,22.566666666666666
1982-07-10,22.066666666666666
1982-07-11,21.566666666666666
1982-07-12,21.066666666666666
1982-07-13,20.566666666666666
1982-07-14,19.33809523809524
1982-07-15,18.10952380952381
1982-07-16,16.88095238095238
1982-07-17,15.652380952380952
1982-07-18,14.423809523809524
1982-07-19,13.195238095238096
1982-07-20,11.966666666666667
1982-07-21,11.520833333333334
1982-07-22,11.075
1982-07-23,10.629166666666666
1982-07-24,10.183333333333334
1982-07-25,9.7375
1982-07-26,9.291666666666668
1982-07-27,8.845833333333333
1982-07-28,8.4
1982-07-29,8.122222222222222
1982-07-30,7.844444444444445
1982-07-31,7.566666666666666
1982-08-01,7.288888888888889
1982-08-02,7.011111111111111
1982-08-03,6.733333333333333
1982-08-04,7.090476190476191
1982-08-05,7.447619047619048
1982-08-06,7.8047619047619055
1982-08-07,8.161904761904763
1982-08-08,8.519047619047619
1982-08-09,8.876190476190477
1982-08-10,9.233333333333334
1982-08-11,9.238095238095239
1982-08-12,9.242857142857144
1982-08-13,9.247619047619049
1982-08-14,9.252380952380951
1982-08-15,9.257142857142856
1982-08-16,9.261904761904761
1982-08-17,9.266666666666666
1982-08-18,8.942857142857141
1982-08-19,8.619047619047619
1982-08-20,8.295238095238094
1982-08-21,7.9714285714285715
1982-08-22,7.647619047619047
1982-08-23,7.3238095238095235
1982-08-24,7.0
1982-08-25,7.338095238095238
1982-08-26,7.6761904761904765
1982-08-27,8.014285714285714
1982-08-28,8.352380952380953
1982-08-29,8.690476190476192
1982-08-30,9.028571428571428
1982-08-31,9.366666666666667
1982-09-01,9.214285714285715
1982-09-02,9.061904761904762
1982-09-03,8.90952380952381
1982-09-04,8.757142857142856
1982-09-05,8.604761904761904
1982-09-06,8.45238095238095
1982-09-07,8.299999999999999
1982-09-08,8.829999999999998
1982-09-09,9.36
1982-09-10,9.889999999999999
1982-09-11,10.419999999999998
1982-09-12,10.95
1982-09-13,11.48
1982-09-14,12.01
1982-09-15,12.54
1982-09-16,13.07
1982-09-17,13.6
1982-09-18,14.283333333333333
1982-09-19,14.966666666666665
1982-09-20,15.649999999999999
1982-09-21,16.333333333333332
1982-09-22,15.652380952380952
1982-09-23,14.971428571428572
1982-09-24,14.290476190476191
1982-09-25,13.60952380952381
1982-09-26,12.928571428571429
1982-09-27,12.247619047619049
1982-09-28,11.566666666666668
1982-09-29,11.747619047619049
1982-09-30,11.92857142857143
1982-10-01,12.109523809523811
1982-10-02,12.290476190476191
1982-10-03,12.471428571428572
1982-10-04,12.652380952380954
1982-10-05,12.833333333333334
1982-10-06,13.042857142857143
1982-10-07,13.252380952380953
1982-10-08,13.461904761904762
1982-10-09,13.67142857142857
1982-10-10,13.88095238095238
1982-10-11,14.09047619047619
1982-10-12,14.299999999999999
1982-10-13,14.128571428571428
1982-10-14,13.957142857142856
1982-10-15,13.785714285714285
1982-10-16,13.614285714285714
1982-10-17,13.442857142857143
1982-10-18,13.27142857142857
1982-10-19,13.1
1982-10-20,13.928571428571429
1982-10-21,14.757142857142858
1982-10-22,15.585714285714285
1982-10-23,16.414285714285715
1982-10-24,17.242857142857144
1982-10-25,18.071428571428573
1982-10-26,18.900000000000002
1982-10-27,19.49047619047619
1982-10-28,20.080952380952382
1982-10-29,20.67142857142857
1982-10-30,21.261904761904763
1982-10-31,21.85238095238095
1982-11-01,22.442857142857143
1982-11-02,23.03333333333333
1982-11-03,22.780952380952378
1982-11-04,22.52857142857143
1982-11-05,22.276190476190475
1982-11-06,22.023809523809522
1982-11-07,21.77142857142857
1982-11-08,21.51904761904762
1982-11-09,21.266666666666666
1982-11-10,21.723809523809525
1982-11-11,22.18095238095238
1982-11-12,22.63809523809524
1982-11-13,23.095238095238095
1982-11-14,23.552380952380954
1982-11-15,24.009523809523813
1982-11-16,24.46666666666667
1982-11-17,24.833333333333336
1982-11-18,25.2
1982-11-19,25.566666666666666
1982-11-20,25.933333333333334
1982-11-21,26.299999999999997
1982-11-22,26.666666666666664
1982-11-23,27.03333333333333
1982-11-24,27.104761904761904
1982-11-25,27.176190476190474
1982-11-26,27.247619047619047
1982-11-27,27.319047619047616
1982-11-28,27.39047619047619
1982-11-29,27.46190476190476
1982-11-30,27.53333333333333
1982-12-01,27.88095238095238
1982-12-02,28.228571428571428
1982-12-03,28.576190476190476
1982-12-04,28.923809523809524
1982-12-05,29.271428571428572
1982-12-06,29.61904761904762
1982-12-07,29.96666666666667
1982-12-08,30.11904761904762
1982-12-09,30.271428571428572
1982-12-10,30.423809523809524
1982-12-11,30.576190476190476
1982-12-12,30.728571428571428
1982-12-13,30.88095238095238
1982-12-14,31.03333333333333
1982-12-15,31.23333333333333
1982-12-16,31.43333333333333
1982-12-17,31.63333333333333
1982-12-18,31.833333333333332
1982-12-19,32.03333333333333
1982-12-20,32.23333333333333
1982-12-21,32.43333333333333
1982-12-22,32.476190476190474
1982-12-23,32.51904761904762
1982-12-24,32.56190476190476
1982-12-25,32.6047619047619
1982-12-26,32.647619047619045
1982-12-27,32.69047619047619
1982-12-28,32.733333333333334
1982-12-29,32.93809523809524
1982-12-30,33.142857142857146
1982-12-31,33.34761904761905
1983-01-01,33.55238095238095
1983-01-02,33.75714285714285
1983-01-03,33.96190476190476
1983-01-04,34.166666666666664
1983-01-05,34.404761904761905
1983-01-06,34.64285714285714
1983-01-07,34.88095238095238
1983-01-08,35.11904761904762
1983-01-09,35.35714285714286
1983-01-10,35.595238095238095
1983-01-11,35.833333333333336
1983-01-12,36.02857142857143
1983-01-13,36.22380952380952
1983-01-14,36.41904761904762
1983-01-15,36.614285714285714
1983-01-16,36.80952380952381
1983-01-17,37.0047619047619
1983-01-18,37.199999999999996
1983-01-19,37.4
1983-01-20,37.599999999999994
1983-01-21,37.8
1983-01-22,38.0
1983-01-23,38.2
1983-01-24,38.4
1983-01-25,38.6
1983-01-26,38.647619047619045
1983-01-27,38.695238095238096
1983-01-28,38.74285714285714
1983-01-29,38.79047619047619
1983-01-30,38.838095238095235
1983-01-31,38.885714285714286
1983-02-01,38.93333333333333
1983-02-02,38.819047619047616
1983-02-03,38.7047619047619
1983-02-04,38.59047619047619
1983-02-05,38.476190476190474
1983-02-06,38.36190476190476
1983-02-07,38.24761904761905
1983-02-08,38.13333333333333
1983-02-09,38.19047619047619
1983-02-10,38.24761904761905
1983-02-11,38.304761904761904
1983-02-12,38.36190476190476
1983-02-13,38.41904761904762
1983-02-14,38.476190476190474
1983-02-15,38.53333333333333
1983-02-16,38.542857142857144
1983-02-17,38.55238095238095
1983-02-18,38.56190476190476
1983-02-19,38.57142857142857
1983-02-20,38.58095238095238
1983-02-21,38.59047619047619
1983-02-22,38.6
1983-02-23,38.773809523809526
1983-02-24,38.94761904761905
1983-02-25,39.121428571428574
1983-02-26,39.2952380952381
1983-02-27,39.46904761904762
1983-02-28,39.642857142857146
1983-03-01,39.81666666666666
1983-03-02,39.99047619047619
1983-03-03,40.16428571428571
1983-03-04,40.338095238095235
1983-03-05,40.51190476190476
1983-03-06,40.68571428571428
1983-03-07,40.85952380952381
1983-03-08,41.03333333333333
1983-03-09,41.195238095238096
1983-03-10,41.357142857142854
1983-03-11,41.51904761904762
1983-03-12,41.680952380952384
1983-03-13,41.84285714285714
1983-03-14,42.00476190476191
1983-03-15,42.16666666666667
1983-03-16,42.32857142857143
1983-03-17,42.490476190476194
1983-03-18,42.65238095238095
1983-03-19,42.81428571428572
1983-03-20,42.97619047619048
1983-03-21,43.13809523809524
1983-03-22,43.300000000000004
1983-03-23,43.13333333333334
1983-03-24,42.96666666666667
1983-03-25,42.800000000000004
1983-03-26,42.63333333333334
1983-03-27,42.46666666666667
1983-03-28,42.300000000000004
1983-03-29,42.13333333333334
1983-03-30,41.96666666666667
1983-03-31,41.800000000000004
1983-04-01,41.63333333333333
1983-04-02,41.46666666666667
1983-04-03,41.300000000000004
1983-04-04,41.13333333333333
1983-04-05,40.96666666666667
1983-04-06,40.971428571428575
1983-04-07,40.976190476190474
1983-04-08,40.98095238095238
1983-04-09,40.98571428571429
1983-04-10,40.990476190476194
1983-04-11,40.99523809523809
1983-04-12,41.0
1983-04-13,41.00476190476191
1983-04-14,41.009523809523806
1983-04-15,41.01428571428571
1983-04-16,41.01904761904762
1983-04-17,41.023809523809526
1983-04-18,41.028571428571425
1983-04-19,41.03333333333333
1983-04-20,40.95111111111111
1983-04-21,40.86888888888889
1983-04-22,40.78666666666667
1983-04-23,40.70444444444444
1983-04-24,40.62222222222222
1983-04-25,40.54
1983-04-26,40.45777777777778
1983-04-27,40.37555555555556
1983-04-28,40.29333333333334
1983-04-29,40.211111111111116
1983-04-30,40.128888888888895
1983-05-01,40.04666666666667
1983-05-02,39.964444444444446
1983-05-03,39.882222222222225
1983-05-04,39.800000000000004
1983-05-05,39.784615384615385
1983-05-06,39.769230769230774
1983-05-07,39.753846153846155
1983-05-08,39.73846153846154
1983-05-09,39.723076923076924
1983-05-10,39.70769230769231
1983-05-11,39.69230769230769
1983-05-12,39.67692307692308
1983-05-13,39.66153846153846
1983-05-14,39.64615384615385
1983-05-15,39.63076923076923
1983-05-16,39.61538461538462
1983-05-17,39.6
1983-05-18,39.55952380952381
1983-05-19,39.51904761904762
1983-05-20,39.47857142857143
1983-05-21,39.43809523809524
1983-05-22,39.397619047619045
1983-05-23,39.357142857142854
1983-05-24,39.31666666666666
1983-05-25,39.27619047619048
1983-05-26,39.23571428571429
1983-05-27,39.195238095238096
1983-05-28,39.154761904761905
1983-05-29,39.114285714285714
1983-05-30,39.07380952380952
1983-05-31,39.03333333333333
1983-06-01,38.37142857142857
1983-06-02,37.70952380952381
1983-06-03,37.047619047619044
1983-06-04,36.385714285714286
1983-06-05,35.72380952380952
1983-06-06,35.06190476190476
1983-06-07,34.4
1983-06-08,34.27142857142857
1983-06-09,34.14285714285714
1983-06-10,34.01428571428571
1983-06-11,33.885714285714286
1983-06-12,33.75714285714286
1983-06-13,33.628571428571426
1983-06-14,33.5
1983-06-15,33.142857142857146
1983-06-16,32.785714285714285
1983-06-17,32.42857142857143
1983-06-18,32.07142857142857
1983-06-19,31.714285714285715
1983-06-20,31.357142857142858
1983-06-21,31.0
1983-06-22,29.68888888888889
1983-06-23,28.377777777777776
1983-06-24,27.066666666666666
1983-06-25,25.755555555555556
1983-06-26,24.444444444444443
1983-06-27,23.133333333333333
1983-06-28,21.822222222222223
1983-06-29,20.511111111111113
1983-06-30,19.2
1983-07-01,17.466666666666665
1983-07-02,15.733333333333333
1983-07-03,14.0
1983-07-04,12.266666666666666
1983-07-05,10.533333333333333
1983-07-06,11.7
1983-07-07,12.866666666666667
1983-07-08,14.033333333333333
1983-07-09,15.2
1983-07-10,16.366666666666667
1983-07-11,17.53333333333333
1983-07-12,18.7
1983-07-13,17.452380952380953
1983-07-14,16.204761904761906
1983-07-15,14.957142857142857
1983-07-16,13.709523809523809
1983-07-17,12.461904761904762
1983-07-18,11.214285714285715
1983-07-19,9.966666666666667
1983-07-20,10.57857142857143
1983-07-21,11.19047619047619
1983-07-22,11.802380952380952
1983-07-23,12.414285714285715
1983-07-24,13.026190476190475
1983-07-25,13.638095238095238
1983-07-26,14.25
1983-07-27,13.39047619047619
1983-07-28,12.530952380952382
1983-07-29,11.67142857142857
1983-07-30,10.811904761904762
1983-07-31,9.952380952380953
1983-08-01,9.092857142857142
1983-08-02,8.233333333333333
1983-08-03,7.814285714285713
1983-08-04,7.395238095238095
1983-08-05,6.976190476190475
1983-08-06,6.557142857142857
1983-08-07,6.138095238095238
1983-08-08,5.719047619047618
1983-08-09,5.3
1983-08-10,5.609523809523809
1983-08-11,5.9190476190476184
1983-08-12,6.228571428571428
1983-08-13,6.538095238095238
1983-08-14,6.847619047619047
1983-08-15,7.157142857142857
1983-08-16,7.466666666666666
1983-08-17,8.50952380952381
1983-08-18,9.552380952380952
1983-08-19,10.595238095238095
1983-08-20,11.63809523809524
1983-08-21,12.68095238095238
1983-08-22,13.723809523809525
1983-08-23,14.766666666666667
1983-08-24,13.200000000000001
1983-08-25,11.633333333333335
1983-08-26,10.066666666666666
1983-08-27,8.5
1983-08-28,6.9333333333333345
1983-08-29,5.366666666666667
1983-08-30,3.8000000000000003
1983-08-31,3.876190476190476
1983-09-01,3.9523809523809526
1983-09-02,4.0285714285714285
1983-09-03,4.104761904761904
1983-09-04,4.180952380952381
1983-09-05,4.257142857142857
1983-09-06,4.333333333333333
1983-09-07,4.152380952380952
1983-09-08,3.971428571428571
1983-09-09,3.7904761904761903
1983-09-10,3.609523809523809
1983-09-11,3.4285714285714284
1983-09-12,3.2476190476190476
1983-09-13,3.0666666666666664
1983-09-14,2.9952380952380953
1983-09-15,2.9238095238095236
1983-09-16,2.8523809523809525
1983-09-17,2.780952380952381
1983-09-18,2.7095238095238097
1983-09-19,2.638095238095238
1983-09-20,2.566666666666667
1983-09-21,2.738095238095238
1983-09-22,2.90952380952381
1983-09-23,3.080952380952381
1983-09-24,3.252380952380953
1983-09-25,3.423809523809524
1983-09-26,3.595238095238096
1983-09-27,3.766666666666667
1983-09-28,4.214285714285714
1983-09-29,4.661904761904762
1983-09-30,5.109523809523809
1983-10-01,5.557142857142857
1983-10-02,6.004761904761905
1983-10-03,6.452380952380952
1983-10-04,6.8999999999999995
1983-10-05,7.461904761904761
1983-10-06,8.023809523809524
1983-10-07,8.585714285714285
1983-10-08,9.147619047619047
1983-10-09,9.709523809523809
1983-10-10,10.271428571428572
1983-10-11,10.833333333333334
1983-10-12,11.414285714285715
1983-10-13,11.995238095238095
1983-10-14,12.576190476190476
1983-10-15,13.157142857142858
1983-10-16,13.738095238095239
1983-10-17,14.31904761904762
1983-10-18,14.9
1983-10-19,14.947619047619048
1983-10-20,14.995238095238095
1983-10-21,15.042857142857143
1983-10-22,15.090476190476192
1983-10-23,15.13809523809524
1983-10-24,15.185714285714287
1983-10-25,15.233333333333334
1983-10-26,15.857142857142858
1983-10-27,16.48095238095238
1983-10-28,17.104761904761904
1983-10-29,17.728571428571428
1983-10-30,18.35238095238095
1983-10-31,18.976190476190474
1983-11-01,19.599999999999998
1983-11-02,20.314285714285713
1983-11-03,21.028571428571425
1983-11-04,21.74285714285714
1983-11-05,22.457142857142856
1983-11-06,23.17142857142857
1983-11-07,23.885714285714283
1983-11-08,24.599999999999998
1983-11-09,24.485714285714284
1983-11-10,24.37142857142857
1983-11-11,24.257142857142856
1983-11-12,24.142857142857142
1983-11-13,24.02857142857143
1983-11-14,23.914285714285715
1983-11-15,23.8
1983-11-16,23.871428571428574
1983-11-17,23.942857142857143
1983-11-18,24.014285714285716
1983-11-19,24.085714285714285
1983-11-20,24.15714285714286
1983-11-21,24.228571428571428
1983-11-22,24.3
1983-11-23,24.728571428571428
1983-11-24,25.15714285714286
1983-11-25,25.585714285714285
1983-11-26,26.014285714285716
1983-11-27,26.442857142857143
1983-11-28,26.871428571428574
1983-11-29,27.3
1983-11-30,27.195238095238096
1983-12-01,27.090476190476192
1983-12-02,26.985714285714288
1983-12-03,26.88095238095238
1983-12-04,26.776190476190475
1983-12-05,26.67142857142857
1983-12-06,26.566666666666666
1983-12-07,26.923809523809524
1983-12-08,27.28095238095238
1983-12-09,27.63809523809524
1983-12-10,27.995238095238093
1983-12-11,28.35238095238095
1983-12-12,28.70952380952381
1983-12-13,29.066666666666666
1983-12-14,29.37142857142857
1983-12-15,29.676190476190477
1983-12-16,29.98095238095238
1983-12-17,30.285714285714285
1983-12-18,30.59047619047619
1983-12-19,30.895238095238096
1983-12-20,31.2
1983-12-21,31.575
1983-12-22,31.95
1983-12-23,32.324999999999996
1983-12-24,32.699999999999996
1983-12-25,33.074999999999996
1983-12-26,33.449999999999996
1983-12-27,33.824999999999996
1983-12-28,34.199999999999996
1983-12-29,34.03333333333333
1983-12-30,33.86666666666666
1983-12-31,33.699999999999996
1984-01-01,33.53333333333333
1984-01-02,33.36666666666666
1984-01-03,33.199999999999996
1984-01-04,33.64285714285714
1984-01-05,34.08571428571428
1984-01-06,34.528571428571425
1984-01-07,34.971428571428575
1984-01-08,35.41428571428572
1984-01-09,35.85714285714286
1984-01-10,36.300000000000004
1984-01-11,36.29047619047619
1984-01-12,36.280952380952385
1984-01-13,36.27142857142857
1984-01-14,36.261904761904766
1984-01-15,36.25238095238095
1984-01-16,36.24285714285715
1984-01-17,36.233333333333334
1984-01-18,36.62380952380953
1984-01-19,37.01428571428571
1984-01-20,37.404761904761905
1984-01-21,37.7952380952381
1984-01-22,38.18571428571429
1984-01-23,38.576190476190476
1984-01-24,38.96666666666667
1984-01-25,38.957142857142856
1984-01-26,38.94761904761905
1984-01-27,38.93809523809524
1984-01-28,38.92857142857143
1984-01-29,38.91904761904762
1984-01-30,38.90952380952381
1984-01-31,38.9
1984-02-01,39.1
1984-02-02,39.3
1984-02-03,39.5
1984-02-04,39.7
1984-02-05,39.900000000000006
1984-02-06,40.1
1984-02-07,40.300000000000004
1984-02-08,40.44285714285715
1984-02-09,40.58571428571429
1984-02-10,40.728571428571435
1984-02-11,40.871428571428574
1984-02-12,41.01428571428572
1984-02-13,41.15714285714286
1984-02-14,41.300000000000004
1984-02-15,41.5
1984-02-16,41.7
1984-02-17,41.9
1984-02-18,42.1
1984-02-19,42.3
1984-02-20,42.5
1984-02-21,42.699999999999996
1984-02-22,42.51904761904762
1984-02-23,42.338095238095235
1984-02-24,42.15714285714286
1984-02-25,41.976190476190474
1984-02-26,41.7952380952381
1984-02-27,41.614285714285714
1984-02-28,41.43333333333334
1984-02-29,41.50714285714286
1984-03-01,41.58095238095238
1984-03-02,41.654761904761905
1984-03-03,41.728571428571435
1984-03-04,41.80238095238096
1984-03-05,41.87619047619048
1984-03-06,41.95
1984-03-07,42.023809523809526
1984-03-08,42.09761904761905
1984-03-09,42.17142857142857
1984-03-10,42.2452380952381
1984-03-11,42.31904761904762
1984-03-12,42.392857142857146
1984-03-13,42.46666666666667
1984-03-14,42.49777777777778
1984-03-15,42.52888888888889
1984-03-16,42.56
1984-03-17,42.59111111111111
1984-03-18,42.62222222222223
1984-03-19,42.653333333333336
1984-03-20,42.684444444444445
1984-03-21,42.71555555555556
1984-03-22,42.74666666666667
1984-03-23,42.77777777777778
1984-03-24,42.808888888888895
1984-03-25,42.84
1984-03-26,42.87111111111111
1984-03-27,42.90222222222223
1984-03-28,42.93333333333334
1984-03-29,42.75714285714286
1984-03-30,42.58095238095238
1984-03-31,42.404761904761905
1984-04-01,42.228571428571435
1984-04-02,42.05238095238096
1984-04-03,41.87619047619048
1984-04-04,41.7
1984-04-05,41.523809523809526
1984-04-06,41.34761904761905
1984-04-07,41.17142857142857
1984-04-08,40.9952380952381
1984-04-09,40.81904761904762
1984-04-10,40.642857142857146
1984-04-11,40.46666666666667
1984-04-12,40.5452380952381
1984-04-13,40.62380952380953
1984-04-14,40.702380952380956
1984-04-15,40.780952380952385
1984-04-16,40.859523809523814
1984-04-17,40.938095238095244
1984-04-18,41.016666666666666
1984-04-19,41.095238095238095
1984-04-20,41.173809523809524
1984-04-21,41.25238095238095
1984-04-22,41.33095238095238
1984-04-23,41.40952380952381
1984-04-24,41.48809523809524
1984-04-25,41.56666666666667
1984-04-26,41.340476190476195
1984-04-27,41.114285714285714
1984-04-28,40.88809523809524
1984-04-29,40.661904761904765
1984-04-30,40.43571428571429
1984-05-01,40.20952380952381
1984-05-02,39.983333333333334
1984-05-03,39.75714285714286
1984-05-04,39.53095238095238
1984-05-05,39.304761904761904
1984-05-06,39.07857142857143
1984-05-07,38.852380952380955
1984-05-08,38.62619047619047
1984-05-09,38.4
1984-05-10,37.94285714285714
1984-05-11,37.48571428571429
1984-05-12,37.028571428571425
1984-05-13,36.57142857142857
1984-05-14,36.114285714285714
1984-05-15,35.65714285714286
1984-05-16,35.2
1984-05-17,34.74285714285714
1984-05-18,34.285714285714285
1984-05-19,33.82857142857143
1984-05-20,33.371428571428574
1984-05-21,32.91428571428571
1984-05-22,32.457142857142856
1984-05-23,32.0
1984-05-24,30.223809523809525
1984-05-25,28.44761904761905
1984-05-26,26.67142857142857
1984-05-27,24.895238095238096
1984-05-28,23.11904761904762
1984-05-29,21.34285714285714
1984-05-30,19.566666666666666
1984-05-31,19.557142857142857
1984-06-01,19.547619047619047
1984-06-02,19.538095238095238
1984-06-03,19.52857142857143
1984-06-04,19.51904761904762
1984-06-05,19.50952380952381
1984-06-06,19.5
1984-06-07,18.81904761904762
1984-06-08,18.13809523809524
1984-06-09,17.45714285714286
1984-06-10,16.77619047619048
1984-06-11,16.095238095238095
1984-06-12,15.414285714285715
1984-06-13,14.733333333333334
1984-06-14,14.72857142857143
1984-06-15,14.723809523809525
1984-06-16,14.71904761904762
1984-06-17,14.714285714285715
1984-06-18,14.70952380952381
1984-06-19,14.704761904761906
1984-06-20,14.700000000000001
1984-06-21,13.671428571428573
1984-06-22,12.642857142857144
1984-06-23,11.614285714285714
1984-06-24,10.585714285714285
1984-06-25,9.557142857142857
1984-06-26,8.528571428571428
1984-06-27,7.5
1984-06-28,9.0125
1984-06-29,10.524999999999999
1984-06-30,12.037499999999998
1984-07-01,13.549999999999999
1984-07-02,15.062499999999998
1984-07-03,16.574999999999996
1984-07-04,18.0875
1984-07-05,19.599999999999998
1984-07-06,18.177777777777777
1984-07-07,16.755555555555553
1984-07-08,15.333333333333332
1984-07-09,13.911111111111111
1984-07-10,12.488888888888889
1984-07-11,11.066666666666668
1984-07-12,10.914285714285716
1984-07-13,10.761904761904763
1984-07-14,10.609523809523811
1984-07-15,10.457142857142857
1984-07-16,10.304761904761905
1984-07-17,10.152380952380952
1984-07-18,10.0
1984-07-19,11.10952380952381
1984-07-20,12.219047619047618
1984-07-21,13.32857142857143
1984-07-22,14.438095238095237
1984-07-23,15.547619047619047
1984-07-24,16.65714285714286
1984-07-25,17.766666666666666
1984-07-26,17.81904761904762
1984-07-27,17.87142857142857
1984-07-28,17.923809523809524
1984-07-29,17.976190476190478
1984-07-30,18.028571428571432
1984-07-31,18.080952380952382
1984-08-01,18.133333333333336
1984-08-02,17.309523809523814
1984-08-03,16.485714285714288
1984-08-04,15.661904761904765
1984-08-05,14.83809523809524
1984-08-06,14.014285714285716
1984-08-07,13.190476190476192
1984-08-08,12.366666666666667
1984-08-09,12.700000000000001
1984-08-10,13.033333333333333
1984-08-11,13.366666666666667
1984-08-12,13.700000000000001
1984-08-13,14.033333333333335
1984-08-14,14.366666666666667
1984-08-15,14.700000000000001
1984-08-16,13.976190476190478
1984-08-17,13.252380952380953
1984-08-18,12.52857142857143
1984-08-19,11.804761904761905
1984-08-20,11.080952380952382
1984-08-21,10.357142857142858
1984-08-22,9.633333333333335
1984-08-23,9.127777777777778
1984-08-24,8.622222222222224
1984-08-25,8.116666666666667
1984-08-26,7.6111111111111125
1984-08-27,7.105555555555556
1984-08-28,6.6000000000000005
1984-08-29,6.875
1984-08-30,7.15
1984-08-31,7.425
1984-09-01,7.699999999999999
1984-09-02,7.975
1984-09-03,8.25
1984-09-04,8.524999999999999
1984-09-05,8.799999999999999
1984-09-06,8.314285714285713
1984-09-07,7.828571428571427
1984-09-08,7.342857142857142
1984-09-09,6.857142857142857
1984-09-10,6.371428571428571
1984-09-11,5.885714285714285
1984-09-12,5.3999999999999995
1984-09-13,5.442857142857142
1984-09-14,5.485714285714286
1984-09-15,5.5285714285714285
1984-09-16,5.571428571428571
1984-09-17,5.614285714285714
1984-09-18,5.6571428571428575
1984-09-19,5.7
1984-09-20,5.885714285714286
1984-09-21,6.071428571428571
1984-09-22,6.257142857142857
1984-09-23,6.442857142857143
1984-09-24,6.628571428571429
1984-09-25,6.814285714285714
1984-09-26,7.0
1984-09-27,7.985714285714286
1984-09-28,8.971428571428572
1984-09-29,9.957142857142857
1984-09-30,10.942857142857143
1984-10-01,11.928571428571429
1984-10-02,12.914285714285715
1984-10-03,13.9
1984-10-04,14.204761904761906
1984-10-05,14.50952380952381
1984-10-06,14.814285714285715
1984-10-07,15.11904761904762
1984-10-08,15.423809523809526
1984-10-09,15.72857142857143
1984-10-10,16.033333333333335
1984-10-11,16.161904761904765
1984-10-12,16.29047619047619
1984-10-13,16.41904761904762
1984-10-14,16.547619047619047
1984-10-15,16.676190476190477
1984-10-16,16.804761904761904
1984-10-17,16.933333333333334
1984-10-18,17.247619047619047
1984-10-19,17.561904761904763
1984-10-20,17.876190476190477
1984-10-21,18.19047619047619
1984-10-22,18.504761904761903
1984-10-23,18.81904761904762
1984-10-24,19.133333333333333
1984-10-25,19.428571428571427
1984-10-26,19.723809523809525
1984-10-27,20.01904761904762
1984-10-28,20.314285714285713
1984-10-29,20.609523809523807
1984-10-30,20.904761904761905
1984-10-31,21.2
1984-11-01,21.676190476190474
1984-11-02,22.152380952380952
1984-11-03,22.628571428571426
1984-11-04,23.104761904761904
1984-11-05,23.58095238095238
1984-11-06,24.057142857142857
1984-11-07,24.53333333333333
1984-11-08,24.185714285714283
1984-11-09,23.838095238095235
1984-11-10,23.490476190476187
1984-11-11,23.142857142857142
1984-11-12,22.795238095238094
1984-11-13,22.447619047619046
1984-11-14,22.099999999999998
1984-11-15,21.780952380952378
1984-11-16,21.46190476190476
1984-11-17,21.14285714285714
1984-11-18,20.823809523809523
1984-11-19,20.504761904761903
1984-11-20,20.185714285714283
1984-11-21,19.866666666666664
1984-11-22,20.56111111111111
1984-11-23,21.255555555555553
1984-11-24,21.949999999999996
1984-11-25,22.644444444444442
1984-11-26,23.33888888888889
1984-11-27,24.03333333333333
1984-11-28,24.008333333333333
1984-11-29,23.98333333333333
1984-11-30,23.958333333333332
1984-12-01,23.93333333333333
1984-12-02,23.90833333333333
1984-12-03,23.883333333333333
1984-12-04,23.85833333333333
1984-12-05,23.833333333333332
1984-12-06,24.483333333333334
1984-12-07,25.133333333333333
1984-12-08,25.78333333333333
1984-12-09,26.433333333333334
1984-12-10,27.083333333333336
1984-12-11,27.733333333333334
1984-12-12,27.552380952380954
1984-12-13,27.371428571428574
1984-12-14,27.190476190476193
1984-12-15,27.00952380952381
1984-12-16,26.82857142857143
1984-12-17,26.64761904761905
1984-12-18,26.46666666666667
1984-12-19,27.103703703703705
1984-12-20,27.740740740740744
1984-12-21,28.37777777777778
1984-12-22,29.014814814814816
1984-12-23,29.651851851851855
1984-12-24,30.28888888888889
1984-12-25,30.92592592592593
1984-12-26,31.562962962962967
1984-12-27,32.2
1984-12-28,31.933333333333337
1984-12-29,31.666666666666668
1984-12-30,31.4
1984-12-31,31.133333333333333
1985-01-01,30.866666666666667
1985-01-02,30.599999999999998
1985-01-03,31.0
1985-01-04,31.4
1985-01-05,31.799999999999997
1985-01-06,32.2
1985-01-07,32.6
1985-01-08,33.0
1985-01-09,33.2
1985-01-10,33.4
1985-01-11,33.6
1985-01-12,33.8
1985-01-13,34.0
1985-01-14,34.199999999999996
1985-01-15,34.4
1985-01-16,34.60952380952381
1985-01-17,34.819047619047616
1985-01-18,35.028571428571425
1985-01-19,35.23809523809524
1985-01-20,35.44761904761905
1985-01-21,35.65714285714286
1985-01-22,35.86666666666667
1985-01-23,36.01428571428571
1985-01-24,36.161904761904765
1985-01-25,36.30952380952381
1985-01-26,36.457142857142856
1985-01-27,36.6047619047619
1985-01-28,36.75238095238095
1985-01-29,36.9
1985-01-30,37.08571428571428
1985-01-31,37.27142857142857
1985-02-01,37.457142857142856
1985-02-02,37.64285714285714
1985-02-03,37.82857142857142
1985-02-04,38.01428571428571
1985-02-05,38.199999999999996
1985-02-06,38.219047619047615
1985-02-07,38.238095238095234
1985-02-08,38.25714285714285
1985-02-09,38.27619047619048
1985-02-10,38.2952380952381
1985-02-11,38.31428571428572
1985-02-12,38.333333333333336
1985-02-13,38.37619047619048
1985-02-14,38.41904761904762
1985-02-15,38.46190476190476
1985-02-16,38.50476190476191
1985-02-17,38.54761904761905
1985-02-18,38.59047619047619
1985-02-19,38.63333333333333
1985-02-20,38.63809523809524
1985-02-21,38.64285714285714
1985-02-22,38.647619047619045
1985-02-23,38.65238095238095
1985-02-24,38.65714285714286
1985-02-25,38.66190476190476
1985-02-26,38.666666666666664
1985-02-27,38.957142857142856
1985-02-28,39.24761904761905
1985-03-01,39.53809523809524
1985-03-02,39.82857142857142
1985-03-03,40.11904761904761
1985-03-04,40.409523809523805
1985-03-05,40.699999999999996
1985-03-06,40.771428571428565
1985-03-07,40.84285714285714
1985-03-08,40.91428571428571
1985-03-09,40.98571428571428
1985-03-10,41.05714285714285
1985-03-11,41.128571428571426
1985-03-12,41.199999999999996
1985-03-13,40.91190476190476
1985-03-14,40.62380952380952
1985-03-15,40.33571428571428
1985-03-16,40.047619047619044
1985-03-17,39.759523809523806
1985-03-18,39.47142857142857
1985-03-19,39.18333333333333
1985-03-20,38.89523809523809
1985-03-21,38.607142857142854
1985-03-22,38.319047619047616
1985-03-23,38.03095238095238
1985-03-24,37.74285714285714
1985-03-25,37.4547619047619
1985-03-26,37.166666666666664
1985-03-27,37.12888888888889
1985-03-28,37.09111111111111
1985-03-29,37.053333333333335
1985-03-30,37.01555555555555
1985-03-31,36.977777777777774
1985-04-01,36.94
1985-04-02,36.90222222222222
1985-04-03,36.864444444444445
1985-04-04,36.82666666666667
1985-04-05,36.78888888888889
1985-04-06,36.751111111111115
1985-04-07,36.71333333333333
1985-04-08,36.675555555555555
1985-04-09,36.63777777777778
1985-04-10,36.6
1985-04-11,36.641666666666666
1985-04-12,36.68333333333334
1985-04-13,36.725
1985-04-14,36.766666666666666
1985-04-15,36.80833333333334
1985-04-16,36.85
1985-04-17,36.891666666666666
1985-04-18,36.93333333333334
1985-04-19,36.975
1985-04-20,37.016666666666666
1985-04-21,37.05833333333334
1985-04-22,37.1
1985-04-23,37.14166666666667
1985-04-24,37.18333333333334
1985-04-25,37.225
1985-04-26,37.26666666666667
1985-04-27,37.30833333333334
1985-04-28,37.35
1985-04-29,37.39166666666667
1985-04-30,37.43333333333334
1985-05-01,37.5
1985-05-02,37.56666666666667
1985-05-03,37.63333333333334
1985-05-04,37.7
1985-05-05,37.766666666666666
1985-05-06,37.833333333333336
1985-05-07,37.900000000000006
1985-05-08,37.96666666666667
1985-05-09,38.03333333333333
1985-05-10,38.1
1985-05-11,38.16666666666667
1985-05-12,38.233333333333334
1985-05-13,38.3
1985-05-14,38.36666666666667
1985-05-15,38.29761904761905
1985-05-16,38.22857142857143
1985-05-17,38.15952380952381
1985-05-18,38.09047619047619
1985-05-19,38.02142857142857
1985-05-20,37.95238095238095
1985-05-21,37.88333333333333
1985-05-22,37.81428571428572
1985-05-23,37.74523809523809
1985-05-24,37.67619047619048
1985-05-25,37.607142857142854
1985-05-26,37.53809523809524
1985-05-27,37.469047619047615
1985-05-28,37.4
1985-05-29,37.27619047619047
1985-05-30,37.15238095238095
1985-05-31,37.028571428571425
1985-06-01,36.904761904761905
1985-06-02,36.78095238095238
1985-06-03,36.65714285714286
1985-06-04,36.53333333333333
1985-06-05,36.07142857142857
1985-06-06,35.60952380952381
1985-06-07,35.147619047619045
1985-06-08,34.68571428571429
1985-06-09,34.22380952380953
1985-06-10,33.761904761904766
1985-06-11,33.300000000000004
1985-06-12,32.94761904761905
1985-06-13,32.595238095238095
1985-06-14,32.24285714285715
1985-06-15,31.890476190476193
1985-06-16,31.538095238095238
1985-06-17,31.185714285714287
1985-06-18,30.833333333333332
1985-06-19,30.71904761904762
1985-06-20,30.604761904761904
1985-06-21,30.49047619047619
1985-06-22,30.376190476190473
1985-06-23,30.26190476190476
1985-06-24,30.147619047619045
1985-06-25,30.03333333333333
1985-06-26,28.566666666666666
1985-06-27,27.099999999999998
1985-06-28,25.633333333333333
1985-06-29,24.166666666666664
1985-06-30,22.7
1985-07-01,21.233333333333334
1985-07-02,19.766666666666666
1985-07-03,19.238095238095237
1985-07-04,18.70952380952381
1985-07-05,18.18095238095238
1985-07-06,17.652380952380952
1985-07-07,17.123809523809523
1985-07-08,16.595238095238095
1985-07-09,16.066666666666666
1985-07-10,15.595238095238095
1985-07-11,15.123809523809523
1985-07-12,14.652380952380952
1985-07-13,14.18095238095238
1985-07-14,13.709523809523809
1985-07-15,13.238095238095237
1985-07-16,12.766666666666666
1985-07-17,12.523809523809524
1985-07-18,12.28095238095238
1985-07-19,12.038095238095238
1985-07-20,11.795238095238096
1985-07-21,11.552380952380954
1985-07-22,11.30952380952381
1985-07-23,11.066666666666668
1985-07-24,10.671428571428573
1985-07-25,10.276190476190477
1985-07-26,9.880952380952381
1985-07-27,9.485714285714286
1985-07-28,9.09047619047619
1985-07-29,8.695238095238095
1985-07-30,8.299999999999999
1985-07-31,8.128571428571428
1985-08-01,7.957142857142856
1985-08-02,7.785714285714285
1985-08-03,7.614285714285713
1985-08-04,7.442857142857141
1985-08-05,7.2714285714285705
1985-08-06,7.099999999999999
1985-08-07,7.161904761904761
1985-08-08,7.223809523809523
1985-08-09,7.285714285714286
1985-08-10,7.347619047619047
1985-08-11,7.40952380952381
1985-08-12,7.4714285714285715
1985-08-13,7.533333333333334
1985-08-14,7.6761904761904765
1985-08-15,7.81904761904762
1985-08-16,7.961904761904762
1985-08-17,8.104761904761904
1985-08-18,8.247619047619049
1985-08-19,8.39047619047619
1985-08-20,8.533333333333333
1985-08-21,8.228571428571428
1985-08-22,7.923809523809524
1985-08-23,7.619047619047619
1985-08-24,7.314285714285714
1985-08-25,7.0095238095238095
1985-08-26,6.704761904761904
1985-08-27,6.3999999999999995
1985-08-28,6.2142857142857135
1985-08-29,6.0285714285714285
1985-08-30,5.8428571428571425
1985-08-31,5.6571428571428575
1985-09-01,5.4714285714285715
1985-09-02,5.2857142857142865
1985-09-03,5.1000000000000005
1985-09-04,5.147619047619048
1985-09-05,5.195238095238095
1985-09-06,5.242857142857143
1985-09-07,5.290476190476191
1985-09-08,5.338095238095239
1985-09-09,5.385714285714286
1985-09-10,5.433333333333334
1985-09-11,5.8428571428571425
1985-09-12,6.252380952380952
1985-09-13,6.661904761904761
1985-09-14,7.071428571428571
1985-09-15,7.48095238095238
1985-09-16,7.890476190476189
1985-09-17,8.299999999999999
1985-09-18,8.242857142857142
1985-09-19,8.185714285714285
1985-09-20,8.128571428571428
1985-09-21,8.071428571428571
1985-09-22,8.014285714285714
1985-09-23,7.957142857142858
1985-09-24,7.900000000000001
1985-09-25,8.338095238095239
1985-09-26,8.776190476190477
1985-09-27,9.214285714285715
1985-09-28,9.652380952380954
1985-09-29,10.090476190476192
1985-09-30,10.528571428571428
1985-10-01,10.966666666666667
1985-10-02,11.085714285714285
1985-10-03,11.204761904761904
1985-10-04,11.323809523809523
1985-10-05,11.442857142857143
1985-10-06,11.561904761904762
1985-10-07,11.68095238095238
1985-10-08,11.799999999999999
1985-10-09,12.042857142857143
1985-10-10,12.285714285714285
1985-10-11,12.528571428571428
1985-10-12,12.77142857142857
1985-10-13,13.014285714285714
1985-10-14,13.257142857142856
1985-10-15,13.5
1985-10-16,14.314285714285715
1985-10-17,15.128571428571428
1985-10-18,15.942857142857143
1985-10-19,16.757142857142856
1985-10-20,17.57142857142857
1985-10-21,18.385714285714286
1985-10-22,19.2
1985-10-23,19.05238095238095
1985-10-24,18.904761904761905
1985-10-25,18.757142857142856
1985-10-26,18.60952380952381
1985-10-27,18.461904761904762
1985-10-28,18.314285714285717
1985-10-29,18.166666666666668
1985-10-30,18.942857142857143
1985-10-31,19.71904761904762
1985-11-01,20.495238095238093
1985-11-02,21.271428571428572
1985-11-03,22.047619047619047
1985-11-04,22.823809523809523
1985-11-05,23.599999999999998
1985-11-06,23.55238095238095
1985-11-07,23.504761904761903
1985-11-08,23.457142857142856
1985-11-09,23.409523809523808
1985-11-10,23.36190476190476
1985-11-11,23.314285714285713
1985-11-12,23.266666666666666
1985-11-13,23.476190476190474
1985-11-14,23.685714285714287
1985-11-15,23.895238095238096
1985-11-16,24.104761904761904
1985-11-17,24.314285714285713
1985-11-18,24.523809523809526
1985-11-19,24.733333333333334
1985-11-20,24.976190476190478
1985-11-21,25.21904761904762
1985-11-22,25.461904761904762
1985-11-23,25.704761904761906
1985-11-24,25.94761904761905
1985-11-25,26.19047619047619
1985-11-26,26.433333333333334
1985-11-27,26.8
1985-11-28,27.166666666666668
1985-11-29,27.533333333333335
1985-11-30,27.9
1985-12-01,28.266666666666666
1985-12-02,28.633333333333333
1985-12-03,29.0
1985-12-04,29.276190476190475
1985-12-05,29.552380952380954
1985-12-06,29.82857142857143
1985-12-07,30.104761904761904
1985-12-08,30.38095238095238
1985-12-09,30.65714285714286
1985-12-10,30.933333333333334
1985-12-11,31.17142857142857
1985-12-12,31.40952380952381
1985-12-13,31.64761904761905
1985-12-14,31.885714285714286
1985-12-15,32.12380952380953
1985-12-16,32.36190476190476
1985-12-17,32.6
1985-12-18,32.67777777777778
1985-12-19,32.75555555555556
1985-12-20,32.833333333333336
1985-12-21,32.91111111111111
1985-12-22,32.988888888888894
1985-12-23,33.06666666666667
1985-12-24,33.19583333333334
1985-12-25,33.325
1985-12-26,33.454166666666666
1985-12-27,33.583333333333336
1985-12-28,33.712500000000006
1985-12-29,33.84166666666667
1985-12-30,33.97083333333333
1985-12-31,34.1
1986-01-01,34.37619047619048
1986-01-02,34.65238095238095
1986-01-03,34.92857142857143
1986-01-04,35.2047619047619
1986-01-05,35.48095238095238
1986-01-06,35.75714285714285
1986-01-07,36.03333333333333
1986-01-08,36.25714285714285
1986-01-09,36.48095238095238
1986-01-10,36.7047619047619
1986-01-11,36.92857142857143
1986-01-12,37.15238095238095
1986-01-13,37.37619047619048
1986-01-14,37.6
1986-01-15,37.62857142857143
1986-01-16,37.65714285714286
1986-01-17,37.68571428571429
1986-01-18,37.714285714285715
1986-01-19,37.74285714285715
1986-01-20,37.77142857142857
1986-01-21,37.800000000000004
1986-01-22,37.92857142857143
1986-01-23,38.05714285714286
1986-01-24,38.18571428571428
1986-01-25,38.31428571428572
1986-01-26,38.44285714285714
1986-01-27,38.57142857142857
1986-01-28,38.699999999999996
1986-01-29,38.92857142857142
1986-01-30,39.15714285714286
1986-01-31,39.385714285714286
1986-02-01,39.614285714285714
1986-02-02,39.84285714285714
1986-02-03,40.07142857142858
1986-02-04,40.300000000000004
1986-02-05,40.32380952380953
1986-02-06,40.34761904761905
1986-02-07,40.371428571428574
1986-02-08,40.3952380952381
1986-02-09,40.419047619047625
1986-02-10,40.44285714285714
1986-02-11,40.46666666666667
1986-02-12,40.542857142857144
1986-02-13,40.61904761904762
1986-02-14,40.695238095238096
1986-02-15,40.77142857142857
1986-02-16,40.84761904761905
1986-02-17,40.923809523809524
1986-02-18,41.0
1986-02-19,40.647619047619045
1986-02-20,40.2952380952381
1986-02-21,39.94285714285714
1986-02-22,39.59047619047619
1986-02-23,39.238095238095234
1986-02-24,38.885714285714286
1986-02-25,38.53333333333333
1986-02-26,38.46190476190476
1986-02-27,38.390476190476186
1986-02-28,38.319047619047616
1986-03-01,38.24761904761905
1986-03-02,38.17619047619048
1986-03-03,38.1047619047619
1986-03-04,38.03333333333333
1986-03-05,37.96190476190476
1986-03-06,37.890476190476186
1986-03-07,37.819047619047616
1986-03-08,37.74761904761905
1986-03-09,37.67619047619048
1986-03-10,37.6047619047619
1986-03-11,37.53333333333333
1986-03-12,37.56428571428571
1986-03-13,37.595238095238095
1986-03-14,37.62619047619047
1986-03-15,37.65714285714286
1986-03-16,37.68809523809524
1986-03-17,37.71904761904762
1986-03-18,37.75
1986-03-19,37.78095238095238
1986-03-20,37.81190476190476
1986-03-21,37.84285714285714
1986-03-22,37.87380952380953
1986-03-23,37.904761904761905
1986-03-24,37.93571428571429
1986-03-25,37.96666666666667
1986-03-26,37.938095238095244
1986-03-27,37.90952380952381
1986-03-28,37.88095238095238
1986-03-29,37.852380952380955
1986-03-30,37.82380952380953
1986-03-31,37.7952380952381
1986-04-01,37.766666666666666
1986-04-02,37.73809523809524
1986-04-03,37.709523809523816
1986-04-04,37.680952380952384
1986-04-05,37.65238095238095
1986-04-06,37.62380952380953
1986-04-07,37.5952380952381
1986-04-08,37.56666666666667
1986-04-09,37.669047619047625
1986-04-10,37.77142857142857
1986-04-11,37.87380952380953
1986-04-12,37.97619047619048
1986-04-13,38.07857142857143
1986-04-14,38.180952380952384
1986-04-15,38.28333333333333
1986-04-16,38.385714285714286
1986-04-17,38.48809523809524
1986-04-18,38.59047619047619
1986-04-19,38.69285714285714
1986-04-20,38.7952380952381
1986-04-21,38.897619047619045
1986-04-22,39.0
1986-04-23,38.91904761904762
1986-04-24,38.838095238095235
1986-04-25,38.75714285714286
1986-04-26,38.67619047619048
1986-04-27,38.595238095238095
1986-04-28,38.51428571428571
1986-04-29,38.43333333333334
1986-04-30,38.352380952380955
1986-05-01,38.27142857142857
1986-05-02,38.19047619047619
1986-05-03,38.10952380952381
1986-05-04,38.02857142857143
1986-05-05,37.94761904761905
1986-05-06,37.86666666666667
1986-05-07,37.74761904761905
1986-05-08,37.628571428571426
1986-05-09,37.509523809523806
1986-05-10,37.39047619047619
1986-05-11,37.27142857142857
1986-05-12,37.15238095238095
1986-05-13,37.03333333333333
1986-05-14,36.91428571428571
1986-05-15,36.79523809523809
1986-05-16,36.67619047619047
1986-05-17,36.55714285714286
1986-05-18,36.43809523809524
1986-05-19,36.319047619047616
1986-05-20,36.199999999999996
1986-05-21,35.957142857142856
1986-05-22,35.71428571428571
1986-05-23,35.47142857142857
1986-05-24,35.22857142857143
1986-05-25,34.98571428571429
1986-05-26,34.74285714285714
1986-05-27,34.5
1986-05-28,34.25714285714286
1986-05-29,34.01428571428571
1986-05-30,33.77142857142857
1986-05-31,33.52857142857143
1986-06-01,33.28571428571429
1986-06-02,33.042857142857144
1986-06-03,32.800000000000004
1986-06-04,32.85714285714286
1986-06-05,32.91428571428572
1986-06-06,32.971428571428575
1986-06-07,33.028571428571425
1986-06-08,33.08571428571428
1986-06-09,33.14285714285714
1986-06-10,33.199999999999996
1986-06-11,33.22857142857143
1986-06-12,33.25714285714285
1986-06-13,33.285714285714285
1986-06-14,33.31428571428571
1986-06-15,33.34285714285714
1986-06-16,33.37142857142857
1986-06-17,33.4
1986-06-18,33.199999999999996
1986-06-19,33.0
1986-06-20,32.8
1986-06-21,32.6
1986-06-22,32.4
1986-06-23,32.2
1986-06-24,32.0
1986-06-25,30.333333333333332
1986-06-26,28.666666666666668
1986-06-27,27.0
1986-06-28,25.333333333333332
1986-06-29,23.666666666666664
1986-06-30,22.0
1986-07-01,20.333333333333332
1986-07-02,20.566666666666666
1986-07-03,20.8
1986-07-04,21.033333333333335
1986-07-05,21.266666666666666
1986-07-06,21.5
1986-07-07,21.733333333333334
1986-07-08,21.96666666666667
1986-07-09,21.74761904761905
1986-07-10,21.52857142857143
1986-07-11,21.30952380952381
1986-07-12,21.090476190476192
1986-07-13,20.871428571428574
1986-07-14,20.652380952380952
1986-07-15,20.433333333333334
1986-07-16,19.738095238095237
1986-07-17,19.042857142857144
1986-07-18,18.347619047619048
1986-07-19,17.652380952380952
1986-07-20,16.95714285714286
1986-07-21,16.261904761904763
1986-07-22,15.566666666666668
1986-07-23,16.704761904761906
1986-07-24,17.84285714285714
1986-07-25,18.98095238095238
1986-07-26,20.11904761904762
1986-07-27,21.257142857142856
1986-07-28,22.395238095238092
1986-07-29,23.53333333333333
1986-07-30,22.24285714285714
1986-07-31,20.95238095238095
1986-08-01,19.66190476190476
1986-08-02,18.37142857142857
1986-08-03,17.08095238095238
1986-08-04,15.79047619047619
1986-08-05,14.5
1986-08-06,13.91904761904762
1986-08-07,13.338095238095239
1986-08-08,12.757142857142858
1986-08-09,12.176190476190477
1986-08-10,11.595238095238095
1986-08-11,11.014285714285714
1986-08-12,10.433333333333334
1986-08-13,10.861904761904762
1986-08-14,11.29047619047619
1986-08-15,11.719047619047618
1986-08-16,12.147619047619047
1986-08-17,12.576190476190476
1986-08-18,13.004761904761903
1986-08-19,13.433333333333332
1986-08-20,12.67142857142857
1986-08-21,11.909523809523808
1986-08-22,11.147619047619047
1986-08-23,10.385714285714284
1986-08-24,9.623809523809523
1986-08-25,8.86190476190476
1986-08-26,8.1
1986-08-27,7.8428571428571425
1986-08-28,7.585714285714285
1986-08-29,7.328571428571428
1986-08-30,7.071428571428571
1986-08-31,6.814285714285714
1986-09-01,6.557142857142857
1986-09-02,6.3
1986-09-03,6.3809523809523805
1986-09-04,6.461904761904762
1986-09-05,6.542857142857143
1986-09-06,6.623809523809523
1986-09-07,6.704761904761904
1986-09-08,6.785714285714286
1986-09-09,6.866666666666666
1986-09-10,7.542857142857143
1986-09-11,8.219047619047618
1986-09-12,8.895238095238096
1986-09-13,9.571428571428571
1986-09-14,10.247619047619047
1986-09-15,10.923809523809524
1986-09-16,11.6
1986-09-17,11.019047619047619
1986-09-18,10.438095238095238
1986-09-19,9.857142857142858
1986-09-20,9.276190476190477
1986-09-21,8.695238095238096
1986-09-22,8.114285714285714
1986-09-23,7.533333333333334
1986-09-24,8.238095238095239
1986-09-25,8.942857142857143
1986-09-26,9.647619047619049
1986-09-27,10.352380952380955
1986-09-28,11.057142857142859
1986-09-29,11.761904761904763
1986-09-30,12.466666666666669
1986-10-01,12.652380952380954
1986-10-02,12.838095238095239
1986-10-03,13.023809523809524
1986-10-04,13.20952380952381
1986-10-05,13.395238095238096
1986-10-06,13.58095238095238
1986-10-07,13.766666666666666
1986-10-08,14.46190476190476
1986-10-09,15.157142857142857
1986-10-10,15.852380952380951
1986-10-11,16.547619047619047
1986-10-12,17.242857142857144
1986-10-13,17.938095238095237
1986-10-14,18.633333333333333
1986-10-15,18.29047619047619
1986-10-16,17.947619047619046
1986-10-17,17.604761904761904
1986-10-18,17.261904761904763
1986-10-19,16.91904761904762
1986-10-20,16.576190476190476
1986-10-21,16.233333333333334
1986-10-22,16.79047619047619
1986-10-23,17.347619047619048
1986-10-24,17.904761904761905
1986-10-25,18.461904761904766
1986-10-26,19.019047619047623
1986-10-27,19.57619047619048
1986-10-28,20.133333333333336
1986-10-29,20.45714285714286
1986-10-30,20.780952380952385
1986-10-31,21.104761904761908
1986-11-01,21.42857142857143
1986-11-02,21.752380952380953
1986-11-03,22.07619047619048
1986-11-04,22.400000000000002
1986-11-05,22.423809523809524
1986-11-06,22.44761904761905
1986-11-07,22.47142857142857
1986-11-08,22.495238095238097
1986-11-09,22.51904761904762
1986-11-10,22.542857142857144
1986-11-11,22.566666666666666
1986-11-12,22.70952380952381
1986-11-13,22.85238095238095
1986-11-14,22.995238095238093
1986-11-15,23.13809523809524
1986-11-16,23.28095238095238
1986-11-17,23.423809523809524
1986-11-18,23.566666666666666
1986-11-19,23.742857142857144
1986-11-20,23.919047619047618
1986-11-21,24.095238095238095
1986-11-22,24.271428571428572
1986-11-23,24.44761904761905
1986-11-24,24.623809523809523
1986-11-25,24.8
1986-11-26,25.057142857142857
1986-11-27,25.314285714285713
1986-11-28,25.57142857142857
1986-11-29,25.82857142857143
1986-11-30,26.085714285714285
1986-12-01,26.34285714285714
1986-12-02,26.599999999999998
1986-12-03,26.566666666666663
1986-12-04,26.53333333333333
1986-12-05,26.499999999999996
1986-12-06,26.466666666666665
1986-12-07,26.43333333333333
1986-12-08,26.4
1986-12-09,26.366666666666664
1986-12-10,26.75238095238095
1986-12-11,27.138095238095236
1986-12-12,27.523809523809522
1986-12-13,27.909523809523808
1986-12-14,28.295238095238094
1986-12-15,28.68095238095238
1986-12-16,29.066666666666666
1986-12-17,29.428571428571427
1986-12-18,29.79047619047619
1986-12-19,30.152380952380952
1986-12-20,30.514285714285712
1986-12-21,30.876190476190473
1986-12-22,31.238095238095237
1986-12-23,31.599999999999998
1986-12-24,31.928571428571427
1986-12-25,32.25714285714285
1986-12-26,32.58571428571428
1986-12-27,32.91428571428571
1986-12-28,33.24285714285714
1986-12-29,33.57142857142857
1986-12-30,33.9
1986-12-31,34.06666666666666
1987-01-01,34.233333333333334
1987-01-02,34.4
1987-01-03,34.56666666666666
1987-01-04,34.73333333333333
1987-01-05,34.9
1987-01-06,35.06666666666666
1987-01-07,35.23333333333333
1987-01-08,35.4
1987-01-09,35.56666666666666
1987-01-10,35.73333333333333
1987-01-11,35.89999999999999
1987-01-12,36.06666666666666
1987-01-13,36.23333333333333
1987-01-14,36.30238095238094
1987-01-15,36.37142857142857
1987-01-16,36.44047619047618
1987-01-17,36.509523809523806
1987-01-18,36.57857142857142
1987-01-19,36.647619047619045
1987-01-20,36.71666666666666
1987-01-21,36.78571428571428
1987-01-22,36.8547619047619
1987-01-23,36.92380952380952
1987-01-24,36.99285714285714
1987-01-25,37.061904761904756
1987-01-26,37.13095238095238
1987-01-27,37.199999999999996
1987-01-28,37.49047619047619
1987-01-29,37.78095238095238
1987-01-30,38.07142857142857
1987-01-31,38.36190476190476
1987-02-01,38.65238095238095
1987-02-02,38.94285714285714
1987-02-03,39.233333333333334
1987-02-04,39.52380952380952
1987-02-05,39.81428571428571
1987-02-06,40.1047619047619
1987-02-07,40.39523809523809
1987-02-08,40.68571428571428
1987-02-09,40.976190476190474
1987-02-10,41.266666666666666
1987-02-11,41.33571428571428
1987-02-12,41.404761904761905
1987-02-13,41.47380952380952
1987-02-14,41.54285714285714
1987-02-15,41.61190476190476
1987-02-16,41.68095238095238
1987-02-17,41.75
1987-02-18,41.819047619047616
1987-02-19,41.88809523809523
1987-02-20,41.957142857142856
1987-02-21,42.02619047619047
1987-02-22,42.09523809523809
1987-02-23,42.16428571428571
1987-02-24,42.23333333333333
1987-02-25,42.14999999999999
1987-02-26,42.06666666666666
1987-02-27,41.98333333333333
1987-02-28,41.9
1987-03-01,41.81666666666666
1987-03-02,41.733333333333334
1987-03-03,41.65
1987-03-04,41.56666666666666
1987-03-05,41.483333333333334
1987-03-06,41.4
1987-03-07,41.31666666666667
1987-03-08,41.233333333333334
1987-03-09,41.150000000000006
1987-03-10,41.06666666666667
1987-03-11,41.00714285714286
1987-03-12,40.94761904761905
1987-03-13,40.88809523809524
1987-03-14,40.82857142857143
1987-03-15,40.76904761904762
1987-03-16,40.70952380952381
1987-03-17,40.65
1987-03-18,40.59047619047619
1987-03-19,40.53095238095238
1987-03-20,40.47142857142857
1987-03-21,40.41190476190476
1987-03-22,40.35238095238095
1987-03-23,40.29285714285714
1987-03-24,40.23333333333333
1987-03-25,40.264285714285705
1987-03-26,40.29523809523809
1987-03-27,40.32619047619047
1987-03-28,40.357142857142854
1987-03-29,40.38809523809523
1987-03-30,40.41904761904762
1987-03-31,40.449999999999996
1987-04-01,40.480952380952374
1987-04-02,40.51190476190476
1987-04-03,40.54285714285714
1987-04-04,40.57380952380952
1987-04-05,40.6047619047619
1987-04-06,40.635714285714286
1987-04-07,40.666666666666664
1987-04-08,40.47380952380952
1987-04-09,40.28095238095238
1987-04-10,40.088095238095235
1987-04-11,39.89523809523809
1987-04-12,39.70238095238095
1987-04-13,39.509523809523806
1987-04-14,39.31666666666666
1987-04-15,39.12380952380953
1987-04-16,38.930952380952384
1987-04-17,38.73809523809524
1987-04-18,38.5452380952381
1987-04-19,38.352380952380955
1987-04-20,38.15952380952381
1987-04-21,37.96666666666667
1987-04-22,37.9
1987-04-23,37.833333333333336
1987-04-24,37.766666666666666
1987-04-25,37.7
1987-04-26,37.63333333333333
1987-04-27,37.56666666666667
1987-04-28,37.5
1987-04-29,37.43333333333333
1987-04-30,37.36666666666667
1987-05-01,37.3
1987-05-02,37.233333333333334
1987-05-03,37.166666666666664
1987-05-04,37.1
1987-05-05,37.03333333333333
1987-05-06,36.897619047619045
1987-05-07,36.76190476190476
1987-05-08,36.62619047619047
1987-05-09,36.49047619047619
1987-05-10,36.3547619047619
1987-05-11,36.219047619047615
1987-05-12,36.08333333333333
1987-05-13,35.94761904761905
1987-05-14,35.81190476190476
1987-05-15,35.67619047619048
1987-05-16,35.54047619047619
1987-05-17,35.404761904761905
1987-05-18,35.26904761904762
1987-05-19,35.13333333333333
1987-05-20,35.13809523809524
1987-05-21,35.14285714285714
1987-05-22,35.147619047619045
1987-05-23,35.15238095238095
1987-05-24,35.15714285714286
1987-05-25,35.16190476190476
1987-05-26,35.166666666666664
1987-05-27,35.17142857142857
1987-05-28,35.17619047619047
1987-05-29,35.18095238095238
1987-05-30,35.18571428571428
1987-05-31,35.19047619047619
1987-06-01,35.19523809523809
1987-06-02,35.199999999999996
1987-06-03,35.17857142857142
1987-06-04,35.15714285714285
1987-06-05,35.13571428571428
1987-06-06,35.114285714285714
1987-06-07,35.09285714285714
1987-06-08,35.07142857142857
1987-06-09,35.05
1987-06-10,35.028571428571425
1987-06-11,35.00714285714285
1987-06-12,34.98571428571428
1987-06-13,34.964285714285715
1987-06-14,34.94285714285714
1987-06-15,34.92142857142857
1987-06-16,34.9
1987-06-17,34.39285714285714
1987-06-18,33.885714285714286
1987-06-19,33.378571428571426
1987-06-20,32.871428571428574
1987-06-21,32.364285714285714
1987-06-22,31.857142857142858
1987-06-23,31.35
1987-06-24,30.84285714285714
1987-06-25,30.335714285714285
1987-06-26,29.82857142857143
1987-06-27,29.32142857142857
1987-06-28,28.814285714285717
1987-06-29,28.307142857142857
1987-06-30,27.8
1987-07-01,27.914285714285715
1987-07-02,28.02857142857143
1987-07-03,28.142857142857142
1987-07-04,28.257142857142856
1987-07-05,28.37142857142857
1987-07-06,28.485714285714284
1987-07-07,28.599999999999998
1987-07-08,27.157142857142855
1987-07-09,25.71428571428571
1987-07-10,24.27142857142857
1987-07-11,22.82857142857143
1987-07-12,21.385714285714286
1987-07-13,19.942857142857143
1987-07-14,18.5
1987-07-15,19.13809523809524
1987-07-16,19.776190476190475
1987-07-17,20.414285714285715
1987-07-18,21.052380952380954
1987-07-19,21.690476190476193
1987-07-20,22.32857142857143
1987-07-21,22.96666666666667
1987-07-22,23.26666666666667
1987-07-23,23.566666666666666
1987-07-24,23.866666666666667
1987-07-25,24.166666666666668
1987-07-26,24.46666666666667
1987-07-27,24.766666666666666
1987-07-28,25.066666666666666
1987-07-29,22.057142857142857
1987-07-30,19.047619047619047
1987-07-31,16.038095238095238
1987-08-01,13.028571428571428
1987-08-02,10.019047619047619
1987-08-03,7.0095238095238095
1987-08-04,4.0
1987-08-05,5.357142857142858
1987-08-06,6.714285714285714
1987-08-07,8.071428571428571
1987-08-08,9.428571428571429
1987-08-09,10.785714285714285
1987-08-10,12.142857142857142
1987-08-11,13.5
1987-08-12,13.157142857142857
1987-08-13,12.814285714285715
1987-08-14,12.471428571428572
1987-08-15,12.128571428571428
1987-08-16,11.785714285714285
1987-08-17,11.442857142857143
1987-08-18,11.1
1987-08-19,11.638095238095238
1987-08-20,12.176190476190476
1987-08-21,12.714285714285714
1987-08-22,13.252380952380953
1987-08-23,13.790476190476191
1987-08-24,14.32857142857143
1987-08-25,14.866666666666667
1987-08-26,14.671428571428573
1987-08-27,14.476190476190476
1987-08-28,14.280952380952382
1987-08-29,14.085714285714285
1987-08-30,13.89047619047619
1987-08-31,13.695238095238095
1987-09-01,13.5
1987-09-02,13.457142857142857
1987-09-03,13.414285714285715
1987-09-04,13.371428571428572
1987-09-05,13.32857142857143
1987-09-06,13.285714285714286
1987-09-07,13.242857142857144
1987-09-08,13.200000000000001
1987-09-09,14.20952380952381
1987-09-10,15.21904761904762
1987-09-11,16.228571428571428
1987-09-12,17.238095238095237
1987-09-13,18.247619047619047
1987-09-14,19.257142857142856
1987-09-15,20.266666666666666
1987-09-16,20.780952380952378
1987-09-17,21.295238095238094
1987-09-18,21.809523809523807
1987-09-19,22.323809523809523
1987-09-20,22.838095238095235
1987-09-21,23.35238095238095
1987-09-22,23.866666666666664
1987-09-23,23.299999999999997
1987-09-24,22.73333333333333
1987-09-25,22.166666666666664
1987-09-26,21.6
1987-09-27,21.033333333333335
1987-09-28,20.46666666666667
1987-09-29,19.900000000000002
1987-09-30,19.985714285714288
1987-10-01,20.071428571428573
1987-10-02,20.15714285714286
1987-10-03,20.242857142857144
1987-10-04,20.32857142857143
1987-10-05,20.414285714285715
1987-10-06,20.5
1987-10-07,20.94761904761905
1987-10-08,21.395238095238096
1987-10-09,21.842857142857145
1987-10-10,22.29047619047619
1987-10-11,22.73809523809524
1987-10-12,23.18571428571429
1987-10-13,23.633333333333336
1987-10-14,23.77619047619048
1987-10-15,23.91904761904762
1987-10-16,24.061904761904763
1987-10-17,24.20476190476191
1987-10-18,24.34761904761905
1987-10-19,24.490476190476194
1987-10-20,24.633333333333336
1987-10-21,24.45714285714286
1987-10-22,24.280952380952385
1987-10-23,24.104761904761908
1987-10-24,23.92857142857143
1987-10-25,23.752380952380953
1987-10-26,23.57619047619048
1987-10-27,23.400000000000002
1987-10-28,23.857142857142858
1987-10-29,24.314285714285717
1987-10-30,24.771428571428572
1987-10-31,25.228571428571428
1987-11-01,25.685714285714283
1987-11-02,26.142857142857142
1987-11-03,26.599999999999998
1987-11-04,27.176190476190474
1987-11-05,27.752380952380953
1987-11-06,28.32857142857143
1987-11-07,28.904761904761905
1987-11-08,29.48095238095238
1987-11-09,30.05714285714286
1987-11-10,30.633333333333336
1987-11-11,30.80952380952381
1987-11-12,30.985714285714288
1987-11-13,31.16190476190476
1987-11-14,31.33809523809524
1987-11-15,31.514285714285712
1987-11-16,31.69047619047619
1987-11-17,31.866666666666664
1987-11-18,31.347619047619045
1987-11-19,30.828571428571426
1987-11-20,30.309523809523807
1987-11-21,29.79047619047619
1987-11-22,29.271428571428572
1987-11-23,28.752380952380953
1987-11-24,28.233333333333334
1987-11-25,28.48809523809524
1987-11-26,28.742857142857144
1987-11-27,28.997619047619047
1987-11-28,29.252380952380953
1987-11-29,29.50714285714286
1987-11-30,29.761904761904763
1987-12-01,30.016666666666666
1987-12-02,30.271428571428572
1987-12-03,30.52619047619048
1987-12-04,30.78095238095238
1987-12-05,31.035714285714285
1987-12-06,31.29047619047619
1987-12-07,31.545238095238098
1987-12-08,31.8
1987-12-09,32.16153846153846
1987-12-10,32.52307692307692
1987-12-11,32.88461538461539
1987-12-12,33.246153846153845
1987-12-13,33.60769230769231
1987-12-14,33.96923076923077
1987-12-15,34.33076923076923
1987-12-16,34.69230769230769
1987-12-17,35.05384615384615
1987-12-18,35.41538461538462
1987-12-19,35.776923076923076
1987-12-20,36.13846153846154
1987-12-21,36.5
1987-12-22,36.55555555555556
1987-12-23,36.611111111111114
1987-12-24,36.666666666666664
1987-12-25,36.72222222222222
1987-12-26,36.77777777777778
1987-12-27,36.833333333333336
1987-12-28,36.88888888888889
1987-12-29,36.94444444444444
1987-12-30,37.0
1987-12-31,37.05555555555556
1988-01-01,37.111111111111114
1988-01-02,37.16666666666667
1988-01-03,37.22222222222222
1988-01-04,37.27777777777778
1988-01-05,37.333333333333336
1988-01-06,37.42857142857143
1988-01-07,37.523809523809526
1988-01-08,37.61904761904762
1988-01-09,37.714285714285715
1988-01-10,37.80952380952381
1988-01-11,37.904761904761905
1988-01-12,38.0
1988-01-13,38.095238095238095
1988-01-14,38.19047619047619
1988-01-15,38.285714285714285
1988-01-16,38.38095238095238
1988-01-17,38.476190476190474
1988-01-18,38.57142857142857
1988-01-19,38.666666666666664
1988-01-20,38.76428571428571
1988-01-21,38.86190476190476
1988-01-22,38.95952380952381
1988-01-23,39.05714285714286
1988-01-24,39.154761904761905
1988-01-25,39.25238095238095
1988-01-26,39.349999999999994
1988-01-27,39.44761904761904
1988-01-28,39.54523809523809
1988-01-29,39.64285714285714
1988-01-30,39.74047619047619
1988-01-31,39.838095238095235
1988-02-01,39.93571428571428
1988-02-02,40.03333333333333
1988-02-03,40.07380952380952
1988-02-04,40.114285714285714
1988-02-05,40.154761904761905
1988-02-06,40.195238095238096
1988-02-07,40.23571428571429
1988-02-08,40.27619047619048
1988-02-09,40.31666666666666
1988-02-10,40.357142857142854
1988-02-11,40.397619047619045
1988-02-12,40.43809523809524
1988-02-13,40.47857142857143
1988-02-14,40.51904761904762
1988-02-15,40.55952380952381
1988-02-16,40.6
1988-02-17,40.69285714285714
1988-02-18,40.785714285714285
1988-02-19,40.878571428571426
1988-02-20,40.971428571428575
1988-02-21,41.06428571428572
1988-02-22,41.15714285714286
1988-02-23,41.25
1988-02-24,41.34285714285714
1988-02-25,41.43571428571428
1988-02-26,41.528571428571425
1988-02-27,41.621428571428574
1988-02-28,41.714285714285715
1988-02-29,41.80714285714286
1988-03-01,41.9
1988-03-02,41.94285714285714
1988-03-03,41.98571428571429
1988-03-04,42.028571428571425
1988-03-05,42.07142857142857
1988-03-06,42.114285714285714
1988-03-07,42.15714285714286
1988-03-08,42.2
1988-03-09,42.24285714285714
1988-03-10,42.285714285714285
1988-03-11,42.32857142857143
1988-03-12,42.371428571428574
1988-03-13,42.41428571428571
1988-03-14,42.457142857142856
1988-03-15,42.5
1988-03-16,42.404761904761905
1988-03-17,42.30952380952381
1988-03-18,42.214285714285715
1988-03-19,42.11904761904762
1988-03-20,42.023809523809526
1988-03-21,41.92857142857143
1988-03-22,41.83333333333333
1988-03-23,41.738095238095234
1988-03-24,41.64285714285714
1988-03-25,41.547619047619044
1988-03-26,41.45238095238095
1988-03-27,41.357142857142854
1988-03-28,41.26190476190476
1988-03-29,41.166666666666664
1988-03-30,41.226190476190474
1988-03-31,41.285714285714285
1988-04-01,41.345238095238095
1988-04-02,41.404761904761905
1988-04-03,41.464285714285715
1988-04-04,41.523809523809526
1988-04-05,41.58333333333333
1988-04-06,41.64285714285714
1988-04-07,41.70238095238095
1988-04-08,41.76190476190476
1988-04-09,41.82142857142857
1988-04-10,41.88095238095238
1988-04-11,41.94047619047619
1988-04-12,42.0
1988-04-13,41.90952380952381
1988-04-14,41.819047619047616
1988-04-15,41.72857142857143
1988-04-16,41.63809523809524
1988-04-17,41.547619047619044
1988-04-18,41.457142857142856
1988-04-19,41.36666666666666
1988-04-20,41.27619047619047
1988-04-21,41.18571428571428
1988-04-22,41.09523809523809
1988-04-23,41.0047619047619
1988-04-24,40.91428571428571
1988-04-25,40.823809523809516
1988-04-26,40.73333333333333
1988-04-27,40.56428571428571
1988-04-28,40.39523809523809
1988-04-29,40.226190476190474
1988-04-30,40.05714285714285
1988-05-01,39.88809523809523
1988-05-02,39.719047619047615
1988-05-03,39.55
1988-05-04,39.38095238095238
1988-05-05,39.21190476190476
1988-05-06,39.042857142857144
1988-05-07,38.87380952380952
1988-05-08,38.7047619047619
1988-05-09,38.535714285714285
1988-05-10,38.36666666666667
1988-05-11,38.05
1988-05-12,37.733333333333334
1988-05-13,37.416666666666664
1988-05-14,37.1
1988-05-15,36.78333333333333
1988-05-16,36.46666666666667
1988-05-17,36.15
1988-05-18,35.83333333333333
1988-05-19,35.516666666666666
1988-05-20,35.199999999999996
1988-05-21,34.88333333333333
1988-05-22,34.56666666666666
1988-05-23,34.25
1988-05-24,33.93333333333333
1988-05-25,33.05238095238095
1988-05-26,32.17142857142857
1988-05-27,31.290476190476188
1988-05-28,30.409523809523805
1988-05-29,29.528571428571425
1988-05-30,28.647619047619045
1988-05-31,27.766666666666666
1988-06-01,26.885714285714283
1988-06-02,26.004761904761903
1988-06-03,25.12380952380952
1988-06-04,24.24285714285714
1988-06-05,23.36190476190476
1988-06-06,22.480952380952377
1988-06-07,21.599999999999998
1988-06-08,20.95238095238095
1988-06-09,20.304761904761904
1988-06-10,19.657142857142855
1988-06-11,19.00952380952381
1988-06-12,18.36190476190476
1988-06-13,17.714285714285715
1988-06-14,17.066666666666666
1988-06-15,15.81904761904762
1988-06-16,14.571428571428571
1988-06-17,13.323809523809524
1988-06-18,12.076190476190476
1988-06-19,10.82857142857143
1988-06-20,9.580952380952382
1988-06-21,8.333333333333334
1988-06-22,8.404761904761905
1988-06-23,8.476190476190476
1988-06-24,8.547619047619047
1988-06-25,8.61904761904762
1988-06-26,8.690476190476192
1988-06-27,8.761904761904763
1988-06-28,8.833333333333334
1988-06-29,9.495238095238095
1988-06-30,10.157142857142858
1988-07-01,10.81904761904762
1988-07-02,11.480952380952381
1988-07-03,12.142857142857142
1988-07-04,12.804761904761904
1988-07-05,13.466666666666667
1988-07-06,13.32857142857143
1988-07-07,13.19047619047619
1988-07-08,13.052380952380952
1988-07-09,12.914285714285715
1988-07-10,12.776190476190477
1988-07-11,12.638095238095238
1988-07-12,12.5
1988-07-13,12.057142857142857
1988-07-14,11.614285714285714
1988-07-15,11.17142857142857
1988-07-16,10.72857142857143
1988-07-17,10.285714285714286
1988-07-18,9.842857142857143
1988-07-19,9.4
1988-07-20,8.738095238095239
1988-07-21,8.076190476190476
1988-07-22,7.414285714285715
1988-07-23,6.752380952380953
1988-07-24,6.09047619047619
1988-07-25,5.428571428571429
1988-07-26,4.766666666666667
1988-07-27,4.476190476190476
1988-07-28,4.185714285714286
1988-07-29,3.895238095238095
1988-07-30,3.6047619047619044
1988-07-31,3.314285714285714
1988-08-01,3.0238095238095237
1988-08-02,2.733333333333333
1988-08-03,4.955555555555556
1988-08-04,7.177777777777777
1988-08-05,9.4
1988-08-06,11.622222222222222
1988-08-07,13.844444444444445
1988-08-08,16.066666666666666
1988-08-09,15.3875
1988-08-10,14.708333333333332
1988-08-11,14.029166666666667
1988-08-12,13.35
1988-08-13,12.670833333333333
1988-08-14,11.991666666666667
1988-08-15,11.3125
1988-08-16,10.633333333333333
1988-08-17,10.119047619047619
1988-08-18,9.604761904761904
1988-08-19,9.09047619047619
1988-08-20,8.576190476190476
1988-08-21,8.061904761904763
1988-08-22,7.547619047619048
1988-08-23,7.033333333333334
1988-08-24,6.914285714285715
1988-08-25,6.795238095238096
1988-08-26,6.6761904761904765
1988-08-27,6.557142857142858
1988-08-28,6.438095238095238
1988-08-29,6.31904761904762
1988-08-30,6.2
1988-08-31,7.60952380952381
1988-09-01,9.019047619047619
1988-09-02,10.428571428571429
1988-09-03,11.838095238095239
1988-09-04,13.247619047619049
1988-09-05,14.657142857142858
1988-09-06,16.066666666666666
1988-09-07,15.495238095238095
1988-09-08,14.923809523809524
1988-09-09,14.352380952380953
1988-09-10,13.780952380952382
1988-09-11,13.20952380952381
1988-09-12,12.63809523809524
1988-09-13,12.066666666666668
1988-09-14,12.433333333333335
1988-09-15,12.8
1988-09-16,13.166666666666668
1988-09-17,13.533333333333335
1988-09-18,13.900000000000002
1988-09-19,14.266666666666667
1988-09-20,14.633333333333335
1988-09-21,14.154761904761905
1988-09-22,13.676190476190477
1988-09-23,13.19761904761905
1988-09-24,12.71904761904762
1988-09-25,12.24047619047619
1988-09-26,11.761904761904763
1988-09-27,11.283333333333335
1988-09-28,10.804761904761905
1988-09-29,10.326190476190476
1988-09-30,9.847619047619048
1988-10-01,9.36904761904762
1988-10-02,8.89047619047619
1988-10-03,8.411904761904761
1988-10-04,7.933333333333334
1988-10-05,7.561904761904762
1988-10-06,7.190476190476191
1988-10-07,6.819047619047619
1988-10-08,6.447619047619048
1988-10-09,6.076190476190476
1988-10-10,5.704761904761904
1988-10-11,5.333333333333333
1988-10-12,5.847619047619047
1988-10-13,6.3619047619047615
1988-10-14,6.876190476190477
1988-10-15,7.390476190476191
1988-10-16,7.904761904761905
1988-10-17,8.41904761904762
1988-10-18,8.933333333333334
1988-10-19,8.89047619047619
1988-10-20,8.847619047619048
1988-10-21,8.804761904761905
1988-10-22,8.761904761904761
1988-10-23,8.719047619047618
1988-10-24,8.676190476190476
1988-10-25,8.633333333333333
1988-10-26,10.042857142857143
1988-10-27,11.452380952380953
1988-10-28,12.86190476190476
1988-10-29,14.271428571428572
1988-10-30,15.68095238095238
1988-10-31,17.09047619047619
1988-11-01,18.5
1988-11-02,18.35238095238095
1988-11-03,18.204761904761906
1988-11-04,18.057142857142857
1988-11-05,17.909523809523808
1988-11-06,17.76190476190476
1988-11-07,17.614285714285714
1988-11-08,17.466666666666665
1988-11-09,17.828571428571426
1988-11-10,18.19047619047619
1988-11-11,18.55238095238095
1988-11-12,18.914285714285715
1988-11-13,19.276190476190475
1988-11-14,19.63809523809524
1988-11-15,20.0
1988-11-16,20.466666666666665
1988-11-17,20.933333333333334
1988-11-18,21.4
1988-11-19,21.866666666666667
1988-11-20,22.333333333333332
1988-11-21,22.799999999999997
1988-11-22,23.266666666666666
1988-11-23,23.80952380952381
1988-11-24,24.35238095238095
1988-11-25,24.895238095238096
1988-11-26,25.438095238095237
1988-11-27,25.98095238095238
1988-11-28,26.523809523809522
1988-11-29,27.066666666666666
1988-11-30,27.15714285714286
1988-12-01,27.247619047619047
1988-12-02,27.33809523809524
1988-12-03,27.428571428571427
1988-12-04,27.51904761904762
1988-12-05,27.609523809523807
1988-12-06,27.7
1988-12-07,27.823809523809523
1988-12-08,27.947619047619046
1988-12-09,28.07142857142857
1988-12-10,28.195238095238096
1988-12-11,28.31904761904762
1988-12-12,28.442857142857143
1988-12-13,28.566666666666666
1988-12-14,28.866666666666667
1988-12-15,29.166666666666668
1988-12-16,29.46666666666667
1988-12-17,29.766666666666666
1988-12-18,30.066666666666666
1988-12-19,30.366666666666667
1988-12-20,30.666666666666668
1988-12-21,30.923809523809524
1988-12-22,31.180952380952384
1988-12-23,31.43809523809524
1988-12-24,31.695238095238096
1988-12-25,31.952380952380953
1988-12-26,32.20952380952381
1988-12-27,32.46666666666667
1988-12-28,32.66666666666667
1988-12-29,32.86666666666667
1988-12-30,33.06666666666667
1988-12-31,33.26666666666667
1989-01-01,33.46666666666667
1989-01-02,33.66666666666667
1989-01-03,33.866666666666674
1989-01-04,34.06666666666667
1989-01-05,34.26666666666667
1989-01-06,34.46666666666667
1989-01-07,34.66666666666667
1989-01-08,34.866666666666674
1989-01-09,35.06666666666667
1989-01-10,35.26666666666667
1989-01-11,35.300000000000004
1989-01-12,35.333333333333336
1989-01-13,35.366666666666674
1989-01-14,35.400000000000006
1989-01-15,35.43333333333334
1989-01-16,35.46666666666667
1989-01-17,35.5
1989-01-18,35.53333333333334
1989-01-19,35.56666666666667
1989-01-20,35.6
1989-01-21,35.63333333333333
1989-01-22,35.66666666666667
1989-01-23,35.7
1989-01-24,35.733333333333334
1989-01-25,35.873333333333335
1989-01-26,36.013333333333335
1989-01-27,36.153333333333336
1989-01-28,36.29333333333334
1989-01-29,36.43333333333334
1989-01-30,36.57333333333334
1989-01-31,36.71333333333334
1989-02-01,36.85333333333333
1989-02-02,36.99333333333333
1989-02-03,37.13333333333333
1989-02-04,37.27333333333333
1989-02-05,37.413333333333334
1989-02-06,37.553333333333335
1989-02-07,37.693333333333335
1989-02-08,37.833333333333336
1989-02-09,37.832727272727276
1989-02-10,37.832121212121216
1989-02-11,37.831515151515156
1989-02-12,37.830909090909095
1989-02-13,37.830303030303035
1989-02-14,37.829696969696975
1989-02-15,37.82909090909091
1989-02-16,37.82848484848485
1989-02-17,37.82787878787879
1989-02-18,37.82727272727273
1989-02-19,37.82666666666667
1989-02-20,37.82606060606061
1989-02-21,37.82545454545455
1989-02-22,37.82484848484849
1989-02-23,37.82424242424243
1989-02-24,37.82363636363637
1989-02-25,37.82303030303031
1989-02-26,37.82242424242425
1989-02-27,37.82181818181819
1989-02-28,37.82121212121213
1989-03-01,37.82060606060606
1989-03-02,37.82
1989-03-03,37.81939393939394
1989-03-04,37.81878787878788
1989-03-05,37.81818181818182
1989-03-06,37.81757575757576
1989-03-07,37.8169696969697
1989-03-08,37.81636363636364
1989-03-09,37.81575757575758
1989-03-10,37.81515151515152
1989-03-11,37.81454545454546
1989-03-12,37.8139393939394
1989-03-13,37.81333333333334
1989-03-14,37.81272727272728
1989-03-15,37.81212121212121
1989-03-16,37.81151515151515
1989-03-17,37.81090909090909
1989-03-18,37.81030303030303
1989-03-19,37.80969696969697
1989-03-20,37.80909090909091
1989-03-21,37.80848484848485
1989-03-22,37.80787878787879
1989-03-23,37.80727272727273
1989-03-24,37.80666666666667
1989-03-25,37.80606060606061
1989-03-26,37.80545454545455
1989-03-27,37.80484848484849
1989-03-28,37.80424242424243
1989-03-29,37.803636363636365
1989-03-30,37.803030303030305
1989-03-31,37.802424242424244
1989-04-01,37.801818181818184
1989-04-02,37.801212121212124
1989-04-03,37.800606060606064
1989-04-04,37.800000000000004
1989-04-05,37.760493827160495
1989-04-06,37.72098765432099
1989-04-07,37.681481481481484
1989-04-08,37.64197530864198
1989-04-09,37.60246913580247
1989-04-10,37.56296296296296
1989-04-11,37.52345679012346
1989-04-12,37.48395061728395
1989-04-13,37.44444444444445
1989-04-14,37.40493827160494
1989-04-15,37.36543209876543
1989-04-16,37.32592592592593
1989-04-17,37.28641975308642
1989-04-18,37.24691358024692
1989-04-19,37.20740740740741
1989-04-20,37.16790123456791
1989-04-21,37.1283950617284
1989-04-22,37.08888888888889
1989-04-23,37.04938271604939
1989-04-24,37.00987654320988
1989-04-25,36.970370370370375
1989-04-26,36.930864197530866
1989-04-27,36.89135802469136
1989-04-28,36.851851851851855
1989-04-29,36.812345679012346
1989-04-30,36.77283950617284
1989-05-01,36.733333333333334
1989-05-02,36.457657657657656
1989-05-03,36.181981981981984
1989-05-04,35.906306306306305
1989-05-05,35.630630630630634
1989-05-06,35.354954954954955
1989-05-07,35.07927927927928
1989-05-08,34.803603603603605
1989-05-09,34.52792792792793
1989-05-10,34.252252252252255
1989-05-11,33.976576576576576
1989-05-12,33.7009009009009
1989-05-13,33.425225225225226
1989-05-14,33.14954954954955
1989-05-15,32.873873873873876
1989-05-16,32.5981981981982
1989-05-17,32.32252252252252
1989-05-18,32.04684684684685
1989-05-19,31.77117117117117
1989-05-20,31.495495495495497
1989-05-21,31.21981981981982
1989-05-22,30.944144144144143
1989-05-23,30.66846846846847
1989-05-24,30.392792792792793
1989-05-25,30.117117117117118
1989-05-26,29.84144144144144
1989-05-27,29.565765765765764
1989-05-28,29.29009009009009
1989-05-29,29.014414414414414
1989-05-30,28.73873873873874
1989-05-31,28.46306306306306
1989-06-01,28.187387387387385
1989-06-02,27.91171171171171
1989-06-03,27.636036036036035
1989-06-04,27.36036036036036
1989-06-05,27.08468468468468
1989-06-06,26.809009009009007
1989-06-07,26.53333333333333
1989-06-08,26.81111111111111
1989-06-09,27.08888888888889
1989-06-10,27.366666666666667
1989-06-11,27.644444444444442
1989-06-12,27.92222222222222
1989-06-13,28.2
1989-06-14,28.36190476190476
1989-06-15,28.523809523809522
1989-06-16,28.685714285714283
1989-06-17,28.847619047619048
1989-06-18,29.00952380952381
1989-06-19,29.17142857142857
1989-06-20,29.333333333333332
1989-06-21,29.466666666666665
1989-06-22,29.6
1989-06-23,29.733333333333334
1989-06-24,29.866666666666667
1989-06-25,30.0
1989-06-26,30.133333333333336
1989-06-27,30.26666666666667
1989-06-28,29.261904761904763
1989-06-29,28.25714285714286
1989-06-30,27.252380952380953
1989-07-01,26.24761904761905
1989-07-02,25.242857142857144
1989-07-03,24.23809523809524
1989-07-04,23.233333333333334
1989-07-05,23.271428571428572
1989-07-06,23.30952380952381
1989-07-07,23.347619047619048
1989-07-08,23.385714285714286
1989-07-09,23.423809523809524
1989-07-10,23.461904761904762
1989-07-11,23.5
1989-07-12,22.652380952380952
1989-07-13,21.804761904761904
1989-07-14,20.957142857142856
1989-07-15,20.10952380952381
1989-07-16,19.261904761904763
1989-07-17,18.414285714285715
1989-07-18,17.566666666666666
1989-07-19,16.71904761904762
1989-07-20,15.87142857142857
1989-07-21,15.023809523809524
1989-07-22,14.176190476190476
1989-07-23,13.328571428571427
1989-07-24,12.480952380952381
1989-07-25,11.633333333333333
1989-07-26,10.785714285714285
1989-07-27,9.938095238095238
1989-07-28,9.09047619047619
1989-07-29,8.242857142857144
1989-07-30,7.395238095238096
1989-07-31,6.5476190476190474
1989-08-01,5.7
1989-08-02,5.885714285714286
1989-08-03,6.071428571428571
1989-08-04,6.257142857142857
1989-08-05,6.442857142857143
1989-08-06,6.628571428571429
1989-08-07,6.814285714285714
1989-08-08,7.0
1989-08-09,7.533333333333333
1989-08-10,8.066666666666666
1989-08-11,8.6
1989-08-12,9.133333333333333
1989-08-13,9.666666666666668
1989-08-14,10.200000000000001
1989-08-15,10.733333333333334
1989-08-16,10.423809523809524
1989-08-17,10.114285714285716
1989-08-18,9.804761904761905
1989-08-19,9.495238095238097
1989-08-20,9.185714285714287
1989-08-21,8.876190476190477
1989-08-22,8.566666666666668
1989-08-23,9.544444444444446
1989-08-24,10.522222222222224
1989-08-25,11.500000000000002
1989-08-26,12.47777777777778
1989-08-27,13.455555555555556
1989-08-28,14.433333333333334
1989-08-29,15.411111111111111
1989-08-30,16.38888888888889
1989-08-31,17.366666666666667
1989-09-01,15.393333333333334
1989-09-02,13.42
1989-09-03,11.446666666666667
1989-09-04,9.473333333333333
1989-09-05,7.5
1989-09-06,7.8619047619047615
1989-09-07,8.223809523809523
1989-09-08,8.585714285714285
1989-09-09,8.947619047619048
1989-09-10,9.30952380952381
1989-09-11,9.67142857142857
1989-09-12,10.033333333333333
1989-09-13,10.397619047619047
1989-09-14,10.761904761904761
1989-09-15,11.126190476190477
1989-09-16,11.49047619047619
1989-09-17,11.854761904761904
1989-09-18,12.219047619047618
1989-09-19,12.583333333333332
1989-09-20,12.947619047619046
1989-09-21,13.311904761904762
1989-09-22,13.676190476190476
1989-09-23,14.04047619047619
1989-09-24,14.404761904761905
1989-09-25,14.769047619047619
1989-09-26,15.133333333333333
1989-09-27,15.129166666666666
1989-09-28,15.125
1989-09-29,15.120833333333334
1989-09-30,15.116666666666667
1989-10-01,15.112499999999999
1989-10-02,15.108333333333333
1989-10-03,15.104166666666666
1989-10-04,15.1
1989-10-05,14.294444444444444
1989-10-06,13.488888888888889
1989-10-07,12.683333333333334
1989-10-08,11.877777777777778
1989-10-09,11.072222222222223
1989-10-10,10.266666666666667
1989-10-11,10.051851851851852
1989-10-12,9.837037037037037
1989-10-13,9.622222222222224
1989-10-14,9.407407407407408
1989-10-15,9.192592592592593
1989-10-16,8.977777777777778
1989-10-17,8.762962962962964
1989-10-18,8.54814814814815
1989-10-19,8.333333333333334
1989-10-20,8.393333333333334
1989-10-21,8.453333333333333
1989-10-22,8.513333333333334
1989-10-23,8.573333333333332
1989-10-24,8.633333333333333
1989-10-25,8.638095238095238
1989-10-26,8.642857142857142
1989-10-27,8.647619047619047
1989-10-28,8.652380952380952
1989-10-29,8.657142857142857
1989-10-30,8.661904761904761
1989-10-31,8.666666666666666
1989-11-01,9.709523809523809
1989-11-02,10.752380952380951
1989-11-03,11.795238095238094
1989-11-04,12.838095238095239
1989-11-05,13.880952380952381
1989-11-06,14.923809523809524
1989-11-07,15.966666666666667
1989-11-08,16.261904761904763
1989-11-09,16.557142857142857
1989-11-10,16.852380952380955
1989-11-11,17.14761904761905
1989-11-12,17.442857142857143
1989-11-13,17.73809523809524
1989-11-14,18.033333333333335
1989-11-15,18.98095238095238
1989-11-16,19.92857142857143
1989-11-17,20.876190476190477
1989-11-18,21.823809523809526
1989-11-19,22.771428571428572
1989-11-20,23.719047619047622
1989-11-21,24.666666666666668
1989-11-22,24.714285714285715
1989-11-23,24.761904761904763
1989-11-24,24.80952380952381
1989-11-25,24.857142857142858
1989-11-26,24.904761904761905
1989-11-27,24.952380952380953
1989-11-28,25.0
1989-11-29,25.34285714285714
1989-11-30,25.685714285714287
1989-12-01,26.02857142857143
1989-12-02,26.371428571428574
1989-12-03,26.714285714285715
1989-12-04,27.05714285714286
1989-12-05,27.400000000000002
1989-12-06,27.623809523809527
1989-12-07,27.847619047619048
1989-12-08,28.071428571428573
1989-12-09,28.295238095238098
1989-12-10,28.519047619047623
1989-12-11,28.742857142857144
1989-12-12,28.96666666666667
1989-12-13,28.98095238095238
1989-12-14,28.995238095238097
1989-12-15,29.00952380952381
1989-12-16,29.023809523809526
1989-12-17,29.038095238095238
1989-12-18,29.052380952380954
1989-12-19,29.066666666666666
1989-12-20,29.554166666666667
1989-12-21,30.041666666666668
1989-12-22,30.52916666666667
1989-12-23,31.016666666666666
1989-12-24,31.504166666666666
1989-12-25,31.991666666666667
1989-12-26,32.47916666666667
1989-12-27,32.96666666666667
1989-12-28,33.13333333333333
1989-12-29,33.300000000000004
1989-12-30,33.46666666666667
1989-12-31,33.63333333333333
1990-01-01,33.800000000000004
1990-01-02,33.96666666666667
1990-01-03,34.13333333333333
1990-01-04,34.3
1990-01-05,34.46666666666667
1990-01-06,34.63333333333333
1990-01-07,34.8
1990-01-08,34.96666666666667
1990-01-09,35.13333333333333
1990-01-10,35.14285714285714
1990-01-11,35.15238095238095
1990-01-12,35.16190476190476
1990-01-13,35.17142857142857
1990-01-14,35.18095238095238
1990-01-15,35.19047619047619
1990-01-16,35.199999999999996
1990-01-17,35.291666666666664
1990-01-18,35.383333333333326
1990-01-19,35.474999999999994
1990-01-20,35.56666666666666
1990-01-21,35.65833333333333
1990-01-22,35.75
1990-01-23,35.84166666666666
1990-01-24,35.93333333333333
1990-01-25,35.9025641025641
1990-01-26,35.87179487179487
1990-01-27,35.84102564102564
1990-01-28,35.81025641025641
1990-01-29,35.77948717948718
1990-01-30,35.748717948717946
1990-01-31,35.717948717948715
1990-02-01,35.687179487179485
1990-02-02,35.656410256410254
1990-02-03,35.62564102564102
1990-02-04,35.59487179487179
1990-02-05,35.56410256410256
1990-02-06,35.53333333333333
1990-02-07,35.41190476190476
1990-02-08,35.29047619047619
1990-02-09,35.16904761904762
1990-02-10,35.047619047619044
1990-02-11,34.92619047619048
1990-02-12,34.804761904761904
1990-02-13,34.68333333333333
1990-02-14,34.56190476190476
1990-02-15,34.44047619047619
1990-02-16,34.31904761904762
1990-02-17,34.19761904761905
1990-02-18,34.076190476190476
1990-02-19,33.95476190476191
1990-02-20,33.833333333333336
1990-02-21,33.928333333333335
1990-02-22,34.02333333333333
1990-02-23,34.11833333333333
1990-02-24,34.21333333333334
1990-02-25,34.30833333333334
1990-02-26,34.403333333333336
1990-02-27,34.498333333333335
1990-02-28,34.593333333333334
1990-03-01,34.68833333333333
1990-03-02,34.78333333333333
1990-03-03,34.87833333333334
1990-03-04,34.973333333333336
1990-03-05,35.068333333333335
1990-03-06,35.163333333333334
1990-03-07,35.25833333333333
1990-03-08,35.35333333333333
1990-03-09,35.44833333333334
1990-03-10,35.54333333333334
1990-03-11,35.638333333333335
1990-03-12,35.733333333333334
1990-03-13,35.74761904761905
1990-03-14,35.76190476190476
1990-03-15,35.77619047619048
1990-03-16,35.79047619047619
1990-03-17,35.804761904761904
1990-03-18,35.819047619047616
1990-03-19,35.833333333333336
1990-03-20,35.84761904761905
1990-03-21,35.86190476190476
1990-03-22,35.87619047619047
1990-03-23,35.89047619047619
1990-03-24,35.904761904761905
1990-03-25,35.91904761904762
1990-03-26,35.93333333333333
1990-03-27,35.94761904761905
1990-03-28,35.96190476190476
1990-03-29,35.976190476190474
1990-03-30,35.99047619047619
1990-03-31,36.00476190476191
1990-04-01,36.01904761904762
1990-04-02,36.03333333333333
1990-04-03,35.96781609195402
1990-04-04,35.90229885057471
1990-04-05,35.8367816091954
1990-04-06,35.77126436781609
1990-04-07,35.70574712643678
1990-04-08,35.64022988505747
1990-04-09,35.57471264367816
1990-04-10,35.50919540229885
1990-04-11,35.44367816091954
1990-04-12,35.37816091954023
1990-04-13,35.31264367816092
1990-04-14,35.247126436781606
1990-04-15,35.181609195402295
1990-04-16,35.116091954022984
1990-04-17,35.05057471264368
1990-04-18,34.98505747126437
1990-04-19,34.91954022988506
1990-04-20,34.85402298850575
1990-04-21,34.788505747126436
1990-04-22,34.722988505747125
1990-04-23,34.657471264367814
1990-04-24,34.5919540229885
1990-04-25,34.52643678160919
1990-04-26,34.46091954022988
1990-04-27,34.39540229885058
1990-04-28,34.329885057471266
1990-04-29,34.264367816091955
1990-04-30,34.198850574712644
1990-05-01,34.13333333333333
1990-05-02,34.04952380952381
1990-05-03,33.965714285714284
1990-05-04,33.881904761904764
1990-05-05,33.798095238095236
1990-05-06,33.714285714285715
1990-05-07,33.63047619047619
1990-05-08,33.54666666666667
1990-05-09,33.46285714285714
1990-05-10,33.37904761904762
1990-05-11,33.2952380952381
1990-05-12,33.21142857142857
1990-05-13,33.12761904761905
1990-05-14,33.04380952380952
1990-05-15,32.96
1990-05-16,32.87619047619047
1990-05-17,32.79238095238095
1990-05-18,32.708571428571425
1990-05-19,32.624761904761904
1990-05-20,32.54095238095238
1990-05-21,32.457142857142856
1990-05-22,32.373333333333335
1990-05-23,32.28952380952381
1990-05-24,32.205714285714286
1990-05-25,32.12190476190476
1990-05-26,32.03809523809524
1990-05-27,31.954285714285714
1990-05-28,31.87047619047619
1990-05-29,31.786666666666665
1990-05-30,31.70285714285714
1990-05-31,31.61904761904762
1990-06-01,31.535238095238096
1990-06-02,31.451428571428572
1990-06-03,31.367619047619048
1990-06-04,31.283809523809524
1990-06-05,31.2
1990-06-06,30.983333333333334
1990-06-07,30.766666666666666
1990-06-08,30.55
1990-06-09,30.333333333333336
1990-06-10,30.116666666666667
1990-06-11,29.900000000000002
1990-06-12,29.683333333333334
1990-06-13,29.46666666666667
1990-06-14,28.75
1990-06-15,28.033333333333335
1990-06-16,27.31666666666667
1990-06-17,26.6
1990-06-18,25.883333333333333
1990-06-19,25.166666666666668
1990-06-20,25.142857142857142
1990-06-21,25.11904761904762
1990-06-22,25.095238095238095
1990-06-23,25.071428571428573
1990-06-24,25.047619047619047
1990-06-25,25.023809523809526
1990-06-26,25.0
1990-06-27,24.895238095238096
1990-06-28,24.79047619047619
1990-06-29,24.685714285714287
1990-06-30,24.58095238095238
1990-07-01,24.476190476190474
1990-07-02,24.37142857142857
1990-07-03,24.266666666666666
1990-07-04,25.333333333333332
1990-07-05,26.4
1990-07-06,27.46666666666667
1990-07-07,28.533333333333335
1990-07-08,29.6
1990-07-09,30.666666666666668
1990-07-10,29.36
1990-07-11,28.053333333333335
1990-07-12,26.746666666666666
1990-07-13,25.44
1990-07-14,24.133333333333333
1990-07-15,22.826666666666668
1990-07-16,21.52
1990-07-17,20.21333333333333
1990-07-18,18.906666666666666
1990-07-19,17.599999999999998
1990-07-20,16.09333333333333
1990-07-21,14.586666666666666
1990-07-22,13.079999999999998
1990-07-23,11.573333333333332
1990-07-24,10.066666666666666
1990-07-25,9.980952380952381
1990-07-26,9.895238095238096
1990-07-27,9.80952380952381
1990-07-28,9.723809523809523
1990-07-29,9.638095238095238
1990-07-30,9.552380952380952
1990-07-31,9.466666666666667
1990-08-01,9.023809523809524
1990-08-02,8.58095238095238
1990-08-03,8.13809523809524
1990-08-04,7.695238095238095
1990-08-05,7.252380952380953
1990-08-06,6.80952380952381
1990-08-07,6.366666666666667
1990-08-08,6.476190476190476
1990-08-09,6.585714285714286
1990-08-10,6.695238095238095
1990-08-11,6.804761904761905
1990-08-12,6.914285714285715
1990-08-13,7.023809523809524
1990-08-14,7.133333333333333
1990-08-15,7.242857142857143
1990-08-16,7.352380952380952
1990-08-17,7.461904761904762
1990-08-18,7.571428571428571
1990-08-19,7.68095238095238
1990-08-20,7.7904761904761894
1990-08-21,7.8999999999999995
1990-08-22,8.6
1990-08-23,9.299999999999999
1990-08-24,10.0
1990-08-25,10.7
1990-08-26,11.399999999999999
1990-08-27,12.099999999999998
1990-08-28,12.799999999999999
1990-08-29,12.485714285714284
1990-08-30,12.17142857142857
1990-08-31,11.857142857142856
1990-09-01,11.542857142857143
1990-09-02,11.228571428571428
1990-09-03,10.914285714285715
1990-09-04,10.6
1990-09-05,11.17142857142857
1990-09-06,11.742857142857142
1990-09-07,12.314285714285713
1990-09-08,12.885714285714286
1990-09-09,13.457142857142857
1990-09-10,14.028571428571428
1990-09-11,14.6
1990-09-12,14.747619047619047
1990-09-13,14.895238095238096
1990-09-14,15.042857142857143
1990-09-15,15.19047619047619
1990-09-16,15.338095238095239
1990-09-17,15.485714285714286
1990-09-18,15.633333333333333
1990-09-19,15.780952380952382
1990-09-20,15.928571428571429
1990-09-21,16.076190476190476
1990-09-22,16.223809523809525
1990-09-23,16.371428571428574
1990-09-24,16.51904761904762
1990-09-25,16.666666666666668
1990-09-26,16.837777777777777
1990-09-27,17.00888888888889
1990-09-28,17.18
1990-09-29,17.351111111111113
1990-09-30,17.522222222222222
1990-10-01,17.693333333333335
1990-10-02,17.864444444444445
1990-10-03,18.035555555555558
1990-10-04,18.206666666666667
1990-10-05,18.37777777777778
1990-10-06,18.54888888888889
1990-10-07,18.720000000000002
1990-10-08,18.891111111111112
1990-10-09,19.062222222222225
1990-10-10,19.233333333333334
1990-10-11,19.03076923076923
1990-10-12,18.82820512820513
1990-10-13,18.625641025641027
1990-10-14,18.423076923076923
1990-10-15,18.220512820512823
1990-10-16,18.01794871794872
1990-10-17,17.815384615384616
1990-10-18,17.612820512820512
1990-10-19,17.410256410256412
1990-10-20,17.20769230769231
1990-10-21,17.005128205128205
1990-10-22,16.802564102564105
1990-10-23,16.6
1990-10-24,17.00714285714286
1990-10-25,17.414285714285715
1990-10-26,17.821428571428573
1990-10-27,18.22857142857143
1990-10-28,18.635714285714286
1990-10-29,19.042857142857144
1990-10-30,19.450000000000003
1990-10-31,19.857142857142858
1990-11-01,20.264285714285716
1990-11-02,20.67142857142857
1990-11-03,21.07857142857143
1990-11-04,21.485714285714288
1990-11-05,21.892857142857146
1990-11-06,22.3
1990-11-07,22.73095238095238
1990-11-08,23.16190476190476
1990-11-09,23.59285714285714
1990-11-10,24.023809523809526
1990-11-11,24.454761904761906
1990-11-12,24.885714285714286
1990-11-13,25.316666666666666
1990-11-14,25.747619047619047
1990-11-15,26.178571428571427
1990-11-16,26.609523809523807
1990-11-17,27.04047619047619
1990-11-18,27.47142857142857
1990-11-19,27.902380952380952
1990-11-20,28.333333333333332
1990-11-21,28.498809523809523
1990-11-22,28.664285714285715
1990-11-23,28.829761904761902
1990-11-24,28.995238095238093
1990-11-25,29.160714285714285
1990-11-26,29.326190476190476
1990-11-27,29.491666666666667
1990-11-28,29.657142857142855
1990-11-29,29.822619047619046
1990-11-30,29.988095238095237
1990-12-01,30.15357142857143
1990-12-02,30.319047619047616
1990-12-03,30.484523809523807
1990-12-04,30.65
1990-12-05,30.707692307692305
1990-12-06,30.765384615384615
1990-12-07,30.823076923076922
1990-12-08,30.88076923076923
1990-12-09,30.93846153846154
1990-12-10,30.996153846153845
1990-12-11,31.053846153846152
1990-12-12,31.11153846153846
1990-12-13,31.16923076923077
1990-12-14,31.226923076923075
1990-12-15,31.284615384615382
1990-12-16,31.342307692307692
1990-12-17,31.4
1990-12-18,31.580459770114942
1990-12-19,31.760919540229885
1990-12-20,31.941379310344825
1990-12-21,32.12183908045977
1990-12-22,32.30229885057471
1990-12-23,32.48275862068965
1990-12-24,32.663218390804595
1990-12-25,32.84367816091954
1990-12-26,33.02413793103448
1990-12-27,33.204597701149424
1990-12-28,33.38505747126437
1990-12-29,33.56551724137931
1990-12-30,33.745977011494254
1990-12-31,33.9264367816092
1991-01-01,34.106896551724134
1991-01-02,34.28735632183908
1991-01-03,34.46781609195402
1991-01-04,34.648275862068964
1991-01-05,34.82873563218391
1991-01-06,35.00919540229885
1991-01-07,35.189655172413794
1991-01-08,35.37011494252874
1991-01-09,35.55057471264368
1991-01-10,35.731034482758616
1991-01-11,35.91149425287357
1991-01-12,36.0919540229885
1991-01-13,36.272413793103446
1991-01-14,36.45287356321839
1991-01-15,36.63333333333333
1991-01-16,36.72839506172839
1991-01-17,36.82345679012346
1991-01-18,36.91851851851852
1991-01-19,37.01358024691358
1991-01-20,37.10864197530864
1991-01-21,37.2037037037037
1991-01-22,37.29876543209877
1991-01-23,37.39382716049383
1991-01-24,37.48888888888889
1991-01-25,37.58395061728395
1991-01-26,37.67901234567901
1991-01-27,37.77407407407407
1991-01-28,37.86913580246914
1991-01-29,37.9641975308642
1991-01-30,38.059259259259264
1991-01-31,38.15432098765432
1991-02-01,38.24938271604938
1991-02-02,38.34444444444445
1991-02-03,38.43950617283951
1991-02-04,38.53456790123457
1991-02-05,38.62962962962963
1991-02-06,38.72469135802469
1991-02-07,38.81975308641975
1991-02-08,38.91481481481482
1991-02-09,39.00987654320988
1991-02-10,39.104938271604944
1991-02-11,39.2
1991-02-12,39.19166666666667
1991-02-13,39.18333333333334
1991-02-14,39.175000000000004
1991-02-15,39.16666666666667
1991-02-16,39.15833333333334
1991-02-17,39.150000000000006
1991-02-18,39.14166666666667
1991-02-19,39.13333333333333
1991-02-20,39.125
1991-02-21,39.11666666666667
1991-02-22,39.108333333333334
1991-02-23,39.1
1991-02-24,39.09166666666667
1991-02-25,39.083333333333336
1991-02-26,39.075
1991-02-27,39.06666666666667
1991-02-28,39.05833333333334
1991-03-01,39.050000000000004
1991-03-02,39.04166666666667
1991-03-03,39.03333333333334
1991-03-04,39.025000000000006
1991-03-05,39.01666666666667
1991-03-06,39.00833333333333
1991-03-07,39.0
1991-03-08,38.99166666666667
1991-03-09,38.983333333333334
1991-03-10,38.975
1991-03-11,38.96666666666667
1991-03-12,38.958333333333336
1991-03-13,38.95
1991-03-14,38.91463414634146
1991-03-15,38.87926829268293
1991-03-16,38.84390243902439
1991-03-17,38.80853658536586
1991-03-18,38.77317073170732
1991-03-19,38.737804878048784
1991-03-20,38.702439024390245
1991-03-21,38.66707317073171
1991-03-22,38.63170731707317
1991-03-23,38.59634146341464
1991-03-24,38.5609756097561
1991-03-25,38.525609756097566
1991-03-26,38.490243902439026
1991-03-27,38.454878048780486
1991-03-28,38.41951219512195
1991-03-29,38.38414634146341
1991-03-30,38.34878048780488
1991-03-31,38.31341463414634
1991-04-01,38.27804878048781
1991-04-02,38.24268292682927
1991-04-03,38.207317073170735
1991-04-04,38.171951219512195
1991-04-05,38.13658536585366
1991-04-06,38.10121951219512
1991-04-07,38.06585365853659
1991-04-08,38.03048780487805
1991-04-09,37.99512195121952
1991-04-10,37.95975609756098
1991-04-11,37.92439024390244
1991-04-12,37.889024390243904
1991-04-13,37.853658536585364
1991-04-14,37.81829268292683
1991-04-15,37.78292682926829
1991-04-16,37.74756097560976
1991-04-17,37.71219512195122
1991-04-18,37.676829268292686
1991-04-19,37.641463414634146
1991-04-20,37.60609756097561
1991-04-21,37.57073170731707
1991-04-22,37.53536585365854
1991-04-23,37.5
1991-04-24,37.49285714285714
1991-04-25,37.48571428571429
1991-04-26,37.47857142857143
1991-04-27,37.47142857142857
1991-04-28,37.464285714285715
1991-04-29,37.457142857142856
1991-04-30,37.449999999999996
1991-05-01,37.44285714285714
1991-05-02,37.43571428571428
1991-05-03,37.42857142857142
1991-05-04,37.42142857142857
1991-05-05,37.41428571428571
1991-05-06,37.40714285714285
1991-05-07,37.4
1991-05-08,37.39285714285714
1991-05-09,37.38571428571428
1991-05-10,37.378571428571426
1991-05-11,37.37142857142857
1991-05-12,37.36428571428571
1991-05-13,37.357142857142854
1991-05-14,37.349999999999994
1991-05-15,37.11428571428571
1991-05-16,36.878571428571426
1991-05-17,36.64285714285714
1991-05-18,36.40714285714285
1991-05-19,36.171428571428564
1991-05-20,35.93571428571428
1991-05-21,35.699999999999996
1991-05-22,35.46428571428571
1991-05-23,35.22857142857143
1991-05-24,34.99285714285714
1991-05-25,34.75714285714285
1991-05-26,34.521428571428565
1991-05-27,34.285714285714285
1991-05-28,34.05
1991-05-29,33.81428571428571
1991-05-30,33.57857142857143
1991-05-31,33.34285714285714
1991-06-01,33.107142857142854
1991-06-02,32.87142857142857
1991-06-03,32.635714285714286
1991-06-04,32.4
1991-06-05,32.16428571428571
1991-06-06,31.928571428571427
1991-06-07,31.692857142857143
1991-06-08,31.457142857142856
1991-06-09,31.22142857142857
1991-06-10,30.985714285714284
1991-06-11,30.75
1991-06-12,29.788888888888888
1991-06-13,28.82777777777778
1991-06-14,27.866666666666667
1991-06-15,26.905555555555555
1991-06-16,25.944444444444443
1991-06-17,24.983333333333334
1991-06-18,24.022222222222222
1991-06-19,23.06111111111111
1991-06-20,22.1
1991-06-21,21.13888888888889
1991-06-22,20.177777777777777
1991-06-23,19.21666666666667
1991-06-24,18.255555555555556
1991-06-25,17.294444444444444
1991-06-26,16.333333333333336
1991-06-27,15.372222222222224
1991-06-28,14.411111111111111
1991-06-29,13.45
1991-06-30,12.48888888888889
1991-07-01,11.527777777777779
1991-07-02,10.566666666666666
1991-07-03,9.995238095238095
1991-07-04,9.423809523809524
1991-07-05,8.852380952380953
1991-07-06,8.280952380952382
1991-07-07,7.709523809523809
1991-07-08,7.138095238095238
1991-07-09,6.566666666666666
1991-07-10,7.257142857142857
1991-07-11,7.947619047619048
1991-07-12,8.638095238095238
1991-07-13,9.32857142857143
1991-07-14,10.019047619047619
1991-07-15,10.709523809523809
1991-07-16,11.4
1991-07-17,10.823809523809524
1991-07-18,10.247619047619049
1991-07-19,9.671428571428573
1991-07-20,9.095238095238095
1991-07-21,8.519047619047619
1991-07-22,7.942857142857143
1991-07-23,7.366666666666667
1991-07-24,7.166666666666667
1991-07-25,6.966666666666667
1991-07-26,6.766666666666667
1991-07-27,6.566666666666666
1991-07-28,6.366666666666666
1991-07-29,6.166666666666666
1991-07-30,5.966666666666666
1991-07-31,5.766666666666666
1991-08-01,5.385714285714285
1991-08-02,5.004761904761904
1991-08-03,4.623809523809523
1991-08-04,4.242857142857142
1991-08-05,3.8619047619047615
1991-08-06,3.4809523809523806
1991-08-07,3.0999999999999996
1991-08-08,2.9666666666666663
1991-08-09,2.833333333333333
1991-08-10,2.7
1991-08-11,2.566666666666667
1991-08-12,2.4333333333333336
1991-08-13,2.3000000000000003
1991-08-14,3.2714285714285714
1991-08-15,4.242857142857143
1991-08-16,5.2142857142857135
1991-08-17,6.185714285714285
1991-08-18,7.157142857142857
1991-08-19,8.128571428571428
1991-08-20,9.1
1991-08-21,9.36190476190476
1991-08-22,9.623809523809523
1991-08-23,9.885714285714284
1991-08-24,10.147619047619047
1991-08-25,10.409523809523808
1991-08-26,10.67142857142857
1991-08-27,10.933333333333332
1991-08-28,10.685714285714285
1991-08-29,10.438095238095237
1991-08-30,10.19047619047619
1991-08-31,9.942857142857143
1991-09-01,9.695238095238096
1991-09-02,9.447619047619048
1991-09-03,9.200000000000001
1991-09-04,9.076190476190478
1991-09-05,8.952380952380953
1991-09-06,8.82857142857143
1991-09-07,8.704761904761906
1991-09-08,8.580952380952382
1991-09-09,8.457142857142857
1991-09-10,8.333333333333334
1991-09-11,7.942857142857143
1991-09-12,7.552380952380953
1991-09-13,7.161904761904762
1991-09-14,6.771428571428572
1991-09-15,6.380952380952381
1991-09-16,5.9904761904761905
1991-09-17,5.6000000000000005
1991-09-18,5.4
1991-09-19,5.2
1991-09-20,5.0
1991-09-21,4.800000000000001
1991-09-22,4.6000000000000005
1991-09-23,4.4
1991-09-24,4.2
1991-09-25,4.914285714285715
1991-09-26,5.628571428571429
1991-09-27,6.342857142857143
1991-09-28,7.057142857142858
1991-09-29,7.771428571428572
1991-09-30,8.485714285714288
1991-10-01,9.200000000000001
1991-10-02,9.64047619047619
1991-10-03,10.080952380952382
1991-10-04,10.521428571428572
1991-10-05,10.961904761904762
1991-10-06,11.402380952380954
1991-10-07,11.842857142857143
1991-10-08,12.283333333333335
1991-10-09,12.723809523809525
1991-10-10,13.164285714285715
1991-10-11,13.604761904761904
1991-10-12,14.045238095238096
1991-10-13,14.485714285714288
1991-10-14,14.926190476190477
1991-10-15,15.366666666666667
1991-10-16,15.60952380952381
1991-10-17,15.852380952380953
1991-10-18,16.095238095238095
1991-10-19,16.33809523809524
1991-10-20,16.580952380952382
1991-10-21,16.823809523809523
1991-10-22,17.066666666666666
1991-10-23,17.30952380952381
1991-10-24,17.55238095238095
1991-10-25,17.795238095238094
1991-10-26,18.038095238095238
1991-10-27,18.280952380952378
1991-10-28,18.523809523809522
1991-10-29,18.766666666666666
1991-10-30,19.0
1991-10-31,19.23333333333333
1991-11-01,19.466666666666665
1991-11-02,19.7
1991-11-03,19.933333333333334
1991-11-04,20.166666666666664
1991-11-05,20.4
1991-11-06,20.633333333333333
1991-11-07,20.866666666666664
1991-11-08,21.099999999999998
1991-11-09,21.333333333333332
1991-11-10,21.566666666666663
1991-11-11,21.799999999999997
1991-11-12,22.03333333333333
1991-11-13,22.26904761904762
1991-11-14,22.504761904761903
1991-11-15,22.740476190476187
1991-11-16,22.976190476190474
1991-11-17,23.211904761904762
1991-11-18,23.447619047619046
1991-11-19,23.68333333333333
1991-11-20,23.919047619047618
1991-11-21,24.154761904761905
1991-11-22,24.39047619047619
1991-11-23,24.626190476190473
1991-11-24,24.86190476190476
1991-11-25,25.097619047619048
1991-11-26,25.333333333333332
1991-11-27,25.54047619047619
1991-11-28,25.747619047619047
1991-11-29,25.954761904761902
1991-11-30,26.16190476190476
1991-12-01,26.36904761904762
1991-12-02,26.576190476190476
1991-12-03,26.78333333333333
1991-12-04,26.99047619047619
1991-12-05,27.19761904761905
1991-12-06,27.404761904761905
1991-12-07,27.61190476190476
1991-12-08,27.81904761904762
1991-12-09,28.02619047619048
1991-12-10,28.233333333333334
1991-12-11,28.985714285714288
1991-12-12,29.738095238095237
1991-12-13,30.49047619047619
1991-12-14,31.242857142857144
1991-12-15,31.995238095238097
1991-12-16,32.74761904761905
1991-12-17,33.5
1991-12-18,33.388888888888886
1991-12-19,33.27777777777778
1991-12-20,33.16666666666667
1991-12-21,33.05555555555556
1991-12-22,32.94444444444444
1991-12-23,32.833333333333336
1991-12-24,32.92068965517242
1991-12-25,33.0080459770115
1991-12-26,33.09540229885058
1991-12-27,33.182758620689654
1991-12-28,33.270114942528735
1991-12-29,33.35747126436782
1991-12-30,33.4448275862069
1991-12-31,33.53218390804598
1992-01-01,33.61954022988506
1992-01-02,33.70689655172414
1992-01-03,33.79425287356322
1992-01-04,33.8816091954023
1992-01-05,33.96896551724138
1992-01-06,34.05632183908046
1992-01-07,34.14367816091954
1992-01-08,34.23103448275862
1992-01-09,34.318390804597705
1992-01-10,34.40574712643678
1992-01-11,34.49310344827586
1992-01-12,34.58045977011494
1992-01-13,34.66781609195402
1992-01-14,34.755172413793105
1992-01-15,34.842528735632186
1992-01-16,34.92988505747127
1992-01-17,35.01724137931035
1992-01-18,35.10459770114942
1992-01-19,35.191954022988504
1992-01-20,35.279310344827586
1992-01-21,35.36666666666667
1992-01-22,35.23015873015873
1992-01-23,35.093650793650795
1992-01-24,34.957142857142856
1992-01-25,34.82063492063492
1992-01-26,34.68412698412698
1992-01-27,34.54761904761905
1992-01-28,34.41111111111111
1992-01-29,34.27460317460317
1992-01-30,34.13809523809524
1992-01-31,34.0015873015873
1992-02-01,33.86507936507937
1992-02-02,33.72857142857143
1992-02-03,33.592063492063495
1992-02-04,33.455555555555556
1992-02-05,33.319047619047616
1992-02-06,33.182539682539684
1992-02-07,33.046031746031744
1992-02-08,32.90952380952381
1992-02-09,32.77301587301587
1992-02-10,32.63650793650794
1992-02-11,32.5
1992-02-12,32.60079365079365
1992-02-13,32.7015873015873
1992-02-14,32.80238095238095
1992-02-15,32.903174603174605
1992-02-16,33.00396825396825
1992-02-17,33.1047619047619
1992-02-18,33.205555555555556
1992-02-19,33.3063492063492
1992-02-20,33.40714285714286
1992-02-21,33.507936507936506
1992-02-22,33.608730158730154
1992-02-23,33.70952380952381
1992-02-24,33.81031746031746
1992-02-25,33.91111111111111
1992-02-26,34.01190476190476
1992-02-27,34.11269841269841
1992-02-28,34.21349206349206
1992-02-29,34.31428571428571
1992-03-01,34.415079365079364
1992-03-02,34.51587301587301
1992-03-03,34.61666666666666
1992-03-04,34.717460317460315
1992-03-05,34.81825396825396
1992-03-06,34.91904761904762
1992-03-07,35.019841269841265
1992-03-08,35.12063492063491
1992-03-09,35.22142857142857
1992-03-10,35.322222222222216
1992-03-11,35.42301587301587
1992-03-12,35.52380952380952
1992-03-13,35.62460317460317
1992-03-14,35.72539682539682
1992-03-15,35.82619047619047
1992-03-16,35.926984126984124
1992-03-17,36.02777777777777
1992-03-18,36.128571428571426
1992-03-19,36.229365079365074
1992-03-20,36.33015873015872
1992-03-21,36.43095238095238
1992-03-22,36.531746031746025
1992-03-23,36.63253968253968
1992-03-24,36.73333333333333
1992-03-25,36.722222222222214
1992-03-26,36.71111111111111
1992-03-27,36.699999999999996
1992-03-28,36.68888888888888
1992-03-29,36.67777777777777
1992-03-30,36.666666666666664
1992-03-31,36.65555555555555
1992-04-01,36.64444444444444
1992-04-02,36.633333333333326
1992-04-03,36.62222222222222
1992-04-04,36.61111111111111
1992-04-05,36.599999999999994
1992-04-06,36.58888888888889
1992-04-07,36.577777777777776
1992-04-08,36.56666666666666
1992-04-09,36.55555555555555
1992-04-10,36.544444444444444
1992-04-11,36.53333333333333
1992-04-12,36.52222222222222
1992-04-13,36.51111111111111
1992-04-14,36.5
1992-04-15,36.48888888888889
1992-04-16,36.477777777777774
1992-04-17,36.46666666666667
1992-04-18,36.455555555555556
1992-04-19,36.44444444444444
1992-04-20,36.43333333333334
1992-04-21,36.422222222222224
1992-04-22,36.41111111111111
1992-04-23,36.4
1992-04-24,36.38888888888889
1992-04-25,36.37777777777778
1992-04-26,36.36666666666667
1992-04-27,36.355555555555554
1992-04-28,36.34444444444445
1992-04-29,36.333333333333336
1992-04-30,36.29166666666667
1992-05-01,36.25
1992-05-02,36.208333333333336
1992-05-03,36.16666666666667
1992-05-04,36.125
1992-05-05,36.083333333333336
1992-05-06,36.04166666666667
1992-05-07,36.0
1992-05-08,35.958333333333336
1992-05-09,35.91666666666667
1992-05-10,35.875
1992-05-11,35.833333333333336
1992-05-12,35.791666666666664
1992-05-13,35.75
1992-05-14,35.708333333333336
1992-05-15,35.666666666666664
1992-05-16,35.625
1992-05-17,35.583333333333336
1992-05-18,35.541666666666664
1992-05-19,35.5
1992-05-20,35.063809523809525
1992-05-21,34.62761904761905
1992-05-22,34.191428571428574
1992-05-23,33.7552380952381
1992-05-24,33.319047619047616
1992-05-25,32.88285714285714
1992-05-26,32.446666666666665
1992-05-27,32.01047619047619
1992-05-28,31.574285714285715
1992-05-29,31.13809523809524
1992-05-30,30.701904761904764
1992-05-31,30.265714285714285
1992-06-01,29.82952380952381
1992-06-02,29.393333333333334
1992-06-03,28.957142857142856
1992-06-04,28.52095238095238
1992-06-05,28.084761904761905
1992-06-06,27.64857142857143
1992-06-07,27.212380952380954
1992-06-08,26.77619047619048
1992-06-09,26.34
1992-06-10,25.903809523809525
1992-06-11,25.467619047619046
1992-06-12,25.03142857142857
1992-06-13,24.595238095238095
1992-06-14,24.15904761904762
1992-06-15,23.722857142857144
1992-06-16,23.28666666666667
1992-06-17,22.850476190476193
1992-06-18,22.414285714285715
1992-06-19,21.97809523809524
1992-06-20,21.54190476190476
1992-06-21,21.105714285714285
1992-06-22,20.66952380952381
1992-06-23,20.233333333333334
1992-06-24,19.342857142857145
1992-06-25,18.452380952380953
1992-06-26,17.561904761904763
1992-06-27,16.67142857142857
1992-06-28,15.780952380952382
1992-06-29,14.890476190476189
1992-06-30,14.0
1992-07-01,13.10952380952381
1992-07-02,12.219047619047618
1992-07-03,11.328571428571427
1992-07-04,10.438095238095237
1992-07-05,9.547619047619046
1992-07-06,8.657142857142855
1992-07-07,7.766666666666667
1992-07-08,7.757142857142857
1992-07-09,7.747619047619048
1992-07-10,7.738095238095238
1992-07-11,7.728571428571429
1992-07-12,7.719047619047619
1992-07-13,7.70952380952381
1992-07-14,7.7
1992-07-15,7.438095238095238
1992-07-16,7.1761904761904765
1992-07-17,6.914285714285715
1992-07-18,6.652380952380952
1992-07-19,6.39047619047619
1992-07-20,6.128571428571428
1992-07-21,5.866666666666666
1992-07-22,6.175
1992-07-23,6.483333333333333
1992-07-24,6.791666666666667
1992-07-25,7.1
1992-07-26,7.408333333333333
1992-07-27,7.716666666666667
1992-07-28,8.025
1992-07-29,8.333333333333334
1992-07-30,8.472222222222223
1992-07-31,8.61111111111111
1992-08-01,8.75
1992-08-02,8.88888888888889
1992-08-03,9.027777777777777
1992-08-04,9.166666666666666
1992-08-05,8.754761904761905
1992-08-06,8.342857142857142
1992-08-07,7.93095238095238
1992-08-08,7.519047619047619
1992-08-09,7.107142857142857
1992-08-10,6.6952380952380945
1992-08-11,6.283333333333333
1992-08-12,5.871428571428571
1992-08-13,5.459523809523809
1992-08-14,5.0476190476190474
1992-08-15,4.635714285714285
1992-08-16,4.223809523809524
1992-08-17,3.8119047619047617
1992-08-18,3.4
1992-08-19,4.4
1992-08-20,5.4
1992-08-21,6.4
1992-08-22,7.4
1992-08-23,8.4
1992-08-24,9.4
1992-08-25,10.4
1992-08-26,9.495833333333334
1992-08-27,8.591666666666667
1992-08-28,7.6875
1992-08-29,6.783333333333333
1992-08-30,5.879166666666666
1992-08-31,4.975
1992-09-01,4.070833333333334
1992-09-02,3.1666666666666665
1992-09-03,3.0538461538461537
1992-09-04,2.941025641025641
1992-09-05,2.828205128205128
1992-09-06,2.7153846153846155
1992-09-07,2.602564102564102
1992-09-08,2.48974358974359
1992-09-09,2.376923076923077
1992-09-10,2.264102564102564
1992-09-11,2.151282051282051
1992-09-12,2.0384615384615383
1992-09-13,1.9256410256410257
1992-09-14,1.8128205128205128
1992-09-15,1.7
1992-09-16,1.9055555555555554
1992-09-17,2.111111111111111
1992-09-18,2.316666666666667
1992-09-19,2.522222222222222
1992-09-20,2.727777777777778
1992-09-21,2.9333333333333336
1992-09-22,3.7583333333333337
1992-09-23,4.583333333333334
1992-09-24,5.408333333333333
1992-09-25,6.233333333333333
1992-09-26,7.058333333333334
1992-09-27,7.883333333333334
1992-09-28,8.708333333333332
1992-09-29,9.533333333333333
1992-09-30,9.719047619047618
1992-10-01,9.904761904761905
1992-10-02,10.09047619047619
1992-10-03,10.276190476190475
1992-10-04,10.461904761904762
1992-10-05,10.647619047619047
1992-10-06,10.833333333333332
1992-10-07,11.019047619047619
1992-10-08,11.204761904761904
1992-10-09,11.39047619047619
1992-10-10,11.576190476190476
1992-10-11,11.761904761904761
1992-10-12,11.947619047619048
1992-10-13,12.133333333333333
1992-10-14,12.49047619047619
1992-10-15,12.847619047619046
1992-10-16,13.204761904761904
1992-10-17,13.561904761904762
1992-10-18,13.91904761904762
1992-10-19,14.276190476190475
1992-10-20,14.633333333333333
1992-10-21,14.99047619047619
1992-10-22,15.347619047619048
1992-10-23,15.704761904761904
1992-10-24,16.061904761904763
1992-10-25,16.419047619047618
1992-10-26,16.776190476190475
1992-10-27,17.133333333333333
1992-10-28,18.01904761904762
1992-10-29,18.904761904761905
1992-10-30,19.79047619047619
1992-10-31,20.676190476190474
1992-11-01,21.56190476190476
1992-11-02,22.447619047619046
1992-11-03,23.333333333333332
1992-11-04,23.30952380952381
1992-11-05,23.285714285714285
1992-11-06,23.261904761904763
1992-11-07,23.238095238095237
1992-11-08,23.214285714285715
1992-11-09,23.19047619047619
1992-11-10,23.166666666666668
1992-11-11,23.03571428571429
1992-11-12,22.904761904761905
1992-11-13,22.773809523809526
1992-11-14,22.642857142857142
1992-11-15,22.511904761904763
1992-11-16,22.38095238095238
1992-11-17,22.25
1992-11-18,22.11904761904762
1992-11-19,21.988095238095237
1992-11-20,21.857142857142858
1992-11-21,21.726190476190474
1992-11-22,21.595238095238095
1992-11-23,21.46428571428571
1992-11-24,21.333333333333332
1992-11-25,22.28095238095238
1992-11-26,23.228571428571428
1992-11-27,24.176190476190477
1992-11-28,25.123809523809523
1992-11-29,26.071428571428573
1992-11-30,27.01904761904762
1992-12-01,27.96666666666667
1992-12-02,28.552380952380954
1992-12-03,29.13809523809524
1992-12-04,29.723809523809525
1992-12-05,30.309523809523807
1992-12-06,30.895238095238092
1992-12-07,31.480952380952377
1992-12-08,32.06666666666666
1992-12-09,31.871428571428567
1992-12-10,31.676190476190474
1992-12-11,31.480952380952377
1992-12-12,31.28571428571428
1992-12-13,31.09047619047619
1992-12-14,30.895238095238092
1992-12-15,30.699999999999996
1992-12-16,30.504761904761903
1992-12-17,30.309523809523807
1992-12-18,30.114285714285714
1992-12-19,29.919047619047618
1992-12-20,29.72380952380952
1992-12-21,29.52857142857143
1992-12-22,29.333333333333332
1992-12-23,29.560714285714283
1992-12-24,29.788095238095238
1992-12-25,30.01547619047619
1992-12-26,30.24285714285714
1992-12-27,30.470238095238095
1992-12-28,30.697619047619046
1992-12-29,30.924999999999997
1992-12-30,31.152380952380952
1992-12-31,31.379761904761903
1993-01-01,31.607142857142854
1993-01-02,31.83452380952381
1993-01-03,32.061904761904756
1993-01-04,32.28928571428571
1993-01-05,32.516666666666666
1993-01-06,32.74404761904761
1993-01-07,32.97142857142857
1993-01-08,33.19880952380952
1993-01-09,33.42619047619047
1993-01-10,33.653571428571425
1993-01-11,33.88095238095238
1993-01-12,34.10833333333333
1993-01-13,34.33571428571428
1993-01-14,34.56309523809524
1993-01-15,34.790476190476184
1993-01-16,35.01785714285714
1993-01-17,35.24523809523809
1993-01-18,35.47261904761904
1993-01-19,35.699999999999996
1993-01-20,35.791666666666664
1993-01-21,35.883333333333326
1993-01-22,35.974999999999994
1993-01-23,36.06666666666666
1993-01-24,36.15833333333333
1993-01-25,36.25
1993-01-26,36.34166666666666
1993-01-27,36.43333333333333
1993-01-28,36.525
1993-01-29,36.61666666666666
1993-01-30,36.70833333333333
1993-01-31,36.8
1993-02-01,36.891666666666666
1993-02-02,36.983333333333334
1993-02-03,37.074999999999996
1993-02-04,37.166666666666664
1993-02-05,37.25833333333333
1993-02-06,37.349999999999994
1993-02-07,37.44166666666666
1993-02-08,37.53333333333333
1993-02-09,37.625
1993-02-10,37.71666666666667
1993-02-11,37.80833333333333
1993-02-12,37.9
1993-02-13,37.99166666666667
1993-02-14,38.08333333333333
1993-02-15,38.175
1993-02-16,38.266666666666666
1993-02-17,38.30714285714286
1993-02-18,38.34761904761905
1993-02-19,38.38809523809524
1993-02-20,38.42857142857143
1993-02-21,38.469047619047615
1993-02-22,38.509523809523806
1993-02-23,38.55
1993-02-24,38.59047619047619
1993-02-25,38.63095238095238
1993-02-26,38.67142857142857
1993-02-27,38.71190476190476
1993-02-28,38.75238095238095
1993-03-01,38.792857142857144
1993-03-02,38.83333333333333
1993-03-03,38.87380952380952
1993-03-04,38.91428571428571
1993-03-05,38.9547619047619
1993-03-06,38.99523809523809
1993-03-07,39.035714285714285
1993-03-08,39.076190476190476
1993-03-09,39.11666666666667
1993-03-10,39.15714285714286
1993-03-11,39.19761904761905
1993-03-12,39.238095238095234
1993-03-13,39.278571428571425
1993-03-14,39.319047619047616
1993-03-15,39.35952380952381
1993-03-16,39.4
1993-03-17,39.275555555555556
1993-03-18,39.151111111111106
1993-03-19,39.026666666666664
1993-03-20,38.90222222222222
1993-03-21,38.77777777777778
1993-03-22,38.65333333333333
1993-03-23,38.528888888888886
1993-03-24,38.404444444444444
1993-03-25,38.28
1993-03-26,38.15555555555555
1993-03-27,38.03111111111111
1993-03-28,37.906666666666666
1993-03-29,37.782222222222224
1993-03-30,37.657777777777774
1993-03-31,37.53333333333333
1993-04-01,37.40888888888889
1993-04-02,37.28444444444444
1993-04-03,37.16
1993-04-04,37.035555555555554
1993-04-05,36.91111111111111
1993-04-06,36.78666666666666
1993-04-07,36.66222222222222
1993-04-08,36.53777777777778
1993-04-09,36.413333333333334
1993-04-10,36.288888888888884
1993-04-11,36.16444444444444
1993-04-12,36.04
1993-04-13,35.91555555555556
1993-04-14,35.79111111111111
1993-04-15,35.666666666666664
1993-04-16,35.61416666666666
1993-04-17,35.56166666666667
1993-04-18,35.509166666666665
1993-04-19,35.45666666666666
1993-04-20,35.40416666666667
1993-04-21,35.35166666666667
1993-04-22,35.299166666666665
1993-04-23,35.24666666666666
1993-04-24,35.19416666666667
1993-04-25,35.141666666666666
1993-04-26,35.089166666666664
1993-04-27,35.03666666666667
1993-04-28,34.98416666666667
1993-04-29,34.931666666666665
1993-04-30,34.87916666666667
1993-05-01,34.82666666666667
1993-05-02,34.774166666666666
1993-05-03,34.721666666666664
1993-05-04,34.66916666666667
1993-05-05,34.61666666666667
1993-05-06,34.564166666666665
1993-05-07,34.51166666666667
1993-05-08,34.45916666666667
1993-05-09,34.406666666666666
1993-05-10,34.35416666666667
1993-05-11,34.30166666666667
1993-05-12,34.24916666666667
1993-05-13,34.196666666666665
1993-05-14,34.14416666666667
1993-05-15,34.09166666666667
1993-05-16,34.03916666666667
1993-05-17,33.98666666666667
1993-05-18,33.93416666666667
1993-05-19,33.88166666666667
1993-05-20,33.82916666666667
1993-05-21,33.77666666666667
1993-05-22,33.72416666666667
1993-05-23,33.67166666666667
1993-05-24,33.61916666666667
1993-05-25,33.56666666666667
1993-05-26,33.38086419753087
1993-05-27,33.19506172839507
1993-05-28,33.00925925925926
1993-05-29,32.82345679012346
1993-05-30,32.63765432098766
1993-05-31,32.451851851851856
1993-06-01,32.266049382716055
1993-06-02,32.08024691358025
1993-06-03,31.894444444444446
1993-06-04,31.708641975308645
1993-06-05,31.522839506172843
1993-06-06,31.33703703703704
1993-06-07,31.151234567901238
1993-06-08,30.965432098765433
1993-06-09,30.779629629629632
1993-06-10,30.59382716049383
1993-06-11,30.408024691358026
1993-06-12,30.222222222222225
1993-06-13,30.03641975308642
1993-06-14,29.85061728395062
1993-06-15,29.664814814814818
1993-06-16,29.479012345679013
1993-06-17,29.293209876543212
1993-06-18,29.107407407407408
1993-06-19,28.921604938271606
1993-06-20,28.735802469135805
1993-06-21,28.55
1993-06-22,28.135555555555555
1993-06-23,27.72111111111111
1993-06-24,27.30666666666667
1993-06-25,26.892222222222223
1993-06-26,26.477777777777778
1993-06-27,26.063333333333333
1993-06-28,25.648888888888887
1993-06-29,25.234444444444446
1993-06-30,24.82
1993-07-01,24.405555555555555
1993-07-02,23.99111111111111
1993-07-03,23.576666666666668
1993-07-04,23.162222222222223
1993-07-05,22.747777777777777
1993-07-06,22.333333333333332
1993-07-07,22.314285714285713
1993-07-08,22.295238095238094
1993-07-09,22.276190476190475
1993-07-10,22.257142857142856
1993-07-11,22.238095238095237
1993-07-12,22.21904761904762
1993-07-13,22.2
1993-07-14,22.257142857142856
1993-07-15,22.314285714285713
1993-07-16,22.37142857142857
1993-07-17,22.428571428571427
1993-07-18,22.485714285714284
1993-07-19,22.54285714285714
1993-07-20,22.599999999999998
1993-07-21,23.123809523809523
1993-07-22,23.647619047619045
1993-07-23,24.17142857142857
1993-07-24,24.695238095238093
1993-07-25,25.21904761904762
1993-07-26,25.74285714285714
1993-07-27,26.266666666666666
1993-07-28,24.747619047619047
1993-07-29,23.228571428571428
1993-07-30,21.70952380952381
1993-07-31,20.19047619047619
1993-08-01,18.67142857142857
1993-08-02,17.152380952380952
1993-08-03,15.633333333333335
1993-08-04,15.042857142857144
1993-08-05,14.452380952380953
1993-08-06,13.861904761904762
1993-08-07,13.271428571428572
1993-08-08,12.68095238095238
1993-08-09,12.09047619047619
1993-08-10,11.5
1993-08-11,11.635119047619048
1993-08-12,11.770238095238096
1993-08-13,11.905357142857143
1993-08-14,12.040476190476191
1993-08-15,12.175595238095239
1993-08-16,12.310714285714287
1993-08-17,12.445833333333333
1993-08-18,12.58095238095238
1993-08-19,12.716071428571428
1993-08-20,12.851190476190476
1993-08-21,12.986309523809524
1993-08-22,13.121428571428572
1993-08-23,13.25654761904762
1993-08-24,13.391666666666667
1993-08-25,13.526785714285715
1993-08-26,13.661904761904761
1993-08-27,13.797023809523811
1993-08-28,13.932142857142857
1993-08-29,14.067261904761905
1993-08-30,14.202380952380953
1993-08-31,14.3375
1993-09-01,14.472619047619048
1993-09-02,14.607738095238096
1993-09-03,14.742857142857144
1993-09-04,14.877976190476192
1993-09-05,15.01309523809524
1993-09-06,15.148214285714287
1993-09-07,15.283333333333335
1993-09-08,15.418452380952381
1993-09-09,15.55357142857143
1993-09-10,15.688690476190477
1993-09-11,15.823809523809524
1993-09-12,15.958928571428572
1993-09-13,16.094047619047622
1993-09-14,16.229166666666668
1993-09-15,16.364285714285714
1993-09-16,16.499404761904763
1993-09-17,16.63452380952381
1993-09-18,16.76964285714286
1993-09-19,16.904761904761905
1993-09-20,17.039880952380955
1993-09-21,17.175
1993-09-22,17.31011904761905
1993-09-23,17.445238095238096
1993-09-24,17.580357142857146
1993-09-25,17.715476190476192
1993-09-26,17.850595238095238
1993-09-27,17.985714285714288
1993-09-28,18.120833333333337
1993-09-29,18.255952380952383
1993-09-30,18.39107142857143
1993-10-01,18.52619047619048
1993-10-02,18.661309523809525
1993-10-03,18.796428571428574
1993-10-04,18.93154761904762
1993-10-05,19.06666666666667
1993-10-06,19.201785714285716
1993-10-07,19.336904761904762
1993-10-08,19.47202380952381
1993-10-09,19.60714285714286
1993-10-10,19.742261904761907
1993-10-11,19.877380952380953
1993-10-12,20.012500000000003
1993-10-13,20.14761904761905
1993-10-14,20.282738095238095
1993-10-15,20.417857142857144
1993-10-16,20.552976190476194
1993-10-17,20.68809523809524
1993-10-18,20.823214285714286
1993-10-19,20.958333333333336
1993-10-20,21.093452380952385
1993-10-21,21.22857142857143
1993-10-22,21.363690476190477
1993-10-23,21.498809523809527
1993-10-24,21.633928571428577
1993-10-25,21.76904761904762
1993-10-26,21.90416666666667
1993-10-27,22.039285714285718
1993-10-28,22.174404761904764
1993-10-29,22.30952380952381
1993-10-30,22.44464285714286
1993-10-31,22.57976190476191
1993-11-01,22.714880952380955
1993-11-02,22.85
1993-11-03,22.98511904761905
1993-11-04,23.1202380952381
1993-11-05,23.255357142857143
1993-11-06,23.390476190476193
1993-11-07,23.525595238095242
1993-11-08,23.66071428571429
1993-11-09,
1993-11-10,
1993-11-11,
1993-11-12,
1993-11-13,
1993-11-14,
1993-11-15,
1993-11-16,
1993-11-17,
1993-11-18,
1993-11-19,
1993-11-20,
1993-11-21,
1993-11-22,
1993-11-23,
1993-11-24,
1993-11-25,
1993-11-26,
1993-11-27,
1993-11-28,
1993-11-29,
1993-11-30,26.633333333333336
1993-12-01,26.82444444444445
1993-12-02,27.015555555555558
1993-12-03,27.20666666666667
1993-12-04,27.39777777777778
1993-12-05,27.588888888888892
1993-12-06,27.78
1993-12-07,27.971111111111114
1993-12-08,28.162222222222223
1993-12-09,28.353333333333335
1993-12-10,28.544444444444444
1993-12-11,28.735555555555557
1993-12-12,28.926666666666666
1993-12-13,29.11777777777778
1993-12-14,29.308888888888887
1993-12-15,29.5
1993-12-16,29.847619047619048
1993-12-17,30.195238095238096
1993-12-18,30.542857142857144
1993-12-19,30.89047619047619
1993-12-20,31.238095238095237
1993-12-21,31.585714285714285
1993-12-22,31.933333333333334
1993-12-23,32.28095238095238
1993-12-24,32.628571428571426
1993-12-25,32.976190476190474
1993-12-26,33.32380952380952
1993-12-27,33.67142857142857
1993-12-28,34.01904761904762
1993-12-29,34.36666666666667
1993-12-30,34.44047619047619
1993-12-31,34.51428571428571
1994-01-01,34.588095238095235
1994-01-02,34.661904761904765
1994-01-03,34.73571428571429
1994-01-04,34.80952380952381
1994-01-05,34.88333333333333
1994-01-06,34.957142857142856
1994-01-07,35.03095238095238
1994-01-08,35.1047619047619
1994-01-09,35.17857142857143
1994-01-10,35.25238095238095
1994-01-11,35.326190476190476
1994-01-12,35.4
1994-01-13,35.46222222222222
1994-01-14,35.52444444444444
1994-01-15,35.586666666666666
1994-01-16,35.64888888888889
1994-01-17,35.71111111111111
1994-01-18,35.77333333333333
1994-01-19,35.83555555555556
1994-01-20,35.897777777777776
1994-01-21,35.96
1994-01-22,36.022222222222226
1994-01-23,36.08444444444444
1994-01-24,36.14666666666667
1994-01-25,36.20888888888889
1994-01-26,36.27111111111111
1994-01-27,36.333333333333336
1994-01-28,36.50833333333333
1994-01-29,36.68333333333334
1994-01-30,36.858333333333334
1994-01-31,37.03333333333333
1994-02-01,37.208333333333336
1994-02-02,37.38333333333333
1994-02-03,37.55833333333333
1994-02-04,37.733333333333334
1994-02-05,37.90833333333333
1994-02-06,38.08333333333333
1994-02-07,38.25833333333333
1994-02-08,38.43333333333333
1994-02-09,38.45238095238095
1994-02-10,38.47142857142857
1994-02-11,38.49047619047619
1994-02-12,38.509523809523806
1994-02-13,38.528571428571425
1994-02-14,38.547619047619044
1994-02-15,38.56666666666666
1994-02-16,38.58571428571428
1994-02-17,38.6047619047619
1994-02-18,38.62380952380952
1994-02-19,38.64285714285714
1994-02-20,38.66190476190476
1994-02-21,38.68095238095238
1994-02-22,38.699999999999996
1994-02-23,38.68809523809524
1994-02-24,38.67619047619047
1994-02-25,38.66428571428571
1994-02-26,38.65238095238095
1994-02-27,38.640476190476186
1994-02-28,38.628571428571426
1994-03-01,38.61666666666666
1994-03-02,38.6047619047619
1994-03-03,38.59285714285714
1994-03-04,38.580952380952375
1994-03-05,38.569047619047616
1994-03-06,38.55714285714286
1994-03-07,38.54523809523809
1994-03-08,38.53333333333333
1994-03-09,38.58095238095238
1994-03-10,38.628571428571426
1994-03-11,38.67619047619047
1994-03-12,38.72380952380952
1994-03-13,38.771428571428565
1994-03-14,38.819047619047616
1994-03-15,38.86666666666666
1994-03-16,38.91428571428571
1994-03-17,38.961904761904755
1994-03-18,39.009523809523806
1994-03-19,39.05714285714285
1994-03-20,39.1047619047619
1994-03-21,39.15238095238095
1994-03-22,39.199999999999996
1994-03-23,39.36666666666666
1994-03-24,39.53333333333333
1994-03-25,39.699999999999996
1994-03-26,39.86666666666666
1994-03-27,40.03333333333333
1994-03-28,40.199999999999996
1994-03-29,40.36666666666666
1994-03-30,40.53333333333333
1994-03-31,40.699999999999996
1994-04-01,40.86666666666667
1994-04-02,41.03333333333333
1994-04-03,41.199999999999996
1994-04-04,41.36666666666667
1994-04-05,41.53333333333333
1994-04-06,41.48095238095238
1994-04-07,41.42857142857142
1994-04-08,41.37619047619047
1994-04-09,41.32380952380952
1994-04-10,41.27142857142857
1994-04-11,41.219047619047615
1994-04-12,41.166666666666664
1994-04-13,40.63333333333333
1994-04-14,40.1
1994-04-15,39.56666666666667
1994-04-16,39.03333333333333
1994-04-17,38.5
1994-04-18,37.96666666666667
1994-04-19,37.43333333333334
1994-04-20,37.325
1994-04-21,37.21666666666667
1994-04-22,37.108333333333334
1994-04-23,37.0
1994-04-24,36.89166666666667
1994-04-25,36.78333333333334
1994-04-26,36.675000000000004
1994-04-27,36.56666666666667
1994-04-28,36.52564102564103
1994-04-29,36.48461538461539
1994-04-30,36.44358974358975
1994-05-01,36.40256410256411
1994-05-02,36.361538461538466
1994-05-03,36.320512820512825
1994-05-04,36.27948717948718
1994-05-05,36.238461538461536
1994-05-06,36.197435897435895
1994-05-07,36.156410256410254
1994-05-08,36.11538461538461
1994-05-09,36.07435897435897
1994-05-10,36.03333333333333
1994-05-11,35.90416666666667
1994-05-12,35.775
1994-05-13,35.64583333333333
1994-05-14,35.516666666666666
1994-05-15,35.3875
1994-05-16,35.25833333333333
1994-05-17,35.12916666666666
1994-05-18,35.0
1994-05-19,34.87083333333334
1994-05-20,34.74166666666667
1994-05-21,34.6125
1994-05-22,34.483333333333334
1994-05-23,34.35416666666667
1994-05-24,34.225
1994-05-25,34.09583333333333
1994-05-26,33.96666666666667
1994-05-27,33.90526315789474
1994-05-28,33.84385964912281
1994-05-29,33.78245614035088
1994-05-30,33.72105263157895
1994-05-31,33.65964912280702
1994-06-01,33.59824561403509
1994-06-02,33.53684210526316
1994-06-03,33.47543859649123
1994-06-04,33.4140350877193
1994-06-05,33.352631578947374
1994-06-06,33.29122807017544
1994-06-07,33.22982456140351
1994-06-08,33.16842105263158
1994-06-09,33.107017543859655
1994-06-10,33.04561403508772
1994-06-11,32.98421052631579
1994-06-12,32.92280701754386
1994-06-13,32.861403508771936
1994-06-14,32.800000000000004
1994-06-15,32.16666666666667
1994-06-16,31.53333333333334
1994-06-17,30.900000000000002
1994-06-18,30.26666666666667
1994-06-19,29.633333333333336
1994-06-20,29.000000000000004
1994-06-21,28.366666666666667
1994-06-22,27.733333333333334
1994-06-23,27.1
1994-06-24,26.46666666666667
1994-06-25,25.833333333333336
1994-06-26,25.200000000000003
1994-06-27,24.56666666666667
1994-06-28,23.933333333333334
1994-06-29,23.3
1994-06-30,22.560769230769232
1994-07-01,21.821538461538463
1994-07-02,21.082307692307694
1994-07-03,20.343076923076925
1994-07-04,19.603846153846156
1994-07-05,18.864615384615384
1994-07-06,18.125384615384615
1994-07-07,17.386153846153846
1994-07-08,16.646923076923077
1994-07-09,15.907692307692308
1994-07-10,15.168461538461539
1994-07-11,14.42923076923077
1994-07-12,13.69
1994-07-13,12.374285714285714
1994-07-14,11.058571428571428
1994-07-15,9.742857142857142
1994-07-16,8.427142857142858
1994-07-17,7.111428571428571
1994-07-18,5.795714285714285
1994-07-19,4.48
1994-07-20,5.413809523809524
1994-07-21,6.347619047619047
1994-07-22,7.281428571428571
1994-07-23,8.215238095238094
1994-07-24,9.149047619047618
1994-07-25,10.082857142857142
1994-07-26,11.016666666666666
1994-07-27,13.539047619047619
1994-07-28,16.06142857142857
1994-07-29,18.58380952380952
1994-07-30,21.106190476190477
1994-07-31,23.628571428571426
1994-08-01,26.15095238095238
1994-08-02,28.673333333333332
1994-08-03,26.84857142857143
1994-08-04,25.023809523809522
1994-08-05,23.19904761904762
1994-08-06,21.374285714285715
1994-08-07,19.549523809523812
1994-08-08,17.724761904761905
1994-08-09,15.9
1994-08-10,14.41904761904762
1994-08-11,12.938095238095238
1994-08-12,11.457142857142857
1994-08-13,9.976190476190476
1994-08-14,8.495238095238093
1994-08-15,7.014285714285714
1994-08-16,5.533333333333334
1994-08-17,7.077083333333334
1994-08-18,8.620833333333334
1994-08-19,10.164583333333333
1994-08-20,11.708333333333332
1994-08-21,13.252083333333333
1994-08-22,14.795833333333334
1994-08-23,16.339583333333334
1994-08-24,17.883333333333333
1994-08-25,18.55238095238095
1994-08-26,19.22142857142857
1994-08-27,19.89047619047619
1994-08-28,20.55952380952381
1994-08-29,21.228571428571428
1994-08-30,21.897619047619045
1994-08-31,22.566666666666666
1994-09-01,23.613333333333333
1994-09-02,24.66
1994-09-03,25.706666666666663
1994-09-04,26.75333333333333
1994-09-05,27.799999999999997
1994-09-06,27.383333333333333
1994-09-07,26.966666666666665
1994-09-08,26.549999999999997
1994-09-09,26.133333333333333
1994-09-10,25.71666666666667
1994-09-11,25.3
1994-09-12,24.883333333333333
1994-09-13,24.46666666666667
1994-09-14,24.62916666666667
1994-09-15,24.791666666666668
1994-09-16,24.954166666666666
1994-09-17,25.116666666666667
1994-09-18,25.27916666666667
1994-09-19,25.441666666666666
1994-09-20,25.604166666666664
1994-09-21,25.766666666666666
1994-09-22,25.37142857142857
1994-09-23,24.976190476190474
1994-09-24,24.58095238095238
1994-09-25,24.185714285714287
1994-09-26,23.79047619047619
1994-09-27,23.395238095238096
1994-09-28,23.0
1994-09-29,23.580952380952382
1994-09-30,24.16190476190476
1994-10-01,24.742857142857144
1994-10-02,25.323809523809523
1994-10-03,25.904761904761905
1994-10-04,26.485714285714288
1994-10-05,27.06666666666667
1994-10-06,27.64761904761905
1994-10-07,28.22857142857143
1994-10-08,28.80952380952381
1994-10-09,29.390476190476193
1994-10-10,29.971428571428575
1994-10-11,30.552380952380954
1994-10-12,31.133333333333336
1994-10-13,31.009523809523813
1994-10-14,30.88571428571429
1994-10-15,30.761904761904766
1994-10-16,30.63809523809524
1994-10-17,30.514285714285716
1994-10-18,30.390476190476193
1994-10-19,30.26666666666667
1994-10-20,30.142857142857146
1994-10-21,30.019047619047623
1994-10-22,29.8952380952381
1994-10-23,29.771428571428572
1994-10-24,29.64761904761905
1994-10-25,29.523809523809526
1994-10-26,29.400000000000002
1994-10-27,29.63777777777778
1994-10-28,29.875555555555557
1994-10-29,30.113333333333337
1994-10-30,30.351111111111113
1994-10-31,30.588888888888892
1994-11-01,30.826666666666668
1994-11-02,31.064444444444447
1994-11-03,31.302222222222223
1994-11-04,31.540000000000003
1994-11-05,31.77777777777778
1994-11-06,32.01555555555556
1994-11-07,32.25333333333334
1994-11-08,32.49111111111111
1994-11-09,32.72888888888889
1994-11-10,32.96666666666667
1994-11-11,33.125
1994-11-12,33.28333333333334
1994-11-13,33.44166666666667
1994-11-14,33.6
1994-11-15,33.75833333333333
1994-11-16,33.91666666666667
1994-11-17,34.075
1994-11-18,34.233333333333334
1994-11-19,34.391666666666666
1994-11-20,34.550000000000004
1994-11-21,34.708333333333336
1994-11-22,34.86666666666667
1994-11-23,34.934444444444445
1994-11-24,35.00222222222222
1994-11-25,35.07
1994-11-26,35.13777777777778
1994-11-27,35.205555555555556
1994-11-28,35.27333333333333
1994-11-29,35.34111111111111
1994-11-30,35.40888888888889
1994-12-01,35.47666666666667
1994-12-02,35.544444444444444
1994-12-03,35.61222222222222
1994-12-04,35.68
1994-12-05,35.74777777777778
1994-12-06,35.815555555555555
1994-12-07,35.88333333333333
1994-12-08,36.05769230769231
1994-12-09,36.23205128205128
1994-12-10,36.406410256410254
1994-12-11,36.58076923076923
1994-12-12,36.7551282051282
1994-12-13,36.929487179487175
1994-12-14,37.103846153846156
1994-12-15,37.27820512820513
1994-12-16,37.452564102564104
1994-12-17,37.62692307692308
1994-12-18,37.80128205128205
1994-12-19,37.975641025641025
1994-12-20,38.15
1994-12-21,38.24880952380952
1994-12-22,38.34761904761905
1994-12-23,38.44642857142857
1994-12-24,38.54523809523809
1994-12-25,38.64404761904762
1994-12-26,38.74285714285714
1994-12-27,38.84166666666666
1994-12-28,38.94047619047619
1994-12-29,39.03928571428571
1994-12-30,39.13809523809523
1994-12-31,39.23690476190476
1995-01-01,39.33571428571428
1995-01-02,39.4345238095238
1995-01-03,39.53333333333333
1995-01-04,39.63214285714285
1995-01-05,39.730952380952374
1995-01-06,39.8297619047619
1995-01-07,39.92857142857142
1995-01-08,40.027380952380945
1995-01-09,40.12619047619047
1995-01-10,40.224999999999994
1995-01-11,40.27222222222222
1995-01-12,40.31944444444444
1995-01-13,40.36666666666666
1995-01-14,40.413888888888884
1995-01-15,40.46111111111111
1995-01-16,40.50833333333333
1995-01-17,40.55555555555556
1995-01-18,40.602777777777774
1995-01-19,40.65
1995-01-20,40.69722222222222
1995-01-21,40.74444444444445
1995-01-22,40.79166666666667
1995-01-23,40.83888888888889
1995-01-24,40.88611111111111
1995-01-25,40.93333333333334
1995-01-26,40.9852380952381
1995-01-27,41.03714285714286
1995-01-28,41.08904761904762
1995-01-29,41.140952380952385
1995-01-30,41.19285714285715
1995-01-31,41.24476190476191
1995-02-01,41.29666666666667
1995-02-02,41.34857142857143
1995-02-03,41.4004761904762
1995-02-04,41.452380952380956
1995-02-05,41.504285714285714
1995-02-06,41.55619047619048
1995-02-07,41.608095238095245
1995-02-08,41.660000000000004
1995-02-09,41.567619047619054
1995-02-10,41.4752380952381
1995-02-11,41.38285714285715
1995-02-12,41.29047619047619
1995-02-13,41.19809523809524
1995-02-14,41.105714285714285
1995-02-15,41.013333333333335
1995-02-16,40.920952380952386
1995-02-17,40.82857142857143
1995-02-18,40.73619047619048
1995-02-19,40.64380952380952
1995-02-20,40.55142857142857
1995-02-21,40.45904761904762
1995-02-22,40.36666666666667
1995-02-23,40.42564102564103
1995-02-24,40.48461538461539
1995-02-25,40.54358974358974
1995-02-26,40.6025641025641
1995-02-27,40.66153846153846
1995-02-28,40.72051282051282
1995-03-01,40.77948717948718
1995-03-02,40.83846153846154
1995-03-03,40.8974358974359
1995-03-04,40.95641025641026
1995-03-05,41.01538461538461
1995-03-06,41.07435897435897
1995-03-07,41.13333333333333
1995-03-08,41.042857142857144
1995-03-09,40.95238095238095
1995-03-10,40.86190476190476
1995-03-11,40.77142857142857
1995-03-12,40.680952380952384
1995-03-13,40.59047619047619
1995-03-14,40.5
1995-03-15,40.40952380952381
1995-03-16,40.319047619047616
1995-03-17,40.22857142857143
1995-03-18,40.13809523809524
1995-03-19,40.04761904761905
1995-03-20,39.957142857142856
1995-03-21,39.86666666666667
1995-03-22,39.904761904761905
1995-03-23,39.94285714285714
1995-03-24,39.98095238095238
1995-03-25,40.01904761904762
1995-03-26,40.05714285714286
1995-03-27,40.095238095238095
1995-03-28,40.13333333333333
1995-03-29,40.17142857142857
1995-03-30,40.20952380952381
1995-03-31,40.24761904761905
1995-04-01,40.285714285714285
1995-04-02,40.32380952380952
1995-04-03,40.36190476190476
1995-04-04,40.4
1995-04-05,40.31428571428572
1995-04-06,40.22857142857143
1995-04-07,40.14285714285714
1995-04-08,40.05714285714286
1995-04-09,39.971428571428575
1995-04-10,39.885714285714286
1995-04-11,39.8
1995-04-12,39.714285714285715
1995-04-13,39.62857142857143
1995-04-14,39.542857142857144
1995-04-15,39.457142857142856
1995-04-16,39.371428571428574
1995-04-17,39.28571428571429
1995-04-18,39.2
1995-04-19,39.154761904761905
1995-04-20,39.109523809523814
1995-04-21,39.06428571428572
1995-04-22,39.01904761904762
1995-04-23,38.97380952380953
1995-04-24,38.92857142857143
1995-04-25,38.88333333333334
1995-04-26,38.83809523809524
1995-04-27,38.792857142857144
1995-04-28,38.747619047619054
1995-04-29,38.702380952380956
1995-04-30,38.65714285714286
1995-05-01,38.61190476190477
1995-05-02,38.56666666666667
1995-05-03,38.42564102564103
1995-05-04,38.284615384615385
1995-05-05,38.14358974358974
1995-05-06,38.0025641025641
1995-05-07,37.86153846153846
1995-05-08,37.720512820512816
1995-05-09,37.57948717948718
1995-05-10,37.43846153846154
1995-05-11,37.297435897435896
1995-05-12,37.156410256410254
1995-05-13,37.01538461538461
1995-05-14,36.87435897435897
1995-05-15,36.73333333333333
1995-05-16,36.55555555555555
1995-05-17,36.37777777777777
1995-05-18,36.199999999999996
1995-05-19,36.02222222222222
1995-05-20,35.84444444444444
1995-05-21,35.666666666666664
1995-05-22,35.48888888888889
1995-05-23,35.31111111111111
1995-05-24,35.13333333333333
1995-05-25,34.955555555555556
1995-05-26,34.77777777777778
1995-05-27,34.6
1995-05-28,34.422222222222224
1995-05-29,34.24444444444445
1995-05-30,34.06666666666667
1995-05-31,33.50666666666667
1995-06-01,32.94666666666667
1995-06-02,32.38666666666667
1995-06-03,31.826666666666668
1995-06-04,31.26666666666667
1995-06-05,30.70666666666667
1995-06-06,30.14666666666667
1995-06-07,29.58666666666667
1995-06-08,29.026666666666667
1995-06-09,28.46666666666667
1995-06-10,27.906666666666666
1995-06-11,27.346666666666668
1995-06-12,26.78666666666667
1995-06-13,26.226666666666667
1995-06-14,25.666666666666668
1995-06-15,26.105128205128207
1995-06-16,26.543589743589745
1995-06-17,26.982051282051284
1995-06-18,27.42051282051282
1995-06-19,27.858974358974358
1995-06-20,28.297435897435896
1995-06-21,28.735897435897435
1995-06-22,29.174358974358974
1995-06-23,29.612820512820512
1995-06-24,30.05128205128205
1995-06-25,30.489743589743586
1995-06-26,30.928205128205125
1995-06-27,31.366666666666664
1995-06-28,31.409523809523808
1995-06-29,31.45238095238095
1995-06-30,31.495238095238093
1995-07-01,31.538095238095238
1995-07-02,31.580952380952382
1995-07-03,31.623809523809523
1995-07-04,31.666666666666668
1995-07-05,31.823809523809526
1995-07-06,31.980952380952385
1995-07-07,32.13809523809524
1995-07-08,32.2952380952381
1995-07-09,32.452380952380956
1995-07-10,32.609523809523814
1995-07-11,32.76666666666667
1995-07-12,30.30476190476191
1995-07-13,27.84285714285715
1995-07-14,25.380952380952383
1995-07-15,22.91904761904762
1995-07-16,20.457142857142856
1995-07-17,17.995238095238093
1995-07-18,15.533333333333333
1995-07-19,15.928571428571429
1995-07-20,16.323809523809523
1995-07-21,16.71904761904762
1995-07-22,17.114285714285714
1995-07-23,17.50952380952381
1995-07-24,17.904761904761905
1995-07-25,18.3
1995-07-26,16.214285714285715
1995-07-27,14.12857142857143
1995-07-28,12.042857142857143
1995-07-29,9.957142857142857
1995-07-30,7.87142857142857
1995-07-31,5.785714285714285
1995-08-01,3.6999999999999997
1995-08-02,7.604761904761904
1995-08-03,11.50952380952381
1995-08-04,15.414285714285713
1995-08-05,19.31904761904762
1995-08-06,23.223809523809525
1995-08-07,27.128571428571426
1995-08-08,31.03333333333333
1995-08-09,28.419047619047618
1995-08-10,25.804761904761904
1995-08-11,23.19047619047619
1995-08-12,20.576190476190476
1995-08-13,17.961904761904762
1995-08-14,15.34761904761905
1995-08-15,12.733333333333334
1995-08-16,13.438095238095238
1995-08-17,14.142857142857144
1995-08-18,14.847619047619048
1995-08-19,15.552380952380954
1995-08-20,16.25714285714286
1995-08-21,16.961904761904762
1995-08-22,17.666666666666668
1995-08-23,17.123809523809523
1995-08-24,16.580952380952382
1995-08-25,16.038095238095238
1995-08-26,15.495238095238095
1995-08-27,14.952380952380953
1995-08-28,14.409523809523808
1995-08-29,13.866666666666665
1995-08-30,15.161904761904761
1995-08-31,16.457142857142856
1995-09-01,17.752380952380953
1995-09-02,19.047619047619047
1995-09-03,20.34285714285714
1995-09-04,21.63809523809524
1995-09-05,22.933333333333334
1995-09-06,21.623809523809523
1995-09-07,20.314285714285713
1995-09-08,19.004761904761903
1995-09-09,17.695238095238096
1995-09-10,16.385714285714286
1995-09-11,15.076190476190476
1995-09-12,13.766666666666666
1995-09-13,14.357142857142856
1995-09-14,14.947619047619048
1995-09-15,15.538095238095238
1995-09-16,16.12857142857143
1995-09-17,16.719047619047622
1995-09-18,17.30952380952381
1995-09-19,17.900000000000002
1995-09-20,17.93809523809524
1995-09-21,17.976190476190478
1995-09-22,18.014285714285716
1995-09-23,18.052380952380954
1995-09-24,18.090476190476192
1995-09-25,18.12857142857143
1995-09-26,18.166666666666668
1995-09-27,18.90952380952381
1995-09-28,19.652380952380952
1995-09-29,20.395238095238096
1995-09-30,21.138095238095236
1995-10-01,21.88095238095238
1995-10-02,22.62380952380952
1995-10-03,23.366666666666664
1995-10-04,23.83690476190476
1995-10-05,24.307142857142853
1995-10-06,24.77738095238095
1995-10-07,25.247619047619047
1995-10-08,25.71785714285714
1995-10-09,26.188095238095237
1995-10-10,26.65833333333333
1995-10-11,27.128571428571426
1995-10-12,27.59880952380952
1995-10-13,28.069047619047616
1995-10-14,28.539285714285715
1995-10-15,29.00952380952381
1995-10-16,29.479761904761904
1995-10-17,29.95
1995-10-18,29.466666666666665
1995-10-19,28.983333333333334
1995-10-20,28.5
1995-10-21,28.016666666666666
1995-10-22,27.53333333333333
1995-10-23,27.05
1995-10-24,26.566666666666666
1995-10-25,26.82142857142857
1995-10-26,27.076190476190476
1995-10-27,27.33095238095238
1995-10-28,27.585714285714285
1995-10-29,27.84047619047619
1995-10-30,28.095238095238095
1995-10-31,28.349999999999998
1995-11-01,28.27142857142857
1995-11-02,28.19285714285714
1995-11-03,28.114285714285714
1995-11-04,28.035714285714285
1995-11-05,27.957142857142856
1995-11-06,27.878571428571426
1995-11-07,27.799999999999997
1995-11-08,27.72142857142857
1995-11-09,27.642857142857142
1995-11-10,27.564285714285713
1995-11-11,27.485714285714284
1995-11-12,27.40714285714286
1995-11-13,27.32857142857143
1995-11-14,27.25
1995-11-15,27.567857142857143
1995-11-16,27.885714285714286
1995-11-17,28.20357142857143
1995-11-18,28.521428571428572
1995-11-19,28.839285714285715
1995-11-20,29.15714285714286
1995-11-21,29.475
1995-11-22,29.792857142857144
1995-11-23,30.110714285714284
1995-11-24,30.428571428571427
1995-11-25,30.74642857142857
1995-11-26,31.064285714285713
1995-11-27,31.382142857142856
1995-11-28,31.7
1995-11-29,31.97380952380952
1995-11-30,32.24761904761905
1995-12-01,32.52142857142857
1995-12-02,32.79523809523809
1995-12-03,33.069047619047616
1995-12-04,33.34285714285714
1995-12-05,33.61666666666667
1995-12-06,33.89047619047619
1995-12-07,34.16428571428571
1995-12-08,34.43809523809524
1995-12-09,34.71190476190476
1995-12-10,34.98571428571428
1995-12-11,35.259523809523806
1995-12-12,35.53333333333333
1995-12-13,35.663333333333334
1995-12-14,35.79333333333333
1995-12-15,35.92333333333333
1995-12-16,36.053333333333335
1995-12-17,36.18333333333333
1995-12-18,36.31333333333333
1995-12-19,36.443333333333335
1995-12-20,36.57333333333333
1995-12-21,36.70333333333333
1995-12-22,36.833333333333336
1995-12-23,36.96333333333333
1995-12-24,37.093333333333334
1995-12-25,37.223333333333336
1995-12-26,37.35333333333333
1995-12-27,37.483333333333334
1995-12-28,37.68205128205128
1995-12-29,37.88076923076923
1995-12-30,38.07948717948718
1995-12-31,38.27820512820513
1996-01-01,38.47692307692308
1996-01-02,38.67564102564103
1996-01-03,38.87435897435897
1996-01-04,39.07307692307692
1996-01-05,39.27179487179487
1996-01-06,39.470512820512816
1996-01-07,39.669230769230765
1996-01-08,39.867948717948714
1996-01-09,40.06666666666666
1996-01-10,40.02222222222222
1996-01-11,39.977777777777774
1996-01-12,39.93333333333333
1996-01-13,39.888888888888886
1996-01-14,39.84444444444444
1996-01-15,39.8
1996-01-16,39.75555555555555
1996-01-17,39.71111111111111
1996-01-18,39.666666666666664
1996-01-19,39.62222222222222
1996-01-20,39.577777777777776
1996-01-21,39.53333333333333
1996-01-22,39.48888888888889
1996-01-23,39.44444444444444
1996-01-24,39.4
1996-01-25,39.53076923076923
1996-01-26,39.66153846153846
1996-01-27,39.792307692307695
1996-01-28,39.92307692307692
1996-01-29,40.05384615384615
1996-01-30,40.184615384615384
1996-01-31,40.315384615384616
1996-02-01,40.44615384615385
1996-02-02,40.57692307692308
1996-02-03,40.707692307692305
1996-02-04,40.83846153846154
1996-02-05,40.96923076923077
1996-02-06,41.1
1996-02-07,41.09166666666667
1996-02-08,41.083333333333336
1996-02-09,41.075
1996-02-10,41.06666666666667
1996-02-11,41.05833333333334
1996-02-12,41.050000000000004
1996-02-13,41.04166666666667
1996-02-14,41.03333333333333
1996-02-15,41.025
1996-02-16,41.016666666666666
1996-02-17,41.00833333333333
1996-02-18,41.0
1996-02-19,40.99166666666667
1996-02-20,40.983333333333334
1996-02-21,40.975
1996-02-22,40.96666666666667
1996-02-23,41.105555555555554
1996-02-24,41.24444444444445
1996-02-25,41.38333333333333
1996-02-26,41.522222222222226
1996-02-27,41.66111111111111
1996-02-28,41.8
1996-02-29,41.93888888888889
1996-03-01,42.077777777777776
1996-03-02,42.21666666666667
1996-03-03,42.355555555555554
1996-03-04,42.49444444444445
1996-03-05,42.63333333333333
1996-03-06,42.50238095238095
1996-03-07,42.371428571428574
1996-03-08,42.240476190476194
1996-03-09,42.10952380952381
1996-03-10,41.97857142857143
1996-03-11,41.84761904761905
1996-03-12,41.71666666666667
1996-03-13,41.58571428571429
1996-03-14,41.45476190476191
1996-03-15,41.32380952380953
1996-03-16,41.19285714285714
1996-03-17,41.06190476190476
1996-03-18,40.930952380952384
1996-03-19,40.800000000000004
1996-03-20,40.69761904761905
1996-03-21,40.5952380952381
1996-03-22,40.49285714285715
1996-03-23,40.39047619047619
1996-03-24,40.28809523809524
1996-03-25,40.18571428571429
1996-03-26,40.083333333333336
1996-03-27,39.98095238095238
1996-03-28,39.87857142857143
1996-03-29,39.77619047619048
1996-03-30,39.673809523809524
1996-03-31,39.57142857142857
1996-04-01,39.46904761904762
1996-04-02,39.36666666666667
1996-04-03,39.282222222222224
1996-04-04,39.19777777777778
1996-04-05,39.11333333333334
1996-04-06,39.028888888888886
1996-04-07,38.94444444444444
1996-04-08,38.86
1996-04-09,38.775555555555556
1996-04-10,38.69111111111111
1996-04-11,38.60666666666667
1996-04-12,38.522222222222226
1996-04-13,38.43777777777778
1996-04-14,38.35333333333333
1996-04-15,38.26888888888889
1996-04-16,38.184444444444445
1996-04-17,38.1
1996-04-18,38.07820512820513
1996-04-19,38.05641025641026
1996-04-20,38.034615384615385
1996-04-21,38.01282051282052
1996-04-22,37.991025641025644
1996-04-23,37.96923076923077
1996-04-24,37.9474358974359
1996-04-25,37.92564102564103
1996-04-26,37.90384615384615
1996-04-27,37.882051282051286
1996-04-28,37.86025641025641
1996-04-29,37.838461538461544
1996-04-30,37.81666666666667
1996-05-01,37.748958333333334
1996-05-02,37.681250000000006
1996-05-03,37.61354166666667
1996-05-04,37.545833333333334
1996-05-05,37.478125000000006
1996-05-06,37.41041666666667
1996-05-07,37.342708333333334
1996-05-08,37.275000000000006
1996-05-09,37.20729166666667
1996-05-10,37.139583333333334
1996-05-11,37.071875
1996-05-12,37.00416666666667
1996-05-13,36.936458333333334
1996-05-14,36.86875
1996-05-15,36.80104166666667
1996-05-16,36.733333333333334
1996-05-17,36.708333333333336
1996-05-18,36.68333333333334
1996-05-19,36.65833333333333
1996-05-20,36.63333333333333
1996-05-21,36.608333333333334
1996-05-22,36.58333333333333
1996-05-23,36.55833333333333
1996-05-24,36.53333333333333
1996-05-25,36.50833333333333
1996-05-26,36.483333333333334
1996-05-27,36.45833333333333
1996-05-28,36.43333333333333
1996-05-29,36.385416666666664
1996-05-30,36.3375
1996-05-31,36.28958333333333
1996-06-01,36.24166666666666
1996-06-02,36.193749999999994
1996-06-03,36.14583333333333
1996-06-04,36.09791666666666
1996-06-05,36.05
1996-06-06,36.00208333333333
1996-06-07,35.954166666666666
1996-06-08,35.90625
1996-06-09,35.858333333333334
1996-06-10,35.81041666666666
1996-06-11,35.762499999999996
1996-06-12,35.71458333333333
1996-06-13,35.666666666666664
1996-06-14,35.55714285714286
1996-06-15,35.44761904761904
1996-06-16,35.338095238095235
1996-06-17,35.22857142857143
1996-06-18,35.11904761904762
1996-06-19,35.009523809523806
1996-06-20,34.9
1996-06-21,34.6
1996-06-22,34.3
1996-06-23,34.0
1996-06-24,33.7
1996-06-25,33.400000000000006
1996-06-26,33.1
1996-06-27,32.800000000000004
1996-06-28,31.780000000000005
1996-06-29,30.76
1996-06-30,29.740000000000002
1996-07-01,28.72
1996-07-02,27.7
1996-07-03,26.29259259259259
1996-07-04,24.885185185185186
1996-07-05,23.477777777777778
1996-07-06,22.07037037037037
1996-07-07,20.66296296296296
1996-07-08,19.255555555555553
1996-07-09,17.848148148148148
1996-07-10,16.44074074074074
1996-07-11,15.033333333333333
1996-07-12,14.536111111111111
1996-07-13,14.038888888888888
1996-07-14,13.541666666666666
1996-07-15,13.044444444444444
1996-07-16,12.547222222222222
1996-07-17,12.05
1996-07-18,11.552777777777777
1996-07-19,11.055555555555555
1996-07-20,10.558333333333334
1996-07-21,10.06111111111111
1996-07-22,9.563888888888888
1996-07-23,9.066666666666666
1996-07-24,8.76
1996-07-25,8.453333333333333
1996-07-26,8.146666666666667
1996-07-27,7.84
1996-07-28,7.533333333333333
1996-07-29,7.226666666666667
1996-07-30,6.92
1996-07-31,6.613333333333333
1996-08-01,6.306666666666667
1996-08-02,6.0
1996-08-03,4.891666666666667
1996-08-04,3.783333333333333
1996-08-05,2.675
1996-08-06,1.5666666666666664
1996-08-07,2.1916666666666664
1996-08-08,2.8166666666666664
1996-08-09,3.4416666666666664
1996-08-10,4.066666666666666
1996-08-11,4.691666666666666
1996-08-12,5.316666666666666
1996-08-13,5.941666666666667
1996-08-14,6.566666666666667
1996-08-15,6.866666666666667
1996-08-16,7.166666666666667
1996-08-17,7.466666666666667
1996-08-18,7.7666666666666675
1996-08-19,8.066666666666666
1996-08-20,8.366666666666667
1996-08-21,9.628571428571428
1996-08-22,10.89047619047619
1996-08-23,12.152380952380952
1996-08-24,13.414285714285715
1996-08-25,14.676190476190476
1996-08-26,15.938095238095237
1996-08-27,17.2
1996-08-28,16.591666666666665
1996-08-29,15.983333333333333
1996-08-30,15.375
1996-08-31,14.766666666666666
1996-09-01,14.158333333333333
1996-09-02,13.55
1996-09-03,12.941666666666666
1996-09-04,12.333333333333334
1996-09-05,14.87777777777778
1996-09-06,17.422222222222224
1996-09-07,19.96666666666667
1996-09-08,22.511111111111116
1996-09-09,25.05555555555556
1996-09-10,27.600000000000005
1996-09-11,25.92333333333334
1996-09-12,24.24666666666667
1996-09-13,22.570000000000004
1996-09-14,20.893333333333338
1996-09-15,19.21666666666667
1996-09-16,17.54
1996-09-17,15.863333333333333
1996-09-18,14.186666666666667
1996-09-19,12.51
1996-09-20,10.833333333333334
1996-09-21,9.725
1996-09-22,8.616666666666667
1996-09-23,7.508333333333333
1996-09-24,6.3999999999999995
1996-09-25,7.052380952380952
1996-09-26,7.704761904761904
1996-09-27,8.357142857142858
1996-09-28,9.00952380952381
1996-09-29,9.661904761904761
1996-09-30,10.314285714285713
1996-10-01,10.966666666666667
1996-10-02,12.370833333333334
1996-10-03,13.774999999999999
1996-10-04,15.179166666666667
1996-10-05,16.583333333333332
1996-10-06,17.987499999999997
1996-10-07,19.391666666666666
1996-10-08,20.795833333333334
1996-10-09,22.2
1996-10-10,21.9
1996-10-11,21.6
1996-10-12,21.3
1996-10-13,21.0
1996-10-14,20.700000000000003
1996-10-15,20.400000000000002
1996-10-16,21.425
1996-10-17,22.450000000000003
1996-10-18,23.475
1996-10-19,24.5
1996-10-20,25.525
1996-10-21,26.549999999999997
1996-10-22,27.575
1996-10-23,28.599999999999998
1996-10-24,28.155555555555555
1996-10-25,27.71111111111111
1996-10-26,27.266666666666666
1996-10-27,26.822222222222223
1996-10-28,26.377777777777776
1996-10-29,25.933333333333334
1996-10-30,25.823809523809523
1996-10-31,25.714285714285715
1996-11-01,25.604761904761904
1996-11-02,25.495238095238097
1996-11-03,25.385714285714286
1996-11-04,25.27619047619048
1996-11-05,25.166666666666668
1996-11-06,25.763333333333335
1996-11-07,26.360000000000003
1996-11-08,26.956666666666667
1996-11-09,27.553333333333335
1996-11-10,28.150000000000002
1996-11-11,28.74666666666667
1996-11-12,29.343333333333337
1996-11-13,29.940000000000005
1996-11-14,30.53666666666667
1996-11-15,31.133333333333336
1996-11-16,30.400000000000002
1996-11-17,29.666666666666668
1996-11-18,28.933333333333334
1996-11-19,28.2
1996-11-20,28.376190476190477
1996-11-21,28.55238095238095
1996-11-22,28.728571428571428
1996-11-23,28.904761904761905
1996-11-24,29.080952380952382
1996-11-25,29.257142857142856
1996-11-26,29.433333333333334
1996-11-27,29.720238095238095
1996-11-28,30.007142857142856
1996-11-29,30.294047619047618
1996-11-30,30.58095238095238
1996-12-01,30.86785714285714
1996-12-02,31.1547619047619
1996-12-03,31.441666666666663
1996-12-04,31.728571428571428
1996-12-05,32.015476190476186
1996-12-06,32.30238095238095
1996-12-07,32.58928571428571
1996-12-08,32.87619047619047
1996-12-09,33.16309523809524
1996-12-10,33.449999999999996
1996-12-11,33.58761904761904
1996-12-12,33.72523809523809
1996-12-13,33.86285714285714
1996-12-14,34.000476190476185
1996-12-15,34.13809523809523
1996-12-16,34.27571428571428
1996-12-17,34.41333333333333
1996-12-18,34.55095238095238
1996-12-19,34.68857142857143
1996-12-20,34.826190476190476
1996-12-21,34.96380952380952
1996-12-22,35.10142857142857
1996-12-23,35.23904761904762
1996-12-24,35.376666666666665
1996-12-25,35.51428571428571
1996-12-26,35.65190476190476
1996-12-27,35.78952380952381
1996-12-28,35.927142857142854
1996-12-29,36.0647619047619
1996-12-30,36.20238095238095
1996-12-31,36.34
1997-01-01,36.47761904761905
1997-01-02,36.6152380952381
1997-01-03,36.752857142857145
1997-01-04,36.89047619047619
1997-01-05,37.02809523809524
1997-01-06,37.16571428571429
1997-01-07,37.303333333333335
1997-01-08,37.47690476190476
1997-01-09,37.65047619047619
1997-01-10,37.82404761904762
1997-01-11,37.99761904761905
1997-01-12,38.171190476190475
1997-01-13,38.3447619047619
1997-01-14,38.51833333333333
1997-01-15,38.69190476190476
1997-01-16,38.86547619047619
1997-01-17,39.039047619047615
1997-01-18,39.21261904761904
1997-01-19,39.38619047619047
1997-01-20,39.5597619047619
1997-01-21,39.73333333333333
1997-01-22,39.797777777777775
1997-01-23,39.862222222222215
1997-01-24,39.92666666666666
1997-01-25,39.9911111111111
1997-01-26,40.05555555555555
1997-01-27,40.12
1997-01-28,40.18444444444444
1997-01-29,40.248888888888885
1997-01-30,40.313333333333325
1997-01-31,40.37777777777777
1997-02-01,40.44222222222222
1997-02-02,40.50666666666666
1997-02-03,40.57111111111111
1997-02-04,40.63555555555555
1997-02-05,40.699999999999996
1997-02-06,40.72307692307692
1997-02-07,40.746153846153845
1997-02-08,40.76923076923077
1997-02-09,40.79230769230769
1997-02-10,40.815384615384616
1997-02-11,40.83846153846154
1997-02-12,40.86153846153846
1997-02-13,40.88461538461538
1997-02-14,40.90769230769231
1997-02-15,40.93076923076923
1997-02-16,40.95384615384615
1997-02-17,40.97692307692308
1997-02-18,41.0
1997-02-19,40.957142857142856
1997-02-20,40.91428571428571
1997-02-21,40.871428571428574
1997-02-22,40.82857142857143
1997-02-23,40.785714285714285
1997-02-24,40.74285714285714
1997-02-25,40.7
1997-02-26,40.65714285714286
1997-02-27,40.614285714285714
1997-02-28,40.57142857142857
1997-03-01,40.528571428571425
1997-03-02,40.48571428571429
1997-03-03,40.44285714285714
1997-03-04,40.4
1997-03-05,40.3547619047619
1997-03-06,40.30952380952381
1997-03-07,40.26428571428571
1997-03-08,40.219047619047615
1997-03-09,40.173809523809524
1997-03-10,40.128571428571426
1997-03-11,40.08333333333333
1997-03-12,40.03809523809524
1997-03-13,39.99285714285714
1997-03-14,39.94761904761905
1997-03-15,39.90238095238095
1997-03-16,39.857142857142854
1997-03-17,39.81190476190476
1997-03-18,39.766666666666666
1997-03-19,39.759523809523806
1997-03-20,39.75238095238095
1997-03-21,39.74523809523809
1997-03-22,39.738095238095234
1997-03-23,39.73095238095238
1997-03-24,39.72380952380952
1997-03-25,39.71666666666667
1997-03-26,39.70952380952381
1997-03-27,39.70238095238095
1997-03-28,39.695238095238096
1997-03-29,39.68809523809524
1997-03-30,39.68095238095238
1997-03-31,39.673809523809524
1997-04-01,39.666666666666664
1997-04-02,39.53809523809524
1997-04-03,39.409523809523805
1997-04-04,39.28095238095238
1997-04-05,39.15238095238095
1997-04-06,39.023809523809526
1997-04-07,38.89523809523809
1997-04-08,38.766666666666666
1997-04-09,38.63809523809524
1997-04-10,38.509523809523806
1997-04-11,38.38095238095238
1997-04-12,38.25238095238095
1997-04-13,38.12380952380953
1997-04-14,37.99523809523809
1997-04-15,37.86666666666667
1997-04-16,37.824444444444445
1997-04-17,37.782222222222224
1997-04-18,37.74
1997-04-19,37.69777777777778
1997-04-20,37.65555555555556
1997-04-21,37.61333333333334
1997-04-22,37.571111111111115
1997-04-23,37.528888888888886
1997-04-24,37.486666666666665
1997-04-25,37.44444444444444
1997-04-26,37.40222222222222
1997-04-27,37.36
1997-04-28,37.31777777777778
1997-04-29,37.275555555555556
1997-04-30,37.233333333333334
1997-05-01,37.17948717948718
1997-05-02,37.12564102564102
1997-05-03,37.07179487179487
1997-05-04,37.01794871794872
1997-05-05,36.96410256410256
1997-05-06,36.91025641025641
1997-05-07,36.85641025641026
1997-05-08,36.802564102564105
1997-05-09,36.748717948717946
1997-05-10,36.694871794871794
1997-05-11,36.64102564102564
1997-05-12,36.58717948717948
1997-05-13,36.53333333333333
1997-05-14,36.422619047619044
1997-05-15,36.311904761904756
1997-05-16,36.201190476190476
1997-05-17,36.09047619047619
1997-05-18,35.9797619047619
1997-05-19,35.86904761904761
1997-05-20,35.758333333333326
1997-05-21,35.647619047619045
1997-05-22,35.53690476190476
1997-05-23,35.42619047619047
1997-05-24,35.31547619047618
1997-05-25,35.2047619047619
1997-05-26,35.094047619047615
1997-05-27,34.98333333333333
1997-05-28,34.67777777777777
1997-05-29,34.37222222222222
1997-05-30,34.06666666666666
1997-05-31,33.761111111111106
1997-06-01,33.455555555555556
1997-06-02,33.15
1997-06-03,32.84444444444444
1997-06-04,32.53888888888889
1997-06-05,32.233333333333334
1997-06-06,32.333333333333336
1997-06-07,32.43333333333334
1997-06-08,32.53333333333333
1997-06-09,32.63333333333333
1997-06-10,32.733333333333334
1997-06-11,32.63703703703704
1997-06-12,32.54074074074074
1997-06-13,32.44444444444444
1997-06-14,32.34814814814815
1997-06-15,32.25185185185185
1997-06-16,32.15555555555555
1997-06-17,32.05925925925926
1997-06-18,31.962962962962962
1997-06-19,31.866666666666664
1997-06-20,31.506666666666664
1997-06-21,31.146666666666665
1997-06-22,30.786666666666665
1997-06-23,30.426666666666666
1997-06-24,30.066666666666666
1997-06-25,30.358333333333334
1997-06-26,30.65
1997-06-27,30.941666666666666
1997-06-28,31.233333333333334
1997-06-29,31.525
1997-06-30,31.816666666666666
1997-07-01,32.108333333333334
1997-07-02,32.4
1997-07-03,31.66
1997-07-04,30.919999999999998
1997-07-05,30.18
1997-07-06,29.439999999999998
1997-07-07,28.7
1997-07-08,27.1375
1997-07-09,25.575
1997-07-10,24.0125
1997-07-11,22.45
1997-07-12,20.8875
1997-07-13,19.325
1997-07-14,17.7625
1997-07-15,16.2
1997-07-16,16.05
1997-07-17,15.899999999999999
1997-07-18,15.75
1997-07-19,15.6
1997-07-20,15.45
1997-07-21,15.299999999999999
1997-07-22,15.149999999999999
1997-07-23,15.0
1997-07-24,14.85
1997-07-25,14.7
1997-07-26,14.549999999999999
1997-07-27,14.399999999999999
1997-07-28,14.25
1997-07-29,14.1
1997-07-30,13.95
1997-07-31,13.799999999999999
1997-08-01,13.649999999999999
1997-08-02,13.5
1997-08-03,13.35
1997-08-04,13.2
1997-08-05,13.05
1997-08-06,12.899999999999999
1997-08-07,12.75
1997-08-08,12.6
1997-08-09,12.45
1997-08-10,12.3
1997-08-11,12.149999999999999
1997-08-12,12.0
1997-08-13,12.017777777777777
1997-08-14,12.035555555555556
1997-08-15,12.053333333333333
1997-08-16,12.071111111111112
1997-08-17,12.088888888888889
1997-08-18,12.106666666666667
1997-08-19,12.124444444444444
1997-08-20,12.142222222222221
1997-08-21,12.16
1997-08-22,12.177777777777777
1997-08-23,12.195555555555556
1997-08-24,12.213333333333333
1997-08-25,12.231111111111112
1997-08-26,12.248888888888889
1997-08-27,12.266666666666666
1997-08-28,12.284444444444444
1997-08-29,12.302222222222222
1997-08-30,12.32
1997-08-31,12.337777777777777
1997-09-01,12.355555555555556
1997-09-02,12.373333333333333
1997-09-03,12.391111111111112
1997-09-04,12.408888888888889
1997-09-05,12.426666666666666
1997-09-06,12.444444444444445
1997-09-07,12.462222222222222
1997-09-08,12.48
1997-09-09,12.497777777777777
1997-09-10,12.515555555555556
1997-09-11,12.533333333333333
1997-09-12,12.915625
1997-09-13,13.297916666666666
1997-09-14,13.680208333333333
1997-09-15,14.0625
1997-09-16,14.444791666666667
1997-09-17,14.827083333333334
1997-09-18,15.209375
1997-09-19,15.591666666666667
1997-09-20,15.973958333333332
1997-09-21,16.35625
1997-09-22,16.738541666666666
1997-09-23,17.120833333333334
1997-09-24,17.503125
1997-09-25,17.885416666666668
1997-09-26,18.26770833333333
1997-09-27,18.65
1997-09-28,19.032291666666666
1997-09-29,19.414583333333333
1997-09-30,19.796875
1997-10-01,20.179166666666667
1997-10-02,20.561458333333334
1997-10-03,20.94375
1997-10-04,21.32604166666667
1997-10-05,21.708333333333336
1997-10-06,22.090625
1997-10-07,22.472916666666666
1997-10-08,22.855208333333334
1997-10-09,23.2375
1997-10-10,23.619791666666664
1997-10-11,24.00208333333333
1997-10-12,24.384375
1997-10-13,24.766666666666666
1997-10-14,25.077011494252872
1997-10-15,25.38735632183908
1997-10-16,25.697701149425285
1997-10-17,26.008045977011495
1997-10-18,26.3183908045977
1997-10-19,26.628735632183908
1997-10-20,26.939080459770114
1997-10-21,27.24942528735632
1997-10-22,27.559770114942527
1997-10-23,27.870114942528737
1997-10-24,28.180459770114943
1997-10-25,28.49080459770115
1997-10-26,28.801149425287356
1997-10-27,29.111494252873563
1997-10-28,29.42183908045977
1997-10-29,29.732183908045975
1997-10-30,30.04252873563218
1997-10-31,30.352873563218388
1997-11-01,30.663218390804598
1997-11-02,30.973563218390805
1997-11-03,31.28390804597701
1997-11-04,31.594252873563217
1997-11-05,31.904597701149424
1997-11-06,32.214942528735634
1997-11-07,32.52528735632184
1997-11-08,32.83563218390805
1997-11-09,33.14597701149425
1997-11-10,33.45632183908046
1997-11-11,33.766666666666666
1997-11-12,33.79206349206349
1997-11-13,33.817460317460316
1997-11-14,33.84285714285714
1997-11-15,33.86825396825397
1997-11-16,33.89365079365079
1997-11-17,33.91904761904762
1997-11-18,33.94444444444444
1997-11-19,33.96984126984127
1997-11-20,33.99523809523809
1997-11-21,34.02063492063492
1997-11-22,34.04603174603175
1997-11-23,34.07142857142858
1997-11-24,34.0968253968254
1997-11-25,34.12222222222223
1997-11-26,34.14761904761905
1997-11-27,34.17301587301588
1997-11-28,34.1984126984127
1997-11-29,34.22380952380953
1997-11-30,34.249206349206354
1997-12-01,34.27460317460318
1997-12-02,34.300000000000004
1997-12-03,34.477192982456145
1997-12-04,34.65438596491229
1997-12-05,34.83157894736843
1997-12-06,35.00877192982456
1997-12-07,35.1859649122807
1997-12-08,35.363157894736844
1997-12-09,35.540350877192985
1997-12-10,35.717543859649126
1997-12-11,35.89473684210527
1997-12-12,36.07192982456141
1997-12-13,36.24912280701755
1997-12-14,36.42631578947368
1997-12-15,36.603508771929825
1997-12-16,36.780701754385966
1997-12-17,36.95789473684211
1997-12-18,37.13508771929825
1997-12-19,37.31228070175439
1997-12-20,37.48947368421053
1997-12-21,37.66666666666667
1997-12-22,37.843859649122805
1997-12-23,38.02105263157895
1997-12-24,38.19824561403509
1997-12-25,38.37543859649123
1997-12-26,38.55263157894737
1997-12-27,38.72982456140351
1997-12-28,38.90701754385965
1997-12-29,39.084210526315786
1997-12-30,39.26140350877193
1997-12-31,39.43859649122807
1998-01-01,39.61578947368421
1998-01-02,39.79298245614035
1998-01-03,39.97017543859649
1998-01-04,40.14736842105263
1998-01-05,40.32456140350877
1998-01-06,40.50175438596491
1998-01-07,40.67894736842105
1998-01-08,40.85614035087719
1998-01-09,41.03333333333333
1998-01-10,41.15
1998-01-11,41.266666666666666
1998-01-12,41.38333333333333
1998-01-13,41.5
1998-01-14,41.61666666666667
1998-01-15,41.733333333333334
1998-01-16,41.849999999999994
1998-01-17,41.96666666666666
1998-01-18,42.08333333333333
1998-01-19,42.199999999999996
1998-01-20,42.31666666666666
1998-01-21,42.43333333333333
1998-01-22,42.55
1998-01-23,42.666666666666664
1998-01-24,42.78333333333333
1998-01-25,42.9
1998-01-26,43.016666666666666
1998-01-27,43.13333333333333
1998-01-28,43.25
1998-01-29,43.36666666666666
1998-01-30,43.48333333333333
1998-01-31,43.599999999999994
1998-02-01,43.71666666666666
1998-02-02,43.83333333333333
1998-02-03,43.949999999999996
1998-02-04,44.06666666666666
1998-02-05,43.97477477477477
1998-02-06,43.88288288288288
1998-02-07,43.790990990990984
1998-02-08,43.699099099099094
1998-02-09,43.6072072072072
1998-02-10,43.51531531531531
1998-02-11,43.42342342342342
1998-02-12,43.331531531531525
1998-02-13,43.239639639639634
1998-02-14,43.147747747747744
1998-02-15,43.05585585585585
1998-02-16,42.96396396396396
1998-02-17,42.87207207207207
1998-02-18,42.780180180180174
1998-02-19,42.688288288288284
1998-02-20,42.59639639639639
1998-02-21,42.5045045045045
1998-02-22,42.41261261261261
1998-02-23,42.320720720720715
1998-02-24,42.228828828828824
1998-02-25,42.136936936936934
1998-02-26,42.04504504504504
1998-02-27,41.95315315315315
1998-02-28,41.861261261261255
1998-03-01,41.769369369369365
1998-03-02,41.677477477477474
1998-03-03,41.585585585585584
1998-03-04,41.49369369369369
1998-03-05,41.401801801801795
1998-03-06,41.309909909909905
1998-03-07,41.218018018018014
1998-03-08,41.126126126126124
1998-03-09,41.03423423423423
1998-03-10,40.94234234234234
1998-03-11,40.850450450450445
1998-03-12,40.758558558558555
1998-03-13,40.666666666666664
1998-03-14,40.51403508771929
1998-03-15,40.36140350877193
1998-03-16,40.20877192982456
1998-03-17,40.05614035087719
1998-03-18,39.90350877192982
1998-03-19,39.75087719298246
1998-03-20,39.598245614035086
1998-03-21,39.445614035087715
1998-03-22,39.29298245614035
1998-03-23,39.14035087719298
1998-03-24,38.987719298245615
1998-03-25,38.835087719298244
1998-03-26,38.68245614035087
1998-03-27,38.52982456140351
1998-03-28,38.37719298245614
1998-03-29,38.22456140350877
1998-03-30,38.0719298245614
1998-03-31,37.91929824561404
1998-04-01,37.766666666666666
1998-04-02,37.730496453900706
1998-04-03,37.69432624113475
1998-04-04,37.65815602836879
1998-04-05,37.621985815602834
1998-04-06,37.58581560283688
1998-04-07,37.54964539007092
1998-04-08,37.51347517730496
1998-04-09,37.47730496453901
1998-04-10,37.44113475177305
1998-04-11,37.40496453900709
1998-04-12,37.36879432624114
1998-04-13,37.33262411347518
1998-04-14,37.29645390070922
1998-04-15,37.26028368794326
1998-04-16,37.224113475177305
1998-04-17,37.187943262411345
1998-04-18,37.151773049645385
1998-04-19,37.11560283687943
1998-04-20,37.07943262411347
1998-04-21,37.04326241134751
1998-04-22,37.00709219858156
1998-04-23,36.9709219858156
1998-04-24,36.93475177304964
1998-04-25,36.89858156028369
1998-04-26,36.86241134751773
1998-04-27,36.82624113475177
1998-04-28,36.790070921985816
1998-04-29,36.753900709219856
1998-04-30,36.717730496453896
1998-05-01,36.68156028368794
1998-05-02,36.645390070921984
1998-05-03,36.609219858156024
1998-05-04,36.57304964539007
1998-05-05,36.53687943262411
1998-05-06,36.50070921985815
1998-05-07,36.46453900709219
1998-05-08,36.42836879432624
1998-05-09,36.39219858156028
1998-05-10,36.35602836879432
1998-05-11,36.31985815602837
1998-05-12,36.28368794326241
1998-05-13,36.24751773049645
1998-05-14,36.211347517730495
1998-05-15,36.175177304964535
1998-05-16,36.139007092198575
1998-05-17,36.10283687943262
1998-05-18,36.06666666666666
1998-05-19,35.83055555555555
1998-05-20,35.59444444444444
1998-05-21,35.35833333333333
1998-05-22,35.12222222222222
1998-05-23,34.886111111111106
1998-05-24,34.65
1998-05-25,34.413888888888884
1998-05-26,34.17777777777778
1998-05-27,33.94166666666666
1998-05-28,33.705555555555556
1998-05-29,33.46944444444444
1998-05-30,33.233333333333334
1998-05-31,32.99722222222222
1998-06-01,32.76111111111111
1998-06-02,32.525
1998-06-03,32.28888888888889
1998-06-04,32.05277777777778
1998-06-05,31.816666666666666
1998-06-06,31.580555555555556
1998-06-07,31.344444444444445
1998-06-08,31.108333333333334
1998-06-09,30.872222222222224
1998-06-10,30.636111111111113
1998-06-11,30.400000000000002
1998-06-12,30.60277777777778
1998-06-13,30.805555555555557
1998-06-14,31.008333333333336
1998-06-15,31.211111111111112
1998-06-16,31.41388888888889
1998-06-17,31.616666666666667
1998-06-18,31.819444444444446
1998-06-19,32.022222222222226
1998-06-20,32.225
1998-06-21,32.42777777777778
1998-06-22,32.63055555555556
1998-06-23,32.833333333333336
1998-06-24,32.66666666666667
1998-06-25,32.5
1998-06-26,32.333333333333336
1998-06-27,32.16666666666667
1998-06-28,32.0
1998-06-29,31.833333333333336
1998-06-30,31.666666666666668
1998-07-01,31.5
1998-07-02,31.333333333333336
1998-07-03,31.166666666666668
1998-07-04,31.0
1998-07-05,30.833333333333336
1998-07-06,30.666666666666668
1998-07-07,30.5
1998-07-08,29.795238095238094
1998-07-09,29.090476190476192
1998-07-10,28.385714285714286
1998-07-11,27.68095238095238
1998-07-12,26.976190476190474
1998-07-13,26.271428571428572
1998-07-14,25.566666666666666
1998-07-15,26.304761904761904
1998-07-16,27.042857142857144
1998-07-17,27.78095238095238
1998-07-18,28.51904761904762
1998-07-19,29.257142857142856
1998-07-20,29.995238095238097
1998-07-21,30.733333333333334
1998-07-22,29.95714285714286
1998-07-23,29.18095238095238
1998-07-24,28.404761904761905
1998-07-25,27.62857142857143
1998-07-26,26.852380952380955
1998-07-27,26.076190476190476
1998-07-28,25.3
1998-07-29,25.593650793650795
1998-07-30,25.88730158730159
1998-07-31,26.18095238095238
1998-08-01,26.474603174603175
1998-08-02,26.76825396825397
1998-08-03,27.061904761904763
1998-08-04,27.355555555555554
1998-08-05,27.64920634920635
1998-08-06,27.942857142857143
1998-08-07,28.236507936507937
1998-08-08,28.53015873015873
1998-08-09,28.823809523809523
1998-08-10,29.117460317460317
1998-08-11,29.41111111111111
1998-08-12,29.704761904761902
1998-08-13,29.998412698412697
1998-08-14,30.29206349206349
1998-08-15,30.585714285714285
1998-08-16,30.87936507936508
1998-08-17,31.17301587301587
1998-08-18,31.466666666666665
1998-08-19,30.435714285714283
1998-08-20,29.404761904761905
1998-08-21,28.373809523809523
1998-08-22,27.34285714285714
1998-08-23,26.31190476190476
1998-08-24,25.280952380952378
1998-08-25,24.25
1998-08-26,23.21904761904762
1998-08-27,22.188095238095237
1998-08-28,21.15714285714286
1998-08-29,20.126190476190473
1998-08-30,19.095238095238095
1998-08-31,18.064285714285713
1998-09-01,17.03333333333333
1998-09-02,16.002380952380953
1998-09-03,14.971428571428572
1998-09-04,13.94047619047619
1998-09-05,12.909523809523808
1998-09-06,11.878571428571426
1998-09-07,10.847619047619048
1998-09-08,9.816666666666666
1998-09-09,10.011494252873563
1998-09-10,10.20632183908046
1998-09-11,10.401149425287356
1998-09-12,10.595977011494252
1998-09-13,10.790804597701149
1998-09-14,10.985632183908045
1998-09-15,11.180459770114943
1998-09-16,11.37528735632184
1998-09-17,11.570114942528736
1998-09-18,11.764942528735633
1998-09-19,11.959770114942529
1998-09-20,12.154597701149426
1998-09-21,12.349425287356322
1998-09-22,12.544252873563218
1998-09-23,12.739080459770115
1998-09-24,12.933908045977011
1998-09-25,13.128735632183908
1998-09-26,13.323563218390804
1998-09-27,13.5183908045977
1998-09-28,13.713218390804599
1998-09-29,13.908045977011493
1998-09-30,14.102873563218392
1998-10-01,14.297701149425286
1998-10-02,14.492528735632185
1998-10-03,14.687356321839081
1998-10-04,14.882183908045977
1998-10-05,15.077011494252874
1998-10-06,15.27183908045977
1998-10-07,15.466666666666667
1998-10-08,15.950980392156863
1998-10-09,16.43529411764706
1998-10-10,16.919607843137257
1998-10-11,17.403921568627453
1998-10-12,17.88823529411765
1998-10-13,18.372549019607845
1998-10-14,18.85686274509804
1998-10-15,19.341176470588238
1998-10-16,19.825490196078434
1998-10-17,20.30980392156863
1998-10-18,20.794117647058826
1998-10-19,21.278431372549022
1998-10-20,21.76274509803922
1998-10-21,22.247058823529414
1998-10-22,22.73137254901961
1998-10-23,23.215686274509807
1998-10-24,23.700000000000003
1998-10-25,24.1843137254902
1998-10-26,24.668627450980395
1998-10-27,25.15294117647059
1998-10-28,25.637254901960787
1998-10-29,26.121568627450984
1998-10-30,26.60588235294118
1998-10-31,27.090196078431376
1998-11-01,27.574509803921572
1998-11-02,28.058823529411768
1998-11-03,28.543137254901964
1998-11-04,29.02745098039216
1998-11-05,29.511764705882356
1998-11-06,29.996078431372553
1998-11-07,30.48039215686275
1998-11-08,30.964705882352945
1998-11-09,31.44901960784314
1998-11-10,31.933333333333334
1998-11-11,32.02962962962963
1998-11-12,32.12592592592593
1998-11-13,32.22222222222222
1998-11-14,32.318518518518516
1998-11-15,32.41481481481482
1998-11-16,32.51111111111111
1998-11-17,32.60740740740741
1998-11-18,32.7037037037037
1998-11-19,32.8
1998-11-20,32.8962962962963
1998-11-21,32.992592592592594
1998-11-22,33.08888888888889
1998-11-23,33.18518518518518
1998-11-24,33.28148148148148
1998-11-25,33.37777777777778
1998-11-26,33.474074074074075
1998-11-27,33.57037037037037
1998-11-28,33.666666666666664
1998-11-29,33.76296296296296
1998-11-30,33.85925925925926
1998-12-01,33.955555555555556
1998-12-02,34.05185185185185
1998-12-03,34.148148148148145
1998-12-04,34.24444444444444
1998-12-05,34.34074074074074
1998-12-06,34.43703703703704
1998-12-07,34.53333333333333
1998-12-08,34.66904761904762
1998-12-09,34.804761904761904
1998-12-10,34.94047619047619
1998-12-11,35.076190476190476
1998-12-12,35.21190476190476
1998-12-13,35.34761904761905
1998-12-14,35.483333333333334
1998-12-15,35.61904761904762
1998-12-16,35.75476190476191
1998-12-17,35.89047619047619
1998-12-18,36.02619047619047
1998-12-19,36.16190476190476
1998-12-20,36.297619047619044
1998-12-21,36.43333333333333
1998-12-22,36.569047619047616
1998-12-23,36.7047619047619
1998-12-24,36.84047619047619
1998-12-25,36.976190476190474
1998-12-26,37.11190476190476
1998-12-27,37.24761904761905
1998-12-28,37.38333333333333
1998-12-29,37.51904761904762
1998-12-30,37.654761904761905
1998-12-31,37.79047619047619
1999-01-01,37.92619047619048
1999-01-02,38.06190476190476
1999-01-03,38.19761904761905
1999-01-04,38.333333333333336
1999-01-05,38.46904761904762
1999-01-06,38.60476190476191
1999-01-07,38.74047619047619
1999-01-08,38.87619047619047
1999-01-09,39.01190476190476
1999-01-10,39.147619047619045
1999-01-11,39.28333333333333
1999-01-12,39.41904761904762
1999-01-13,39.554761904761904
1999-01-14,39.69047619047619
1999-01-15,39.826190476190476
1999-01-16,39.96190476190476
1999-01-17,40.09761904761905
1999-01-18,40.233333333333334
1999-01-19,40.266666666666666
1999-01-20,40.3
1999-01-21,40.333333333333336
1999-01-22,40.36666666666667
1999-01-23,40.4
1999-01-24,40.43333333333334
1999-01-25,40.46666666666667
1999-01-26,40.5
1999-01-27,40.53333333333333
1999-01-28,40.56666666666666
1999-01-29,40.6
1999-01-30,40.63333333333333
1999-01-31,40.666666666666664
1999-02-01,40.7
1999-02-02,40.733333333333334
1999-02-03,40.766666666666666
1999-02-04,40.8
1999-02-05,40.83333333333333
1999-02-06,40.86666666666667
1999-02-07,40.9
1999-02-08,40.93333333333333
1999-02-09,40.96666666666667
1999-02-10,41.0
1999-02-11,41.03333333333333
1999-02-12,41.06666666666666
1999-02-13,41.099999999999994
1999-02-14,41.13333333333333
1999-02-15,41.166666666666664
1999-02-16,41.06781609195402
1999-02-17,40.96896551724138
1999-02-18,40.87011494252874
1999-02-19,40.77126436781609
1999-02-20,40.672413793103445
1999-02-21,40.5735632183908
1999-02-22,40.47471264367816
1999-02-23,40.37586206896552
1999-02-24,40.277011494252875
1999-02-25,40.17816091954023
1999-02-26,40.07931034482758
1999-02-27,39.98045977011494
1999-02-28,39.8816091954023
1999-03-01,39.782758620689656
1999-03-02,39.68390804597701
1999-03-03,39.58505747126437
1999-03-04,39.48620689655173
1999-03-05,39.38735632183908
1999-03-06,39.288505747126436
1999-03-07,39.189655172413794
1999-03-08,39.09080459770115
1999-03-09,38.99195402298851
1999-03-10,38.893103448275866
1999-03-11,38.794252873563224
1999-03-12,38.69540229885058
1999-03-13,38.59655172413793
1999-03-14,38.49770114942529
1999-03-15,38.39885057471265
1999-03-16,38.300000000000004
1999-03-17,38.28555555555556
1999-03-18,38.27111111111112
1999-03-19,38.25666666666667
1999-03-20,38.242222222222225
1999-03-21,38.22777777777778
1999-03-22,38.21333333333334
1999-03-23,38.198888888888895
1999-03-24,38.184444444444445
1999-03-25,38.17
1999-03-26,38.15555555555556
1999-03-27,38.141111111111115
1999-03-28,38.12666666666667
1999-03-29,38.11222222222222
1999-03-30,38.09777777777778
1999-03-31,38.083333333333336
1999-04-01,38.06888888888889
1999-04-02,38.05444444444445
1999-04-03,38.04
1999-04-04,38.025555555555556
1999-04-05,38.01111111111111
1999-04-06,37.99666666666667
1999-04-07,37.98222222222223
1999-04-08,37.967777777777776
1999-04-09,37.95333333333333
1999-04-10,37.93888888888889
1999-04-11,37.92444444444445
1999-04-12,37.910000000000004
1999-04-13,37.89555555555555
1999-04-14,37.88111111111111
1999-04-15,37.86666666666667
1999-04-16,37.811458333333334
1999-04-17,37.75625
1999-04-18,37.70104166666667
1999-04-19,37.645833333333336
1999-04-20,37.590625
1999-04-21,37.53541666666667
1999-04-22,37.48020833333334
1999-04-23,37.425
1999-04-24,37.369791666666664
1999-04-25,37.31458333333333
1999-04-26,37.259375
1999-04-27,37.204166666666666
1999-04-28,37.14895833333333
1999-04-29,37.09375
1999-04-30,37.03854166666667
1999-05-01,36.983333333333334
1999-05-02,36.928125
1999-05-03,36.87291666666667
1999-05-04,36.817708333333336
1999-05-05,36.7625
1999-05-06,36.70729166666667
1999-05-07,36.65208333333334
1999-05-08,36.596875000000004
1999-05-09,36.54166666666667
1999-05-10,36.48645833333333
1999-05-11,36.43125
1999-05-12,36.376041666666666
1999-05-13,36.32083333333333
1999-05-14,36.265625
1999-05-15,36.21041666666667
1999-05-16,36.155208333333334
1999-05-17,36.1
1999-05-18,36.03448275862069
1999-05-19,35.96896551724138
1999-05-20,35.90344827586207
1999-05-21,35.83793103448276
1999-05-22,35.772413793103446
1999-05-23,35.706896551724135
1999-05-24,35.641379310344824
1999-05-25,35.57586206896552
1999-05-26,35.51034482758621
1999-05-27,35.4448275862069
1999-05-28,35.37931034482759
1999-05-29,35.313793103448276
1999-05-30,35.248275862068965
1999-05-31,35.182758620689654
1999-06-01,35.11724137931034
1999-06-02,35.05172413793103
1999-06-03,34.98620689655172
1999-06-04,34.92068965517241
1999-06-05,34.8551724137931
1999-06-06,34.78965517241379
1999-06-07,34.72413793103448
1999-06-08,34.65862068965517
1999-06-09,34.59310344827586
1999-06-10,34.52758620689655
1999-06-11,34.46206896551724
1999-06-12,34.39655172413793
1999-06-13,34.33103448275862
1999-06-14,34.26551724137931
1999-06-15,34.199999999999996
1999-06-16,33.69819819819819
1999-06-17,33.196396396396395
1999-06-18,32.69459459459459
1999-06-19,32.19279279279279
1999-06-20,31.690990990990986
1999-06-21,31.189189189189186
1999-06-22,30.687387387387382
1999-06-23,30.18558558558558
1999-06-24,29.68378378378378
1999-06-25,29.181981981981977
1999-06-26,28.680180180180177
1999-06-27,28.178378378378376
1999-06-28,27.676576576576572
1999-06-29,27.17477477477477
1999-06-30,26.67297297297297
1999-07-01,26.171171171171167
1999-07-02,25.669369369369367
1999-07-03,25.167567567567566
1999-07-04,24.665765765765762
1999-07-05,24.163963963963962
1999-07-06,23.66216216216216
1999-07-07,23.160360360360357
1999-07-08,22.658558558558553
1999-07-09,22.156756756756756
1999-07-10,21.654954954954952
1999-07-11,21.15315315315315
1999-07-12,20.65135135135135
1999-07-13,20.149549549549548
1999-07-14,19.647747747747744
1999-07-15,19.145945945945943
1999-07-16,18.644144144144143
1999-07-17,18.14234234234234
1999-07-18,17.640540540540538
1999-07-19,17.138738738738738
1999-07-20,16.636936936936934
1999-07-21,16.135135135135133
1999-07-22,15.633333333333335
1999-07-23,15.701587301587303
1999-07-24,15.76984126984127
1999-07-25,15.838095238095239
1999-07-26,15.906349206349207
1999-07-27,15.974603174603175
1999-07-28,16.042857142857144
1999-07-29,16.11111111111111
1999-07-30,16.17936507936508
1999-07-31,16.247619047619047
1999-08-01,16.315873015873017
1999-08-02,16.384126984126986
1999-08-03,16.452380952380953
1999-08-04,16.520634920634922
1999-08-05,16.58888888888889
1999-08-06,16.65714285714286
1999-08-07,16.725396825396825
1999-08-08,16.793650793650794
1999-08-09,16.86190476190476
1999-08-10,16.93015873015873
1999-08-11,16.998412698412697
1999-08-12,17.066666666666666
1999-08-13,16.862745098039216
1999-08-14,16.658823529411766
1999-08-15,16.454901960784312
1999-08-16,16.250980392156862
1999-08-17,16.04705882352941
1999-08-18,15.843137254901961
1999-08-19,15.63921568627451
1999-08-20,15.435294117647059
1999-08-21,15.231372549019607
1999-08-22,15.027450980392157
1999-08-23,14.823529411764707
1999-08-24,14.619607843137254
1999-08-25,14.415686274509804
1999-08-26,14.211764705882352
1999-08-27,14.007843137254902
1999-08-28,13.803921568627452
1999-08-29,13.6
1999-08-30,13.39607843137255
1999-08-31,13.192156862745097
1999-09-01,12.988235294117647
1999-09-02,12.784313725490197
1999-09-03,12.580392156862745
1999-09-04,12.376470588235293
1999-09-05,12.172549019607843
1999-09-06,11.968627450980392
1999-09-07,11.764705882352942
1999-09-08,11.56078431372549
1999-09-09,11.356862745098038
1999-09-10,11.152941176470588
1999-09-11,10.949019607843137
1999-09-12,10.745098039215687
1999-09-13,10.541176470588235
1999-09-14,10.337254901960783
1999-09-15,10.133333333333333
1999-09-16,10.497297297297298
1999-09-17,10.86126126126126
1999-09-18,11.225225225225225
1999-09-19,11.58918918918919
1999-09-20,11.953153153153153
1999-09-21,12.317117117117117
1999-09-22,12.681081081081082
1999-09-23,13.045045045045045
1999-09-24,13.40900900900901
1999-09-25,13.772972972972974
1999-09-26,14.136936936936937
1999-09-27,14.500900900900902
1999-09-28,14.864864864864867
1999-09-29,15.228828828828831
1999-09-30,15.592792792792794
1999-10-01,15.956756756756757
1999-10-02,16.320720720720722
1999-10-03,16.684684684684687
1999-10-04,17.04864864864865
1999-10-05,17.412612612612616
1999-10-06,17.77657657657658
1999-10-07,18.14054054054054
1999-10-08,18.504504504504506
1999-10-09,18.86846846846847
1999-10-10,19.232432432432436
1999-10-11,19.5963963963964
1999-10-12,19.96036036036036
1999-10-13,20.32432432432433
1999-10-14,20.68828828828829
1999-10-15,21.052252252252256
1999-10-16,21.41621621621622
1999-10-17,21.78018018018018
1999-10-18,22.14414414414415
1999-10-19,22.50810810810811
1999-10-20,22.872072072072076
1999-10-21,23.23603603603604
1999-10-22,23.600000000000005
1999-10-23,23.8236559139785
1999-10-24,24.047311827956992
1999-10-25,24.27096774193549
1999-10-26,24.494623655913983
1999-10-27,24.718279569892477
1999-10-28,24.94193548387097
1999-10-29,25.165591397849465
1999-10-30,25.389247311827962
1999-10-31,25.612903225806456
1999-11-01,25.83655913978495
1999-11-02,26.060215053763443
1999-11-03,26.283870967741937
1999-11-04,26.507526881720434
1999-11-05,26.731182795698928
1999-11-06,26.95483870967742
1999-11-07,27.178494623655915
1999-11-08,27.40215053763441
1999-11-09,27.625806451612902
1999-11-10,27.8494623655914
1999-11-11,28.073118279569893
1999-11-12,28.296774193548387
1999-11-13,28.52043010752688
1999-11-14,28.744086021505375
1999-11-15,28.967741935483872
1999-11-16,29.191397849462366
1999-11-17,29.41505376344086
1999-11-18,29.638709677419353
1999-11-19,29.862365591397847
1999-11-20,30.086021505376344
1999-11-21,30.309677419354838
1999-11-22,30.53333333333333
1999-11-23,30.798412698412697
1999-11-24,31.063492063492063
1999-11-25,31.328571428571426
1999-11-26,31.59365079365079
1999-11-27,31.858730158730157
1999-11-28,32.12380952380952
1999-11-29,32.388888888888886
1999-11-30,32.65396825396825
1999-12-01,32.91904761904762
1999-12-02,33.18412698412698
1999-12-03,33.44920634920635
1999-12-04,33.714285714285715
1999-12-05,33.97936507936508
1999-12-06,34.24444444444445
1999-12-07,34.50952380952381
1999-12-08,34.77460317460317
1999-12-09,35.03968253968254
1999-12-10,35.304761904761904
1999-12-11,35.56984126984127
1999-12-12,35.834920634920636
1999-12-13,36.1
1999-12-14,36.14190476190476
1999-12-15,36.18380952380952
1999-12-16,36.22571428571429
1999-12-17,36.26761904761905
1999-12-18,36.30952380952381
1999-12-19,36.35142857142857
1999-12-20,36.39333333333334
1999-12-21,36.4352380952381
1999-12-22,36.47714285714286
1999-12-23,36.51904761904762
1999-12-24,36.560952380952386
1999-12-25,36.60285714285715
1999-12-26,36.64476190476191
1999-12-27,36.68666666666667
1999-12-28,36.72857142857143
1999-12-29,36.770476190476195
1999-12-30,36.812380952380956
1999-12-31,36.854285714285716
2000-01-01,36.896190476190476
2000-01-02,36.938095238095244
2000-01-03,36.980000000000004
2000-01-04,37.021904761904764
2000-01-05,37.063809523809525
2000-01-06,37.105714285714285
2000-01-07,37.14761904761905
2000-01-08,37.18952380952381
2000-01-09,37.23142857142857
2000-01-10,37.27333333333333
2000-01-11,37.3152380952381
2000-01-12,37.35714285714286
2000-01-13,37.39904761904762
2000-01-14,37.44095238095238
2000-01-15,37.48285714285715
2000-01-16,37.52476190476191
2000-01-17,37.56666666666667
2000-01-18,37.55428571428572
2000-01-19,37.54190476190477
2000-01-20,37.52952380952381
2000-01-21,37.51714285714286
2000-01-22,37.50476190476191
2000-01-23,37.492380952380955
2000-01-24,37.480000000000004
2000-01-25,37.46761904761905
2000-01-26,37.455238095238094
2000-01-27,37.44285714285714
2000-01-28,37.43047619047619
2000-01-29,37.41809523809524
2000-01-30,37.40571428571429
2000-01-31,37.39333333333334
2000-02-01,37.38095238095238
2000-02-02,37.36857142857143
2000-02-03,37.35619047619048
2000-02-04,37.343809523809526
2000-02-05,37.331428571428575
2000-02-06,37.31904761904762
2000-02-07,37.306666666666665
2000-02-08,37.294285714285714
2000-02-09,37.28190476190476
2000-02-10,37.26952380952381
2000-02-11,37.25714285714286
2000-02-12,37.24476190476191
2000-02-13,37.23238095238095
2000-02-14,37.22
2000-02-15,37.20761904761905
2000-02-16,37.195238095238096
2000-02-17,37.182857142857145
2000-02-18,37.170476190476194
2000-02-19,37.158095238095235
2000-02-20,37.145714285714284
2000-02-21,37.13333333333333
2000-02-22,37.15
2000-02-23,37.166666666666664
2000-02-24,37.18333333333333
2000-02-25,37.2
2000-02-26,37.21666666666667
2000-02-27,37.233333333333334
2000-02-28,37.25
2000-02-29,37.266666666666666
2000-03-01,37.28333333333333
2000-03-02,37.3
2000-03-03,37.31666666666667
2000-03-04,37.333333333333336
2000-03-05,37.35
2000-03-06,37.36666666666667
2000-03-07,37.38333333333333
2000-03-08,37.4
2000-03-09,37.416666666666664
2000-03-10,37.43333333333334
2000-03-11,37.45
2000-03-12,37.46666666666667
2000-03-13,37.483333333333334
2000-03-14,37.5
2000-03-15,37.516666666666666
2000-03-16,37.53333333333333
2000-03-17,37.550000000000004
2000-03-18,37.56666666666667
2000-03-19,37.583333333333336
2000-03-20,37.6
2000-03-21,37.5963963963964
2000-03-22,37.59279279279279
2000-03-23,37.58918918918919
2000-03-24,37.585585585585584
2000-03-25,37.58198198198198
2000-03-26,37.57837837837838
2000-03-27,37.574774774774774
2000-03-28,37.57117117117117
2000-03-29,37.56756756756757
2000-03-30,37.563963963963964
2000-03-31,37.56036036036036
2000-04-01,37.556756756756755
2000-04-02,37.553153153153154
2000-04-03,37.54954954954955
2000-04-04,37.545945945945945
2000-04-05,37.542342342342344
2000-04-06,37.53873873873874
2000-04-07,37.535135135135135
2000-04-08,37.531531531531535
2000-04-09,37.52792792792793
2000-04-10,37.524324324324326
2000-04-11,37.520720720720725
2000-04-12,37.51711711711712
2000-04-13,37.513513513513516
2000-04-14,37.509909909909915
2000-04-15,37.50630630630631
2000-04-16,37.502702702702706
2000-04-17,37.4990990990991
2000-04-18,37.4954954954955
2000-04-19,37.491891891891896
2000-04-20,37.48828828828829
2000-04-21,37.48468468468469
2000-04-22,37.481081081081086
2000-04-23,37.47747747747748
2000-04-24,37.47387387387388
2000-04-25,37.47027027027027
2000-04-26,37.46666666666667
2000-04-27,37.3719696969697
2000-04-28,37.27727272727273
2000-04-29,37.18257575757576
2000-04-30,37.087878787878786
2000-05-01,36.99318181818182
2000-05-02,36.89848484848485
2000-05-03,36.80378787878788
2000-05-04,36.70909090909091
2000-05-05,36.61439393939394
2000-05-06,36.51969696969697
2000-05-07,36.425
2000-05-08,36.33030303030303
2000-05-09,36.23560606060606
2000-05-10,36.14090909090909
2000-05-11,36.04621212121212
2000-05-12,35.95151515151515
2000-05-13,35.856818181818184
2000-05-14,35.762121212121215
2000-05-15,35.66742424242424
2000-05-16,35.57272727272727
2000-05-17,35.4780303030303
2000-05-18,35.38333333333333
2000-05-19,35.27777777777778
2000-05-20,35.172222222222224
2000-05-21,35.06666666666666
2000-05-22,34.96111111111111
2000-05-23,34.855555555555554
2000-05-24,34.75
2000-05-25,34.644444444444446
2000-05-26,34.53888888888889
2000-05-27,34.43333333333334
2000-05-28,34.327777777777776
2000-05-29,34.22222222222222
2000-05-30,34.11666666666667
2000-05-31,34.01111111111111
2000-06-01,33.90555555555556
2000-06-02,33.8
2000-06-03,33.69444444444444
2000-06-04,33.58888888888889
2000-06-05,33.483333333333334
2000-06-06,33.37777777777778
2000-06-07,33.272222222222226
2000-06-08,33.16666666666667
2000-06-09,33.06111111111111
2000-06-10,32.955555555555556
2000-06-11,32.85
2000-06-12,32.74444444444445
2000-06-13,32.63888888888889
2000-06-14,32.53333333333333
2000-06-15,32.42777777777778
2000-06-16,32.32222222222222
2000-06-17,32.21666666666667
2000-06-18,32.111111111111114
2000-06-19,32.00555555555556
2000-06-20,31.900000000000002
2000-06-21,31.093333333333334
2000-06-22,30.28666666666667
2000-06-23,29.480000000000004
2000-06-24,28.673333333333336
2000-06-25,27.866666666666667
2000-06-26,27.060000000000002
2000-06-27,26.253333333333334
2000-06-28,25.44666666666667
2000-06-29,24.64
2000-06-30,23.833333333333336
2000-07-01,23.02666666666667
2000-07-02,22.220000000000002
2000-07-03,21.413333333333334
2000-07-04,20.60666666666667
2000-07-05,19.8
2000-07-06,18.993333333333332
2000-07-07,18.186666666666667
2000-07-08,17.380000000000003
2000-07-09,16.573333333333334
2000-07-10,15.76666666666667
2000-07-11,14.96
2000-07-12,14.153333333333336
2000-07-13,13.346666666666668
2000-07-14,12.540000000000003
2000-07-15,11.733333333333334
2000-07-16,10.926666666666666
2000-07-17,10.120000000000001
2000-07-18,9.313333333333333
2000-07-19,8.506666666666668
2000-07-20,7.699999999999999
2000-07-21,6.893333333333334
2000-07-22,6.086666666666666
2000-07-23,5.280000000000001
2000-07-24,4.473333333333333
2000-07-25,3.6666666666666665
2000-07-26,4.258064516129032
2000-07-27,4.849462365591398
2000-07-28,5.440860215053763
2000-07-29,6.032258064516128
2000-07-30,6.623655913978494
2000-07-31,7.21505376344086
2000-08-01,7.806451612903226
2000-08-02,8.39784946236559
2000-08-03,8.989247311827956
2000-08-04,9.580645161290322
2000-08-05,10.172043010752688
2000-08-06,10.763440860215052
2000-08-07,11.354838709677418
2000-08-08,11.946236559139784
2000-08-09,12.537634408602148
2000-08-10,13.129032258064514
2000-08-11,13.72043010752688
2000-08-12,14.311827956989246
2000-08-13,14.903225806451612
2000-08-14,15.494623655913976
2000-08-15,16.086021505376344
2000-08-16,16.677419354838708
2000-08-17,17.268817204301076
2000-08-18,17.86021505376344
2000-08-19,18.451612903225804
2000-08-20,19.043010752688172
2000-08-21,19.634408602150536
2000-08-22,20.225806451612904
2000-08-23,20.817204301075268
2000-08-24,21.408602150537632
2000-08-25,22.0
2000-08-26,21.554
2000-08-27,21.108
2000-08-28,20.662
2000-08-29,20.216
2000-08-30,19.77
2000-08-31,19.323999999999998
2000-09-01,18.878
2000-09-02,18.432
2000-09-03,17.986
2000-09-04,17.54
2000-09-05,17.094
2000-09-06,16.648
2000-09-07,16.201999999999998
2000-09-08,15.756
2000-09-09,15.309999999999999
2000-09-10,14.864
2000-09-11,14.418
2000-09-12,13.972
2000-09-13,13.526
2000-09-14,13.08
2000-09-15,12.634
2000-09-16,12.188
2000-09-17,11.741999999999999
2000-09-18,11.296
2000-09-19,10.85
2000-09-20,11.534408602150537
2000-09-21,12.218817204301075
2000-09-22,12.903225806451612
2000-09-23,13.58763440860215
2000-09-24,14.272043010752688
2000-09-25,14.956451612903226
2000-09-26,15.640860215053763
2000-09-27,16.3252688172043
2000-09-28,17.009677419354837
2000-09-29,17.694086021505377
2000-09-30,18.378494623655914
2000-10-01,19.06290322580645
2000-10-02,19.74731182795699
2000-10-03,20.431720430107525
2000-10-04,21.116129032258065
2000-10-05,21.800537634408602
2000-10-06,22.48494623655914
2000-10-07,23.16935483870968
2000-10-08,23.853763440860213
2000-10-09,24.538172043010753
2000-10-10,25.22258064516129
2000-10-11,25.906989247311827
2000-10-12,26.591397849462368
2000-10-13,27.2758064516129
2000-10-14,27.96021505376344
2000-10-15,28.644623655913982
2000-10-16,29.329032258064515
2000-10-17,30.013440860215056
2000-10-18,30.69784946236559
2000-10-19,31.38225806451613
2000-10-20,32.06666666666667
2000-10-21,31.92291666666667
2000-10-22,31.77916666666667
2000-10-23,31.63541666666667
2000-10-24,31.49166666666667
2000-10-25,31.34791666666667
2000-10-26,31.20416666666667
2000-10-27,31.06041666666667
2000-10-28,30.91666666666667
2000-10-29,30.77291666666667
2000-10-30,30.62916666666667
2000-10-31,30.48541666666667
2000-11-01,30.34166666666667
2000-11-02,30.197916666666668
2000-11-03,30.05416666666667
2000-11-04,29.91041666666667
2000-11-05,29.76666666666667
2000-11-06,29.62291666666667
2000-11-07,29.479166666666668
2000-11-08,29.335416666666667
2000-11-09,29.19166666666667
2000-11-10,29.04791666666667
2000-11-11,28.90416666666667
2000-11-12,28.760416666666668
2000-11-13,28.616666666666667
2000-11-14,28.47291666666667
2000-11-15,28.32916666666667
2000-11-16,28.18541666666667
2000-11-17,28.041666666666668
2000-11-18,27.897916666666667
2000-11-19,27.75416666666667
2000-11-20,27.61041666666667
2000-11-21,27.46666666666667
2000-11-22,27.81904761904762
2000-11-23,28.171428571428574
2000-11-24,28.523809523809526
2000-11-25,28.876190476190477
2000-11-26,29.22857142857143
2000-11-27,29.580952380952382
2000-11-28,29.933333333333337
2000-11-29,30.28571428571429
2000-11-30,30.63809523809524
2000-12-01,30.990476190476194
2000-12-02,31.342857142857145
2000-12-03,31.695238095238096
2000-12-04,32.04761904761905
2000-12-05,32.400000000000006
2000-12-06,32.75238095238095
2000-12-07,33.10476190476191
2000-12-08,33.457142857142856
2000-12-09,33.80952380952381
2000-12-10,34.161904761904765
2000-12-11,34.51428571428572
2000-12-12,34.86666666666667
2000-12-13,35.21904761904762
2000-12-14,35.57142857142858
2000-12-15,35.923809523809524
2000-12-16,36.27619047619048
2000-12-17,36.62857142857143
2000-12-18,36.98095238095238
2000-12-19,37.333333333333336
2000-12-20,37.254320987654324
2000-12-21,37.17530864197531
2000-12-22,37.096296296296295
2000-12-23,37.01728395061728
2000-12-24,36.93827160493827
2000-12-25,36.85925925925926
2000-12-26,36.78024691358025
2000-12-27,36.70123456790124
2000-12-28,36.62222222222222
2000-12-29,36.54320987654321
2000-12-30,36.4641975308642
2000-12-31,36.385185185185186
2001-01-01,36.306172839506175
2001-01-02,36.22716049382716
2001-01-03,36.148148148148145
2001-01-04,36.069135802469134
2001-01-05,35.99012345679012
2001-01-06,35.91111111111111
2001-01-07,35.83209876543209
2001-01-08,35.75308641975308
2001-01-09,35.67407407407407
2001-01-10,35.59506172839506
2001-01-11,35.51604938271605
2001-01-12,35.43703703703704
2001-01-13,35.35802469135802
2001-01-14,35.27901234567901
2001-01-15,35.199999999999996
2001-01-16,35.32104761904761
2001-01-17,35.442095238095234
2001-01-18,35.56314285714285
2001-01-19,35.68419047619047
2001-01-20,35.80523809523809
2001-01-21,35.92628571428571
2001-01-22,36.04733333333333
2001-01-23,36.16838095238095
2001-01-24,36.289428571428566
2001-01-25,36.41047619047619
2001-01-26,36.531523809523804
2001-01-27,36.65257142857143
2001-01-28,36.77361904761904
2001-01-29,36.894666666666666
2001-01-30,37.01571428571428
2001-01-31,37.136761904761904
2001-02-01,37.25780952380952
2001-02-02,37.37885714285714
2001-02-03,37.49990476190476
2001-02-04,37.62095238095238
2001-02-05,37.742
2001-02-06,37.86304761904762
2001-02-07,37.984095238095236
2001-02-08,38.10514285714286
2001-02-09,38.226190476190474
2001-02-10,38.3472380952381
2001-02-11,38.46828571428571
2001-02-12,38.589333333333336
2001-02-13,38.71038095238095
2001-02-14,38.831428571428575
2001-02-15,38.95247619047619
2001-02-16,39.073523809523806
2001-02-17,39.19457142857143
2001-02-18,39.31561904761905
2001-02-19,39.43666666666667
2001-02-20,39.51654761904762
2001-02-21,39.596428571428575
2001-02-22,39.67630952380952
2001-02-23,39.756190476190476
2001-02-24,39.83607142857143
2001-02-25,39.91595238095238
2001-02-26,39.99583333333334
2001-02-27,40.075714285714284
2001-02-28,40.15559523809524
2001-03-01,40.23547619047619
2001-03-02,40.315357142857145
2001-03-03,40.39523809523809
2001-03-04,40.475119047619046
2001-03-05,40.555
2001-03-06,40.63488095238095
2001-03-07,40.71476190476191
2001-03-08,40.794642857142854
2001-03-09,40.87452380952381
2001-03-10,40.95440476190476
2001-03-11,41.034285714285716
2001-03-12,41.11416666666667
2001-03-13,41.194047619047616
2001-03-14,41.27392857142857
2001-03-15,41.353809523809524
2001-03-16,41.43369047619048
2001-03-17,41.513571428571424
2001-03-18,41.59345238095238
2001-03-19,41.67333333333333
2001-03-20,41.56933333333333
2001-03-21,41.465333333333334
2001-03-22,41.361333333333334
2001-03-23,41.257333333333335
2001-03-24,41.15333333333333
2001-03-25,41.04933333333333
2001-03-26,40.94533333333333
2001-03-27,40.84133333333333
2001-03-28,40.73733333333333
2001-03-29,40.63333333333333
2001-03-30,40.529333333333334
2001-03-31,40.425333333333334
2001-04-01,40.321333333333335
2001-04-02,40.21733333333333
2001-04-03,40.11333333333333
2001-04-04,40.00933333333333
2001-04-05,39.90533333333333
2001-04-06,39.80133333333333
2001-04-07,39.69733333333333
2001-04-08,39.593333333333334
2001-04-09,39.489333333333335
2001-04-10,39.385333333333335
2001-04-11,39.28133333333333
2001-04-12,39.17733333333333
2001-04-13,39.07333333333333
2001-04-14,38.96933333333333
2001-04-15,38.86533333333333
2001-04-16,38.76133333333333
2001-04-17,38.657333333333334
2001-04-18,38.553333333333335
2001-04-19,38.44933333333333
2001-04-20,38.34533333333333
2001-04-21,38.24133333333333
2001-04-22,38.13733333333333
2001-04-23,38.03333333333333
2001-04-24,37.96114942528735
2001-04-25,37.888965517241374
2001-04-26,37.8167816091954
2001-04-27,37.744597701149424
2001-04-28,37.672413793103445
2001-04-29,37.600229885057466
2001-04-30,37.528045977011494
2001-05-01,37.455862068965516
2001-05-02,37.38367816091954
2001-05-03,37.31149425287356
2001-05-04,37.23931034482759
2001-05-05,37.16712643678161
2001-05-06,37.09494252873563
2001-05-07,37.02275862068965
2001-05-08,36.95057471264368
2001-05-09,36.8783908045977
2001-05-10,36.80620689655172
2001-05-11,36.73402298850574
2001-05-12,36.66183908045977
2001-05-13,36.58965517241379
2001-05-14,36.51747126436781
2001-05-15,36.445287356321835
2001-05-16,36.37310344827586
2001-05-17,36.300919540229884
2001-05-18,36.228735632183906
2001-05-19,36.15655172413793
2001-05-20,36.084367816091955
2001-05-21,36.01218390804598
2001-05-22,35.94
2001-05-23,35.919215686274505
2001-05-24,35.89843137254902
2001-05-25,35.87764705882353
2001-05-26,35.856862745098034
2001-05-27,35.83607843137255
2001-05-28,35.815294117647056
2001-05-29,35.794509803921564
2001-05-30,35.77372549019608
2001-05-31,35.752941176470586
2001-06-01,35.73215686274509
2001-06-02,35.71137254901961
2001-06-03,35.690588235294115
2001-06-04,35.66980392156862
2001-06-05,35.64901960784314
2001-06-06,35.628235294117644
2001-06-07,35.60745098039215
2001-06-08,35.58666666666666
2001-06-09,35.56588235294117
2001-06-10,35.54509803921568
2001-06-11,35.52431372549019
2001-06-12,35.5035294117647
2001-06-13,35.48274509803921
2001-06-14,35.46196078431372
2001-06-15,35.44117647058823
2001-06-16,35.42039215686274
2001-06-17,35.39960784313725
2001-06-18,35.37882352941176
2001-06-19,35.35803921568627
2001-06-20,35.337254901960776
2001-06-21,35.31647058823529
2001-06-22,35.2956862745098
2001-06-23,35.274901960784305
2001-06-24,35.25411764705882
2001-06-25,35.23333333333333
